Dataset_ID	Step	Percentage
16S_102_Bodkhe	Filtered	94.08000506943387
16S_102_Bodkhe	Filtered	89.91915289404021
16S_102_Bodkhe	Filtered	94.81337857489093
16S_102_Bodkhe	Filtered	91.00178910817695
16S_102_Bodkhe	Filtered	91.41017303597158
16S_102_Bodkhe	Filtered	93.60588337871735
16S_102_Bodkhe	Filtered	92.18835057158411
16S_102_Bodkhe	Filtered	93.51535869868876
16S_102_Bodkhe	Filtered	95.11785159260256
16S_102_Bodkhe	Filtered	96.1178996120296
16S_102_Bodkhe	Filtered	95.46464314199069
16S_102_Bodkhe	Filtered	95.15173136849462
16S_102_Bodkhe	Filtered	93.05380121986221
16S_102_Bodkhe	Filtered	94.459535032356
16S_102_Bodkhe	Filtered	89.93533377225047
16S_102_Bodkhe	Filtered	94.08401172069324
16S_102_Bodkhe	Filtered	93.20567679254341
16S_102_Bodkhe	Filtered	93.57727531953437
16S_102_Bodkhe	Filtered	93.57734595124342
16S_102_Bodkhe	Filtered	92.479882995448
16S_102_Bodkhe	Filtered	93.02438614923045
16S_102_Bodkhe	Filtered	93.0242597269347
16S_102_Bodkhe	Filtered	93.21614155582127
16S_102_Bodkhe	Filtered	93.01421157784954
16S_102_Bodkhe	Filtered	92.88210215398334
16S_102_Bodkhe	Filtered	89.09260392742628
16S_102_Bodkhe	Filtered	93.28978948331562
16S_102_Bodkhe	Filtered	92.52906704147262
16S_102_Bodkhe	Filtered	92.70296119556328
16S_102_Bodkhe	Filtered	94.53342276034498
16S_102_Bodkhe	Filtered	93.97741952264117
16S_102_Bodkhe	Filtered	95.16390790963499
16S_102_Bodkhe	Filtered	95.08885071519587
16S_102_Bodkhe	Filtered	90.43553059750545
16S_102_Bodkhe	Filtered	89.51830438288911
16S_102_Bodkhe	Filtered	89.07269796586704
16S_102_Bodkhe	Filtered	90.5603332123559
16S_102_Bodkhe	Filtered	90.75790989693505
16S_102_Bodkhe	Filtered	91.41001780858475
16S_102_Bodkhe	Filtered	90.02132866261812
16S_102_Bodkhe	Filtered	89.7402076669491
16S_102_Bodkhe	Filtered	89.93286502482127
16S_102_Bodkhe	Filtered	90.19812936535814
16S_102_Bodkhe	Filtered	88.64939281711642
16S_102_Bodkhe	Filtered	89.18232395347218
16S_102_Bodkhe	Filtered	89.72533742119155
16S_102_Bodkhe	Filtered	94.4484524604765
16S_102_Bodkhe	Filtered	89.26759381653831
16S_102_Bodkhe	Filtered	91.7694969738344
16S_102_Bodkhe	Filtered	95.84566358855959
16S_102_Bodkhe	Filtered	95.0027026231707
16S_102_Bodkhe	Filtered	94.86033982475867
16S_102_Bodkhe	Filtered	96.78969854609724
16S_102_Bodkhe	Filtered	95.68131151934509
16S_102_Bodkhe	Filtered	93.32870215716643
16S_102_Bodkhe	Filtered	93.58406659706876
16S_102_Bodkhe	Filtered	93.41469885120513
16S_102_Bodkhe	Filtered	93.14636940430032
16S_102_Bodkhe	Filtered	89.48289374591954
16S_102_Bodkhe	Filtered	93.01263475838543
16S_102_Bodkhe	Filtered	93.43361417030735
16S_102_Bodkhe	Filtered	90.40540202632818
16S_102_Bodkhe	Filtered	96.48458820571
16S_102_Bodkhe	Filtered	94.4857405907165
16S_102_Bodkhe	Filtered	90.11239956968822
16S_102_Bodkhe	Filtered	89.63193453289871
16S_102_Bodkhe	Filtered	90.3301433650747
16S_102_Bodkhe	Filtered	89.56551311745184
16S_102_Bodkhe	Filtered	89.49751005744278
16S_102_Bodkhe	Filtered	90.23203655841331
16S_102_Bodkhe	Filtered	90.49266878467623
16S_102_Bodkhe	Filtered	89.19739242751778
16S_102_Bodkhe	Filtered	89.41794659572973
16S_102_Bodkhe	Filtered	90.15781296846467
16S_102_Bodkhe	Filtered	90.85689922251433
16S_102_Bodkhe	Filtered	89.52340601530307
16S_102_Bodkhe	Filtered	89.88723615615515
16S_102_Bodkhe	Filtered	93.85534152832341
16S_102_Bodkhe	Filtered	94.58927224200731
16S_102_Bodkhe	Filtered	94.46045868007774
16S_102_Bodkhe	Filtered	88.78526413235696
16S_102_Bodkhe	Filtered	94.23335985814447
16S_102_Bodkhe	Filtered	93.64297567623684
16S_102_Bodkhe	Filtered	94.45571214316904
16S_102_Bodkhe	Filtered	97.87778979039382
16S_102_Bodkhe	Filtered	96.98989326814143
16S_102_Bodkhe	Filtered	93.90349910370041
16S_102_Bodkhe	Filtered	94.10783511000528
16S_102_Bodkhe	Filtered	92.99196617070868
16S_102_Bodkhe	Filtered	93.71153718506719
16S_102_Bodkhe	Filtered	93.86077262120818
16S_102_Bodkhe	Filtered	94.00196701358072
16S_102_Bodkhe	Filtered	93.60684665816467
16S_102_Bodkhe	Filtered	93.45086400811348
16S_102_Bodkhe	Filtered	93.15371018266438
16S_102_Bodkhe	Filtered	90.60276692418321
16S_102_Bodkhe	Filtered	92.32529963326594
16S_102_Bodkhe	Filtered	93.66661141158737
16S_102_Bodkhe	Filtered	93.15760482360082
16S_102_Bodkhe	Filtered	95.89747301851848
16S_102_Bodkhe	Filtered	89.75701717637202
16S_102_Bodkhe	Filtered	95.12058274404342
16S_119_Salamon	Filtered	65.12743402751673
16S_119_Salamon	Filtered	64.40086150633077
16S_119_Salamon	Filtered	65.28953155194243
16S_119_Salamon	Filtered	66.5857990729108
16S_119_Salamon	Filtered	63.619208422307196
16S_119_Salamon	Filtered	63.986615453495766
16S_119_Salamon	Filtered	65.36002756191863
16S_119_Salamon	Filtered	65.23768624668584
16S_119_Salamon	Filtered	66.04437002930096
16S_119_Salamon	Filtered	61.580622680956054
16S_119_Salamon	Filtered	64.96452688263955
16S_119_Salamon	Filtered	63.26309430744084
16S_119_Salamon	Filtered	66.32453063750773
16S_119_Salamon	Filtered	62.576534517067195
16S_119_Salamon	Filtered	64.22584988219455
16S_119_Salamon	Filtered	63.21296155213572
16S_119_Salamon	Filtered	64.40896314803248
16S_119_Salamon	Filtered	32.11135562592811
16S_119_Salamon	Filtered	28.77165714920102
16S_119_Salamon	Filtered	29.671367514526743
16S_119_Salamon	Filtered	65.31522633744856
16S_119_Salamon	Filtered	30.767447455328828
16S_119_Salamon	Filtered	31.26280752875401
16S_119_Salamon	Filtered	61.75516405897088
16S_119_Salamon	Filtered	28.165115963069177
16S_119_Salamon	Filtered	25.704787808142292
16S_119_Salamon	Filtered	61.374501992031874
16S_119_Salamon	Filtered	26.740681201647742
16S_119_Salamon	Filtered	60.903354736043525
16S_119_Salamon	Filtered	23.957434570031637
16S_119_Salamon	Filtered	26.37753863581196
16S_119_Salamon	Filtered	25.64102564102564
16S_119_Salamon	Filtered	28.15085818815829
16S_119_Salamon	Filtered	33.27719277690719
16S_119_Salamon	Filtered	30.31967592082957
16S_119_Salamon	Filtered	26.92264339846573
16S_119_Salamon	Filtered	64.72131625457791
16S_119_Salamon	Filtered	61.8847037526979
16S_119_Salamon	Filtered	63.808566856462356
16S_119_Salamon	Filtered	64.48064311402581
16S_119_Salamon	Filtered	66.82926017180529
16S_119_Salamon	Filtered	64.49783677069769
16S_119_Salamon	Filtered	64.35311691623858
16S_119_Salamon	Filtered	63.17772497029579
16S_119_Salamon	Filtered	64.72815065185901
16S_119_Salamon	Filtered	64.33732193732193
16S_119_Salamon	Filtered	62.16807842390787
16S_119_Salamon	Filtered	63.0036880207622
16S_119_Salamon	Filtered	62.286126346611894
16S_119_Salamon	Filtered	62.60238663484486
16S_119_Salamon	Filtered	61.66937483964765
16S_119_Salamon	Filtered	63.14506930282396
16S_119_Salamon	Filtered	59.799623223154654
16S_119_Salamon	Filtered	58.10216973358967
16S_119_Salamon	Filtered	60.752688172043015
16S_119_Salamon	Filtered	59.839932448556276
16S_119_Salamon	Filtered	58.29409996994891
16S_119_Salamon	Filtered	63.36254477460632
16S_119_Salamon	Filtered	61.61968068053092
16S_119_Salamon	Filtered	61.01121595157557
16S_119_Salamon	Filtered	64.54958169478144
16S_119_Salamon	Filtered	60.62158273381295
16S_119_Salamon	Filtered	61.967110259881785
16S_119_Salamon	Filtered	63.90995979670788
16S_119_Salamon	Filtered	62.383223684210535
16S_119_Salamon	Filtered	62.74466333058846
16S_119_Salamon	Filtered	63.773905871436675
16S_119_Salamon	Filtered	62.564202290119994
16S_119_Salamon	Filtered	64.38508504143044
16S_119_Salamon	Filtered	57.10417959275763
16S_119_Salamon	Filtered	64.67188619131122
16S_119_Salamon	Filtered	55.29632425261328
16S_119_Salamon	Filtered	64.73645600836598
16S_119_Salamon	Filtered	63.01965931463464
16S_119_Salamon	Filtered	66.22450200394807
16S_119_Salamon	Filtered	62.72870784917575
16S_119_Salamon	Filtered	59.58157524613221
16S_119_Salamon	Filtered	62.44172044338778
16S_119_Salamon	Filtered	50.61124271609635
16S_119_Salamon	Filtered	65.60739596583682
16S_119_Salamon	Filtered	62.89008175307711
16S_119_Salamon	Filtered	62.28375961249723
16S_119_Salamon	Filtered	63.39107811409354
16S_119_Salamon	Filtered	60.04356516836656
16S_119_Salamon	Filtered	61.91801128912709
16S_119_Salamon	Filtered	63.70218441433263
16S_119_Salamon	Filtered	62.70109288164437
16S_119_Salamon	Filtered	65.367002243358
16S_119_Salamon	Filtered	64.12610529020803
16S_119_Salamon	Filtered	62.01195517879206
16S_119_Salamon	Filtered	64.46218167996959
16S_119_Salamon	Filtered	49.72221565521643
16S_119_Salamon	Filtered	55.258569181431305
16S_119_Salamon	Filtered	63.00221448908573
16S_119_Salamon	Filtered	62.991819653859906
16S_119_Salamon	Filtered	48.97203218602672
16S_119_Salamon	Filtered	63.593720084242776
16S_119_Salamon	Filtered	63.06594624549737
16S_119_Salamon	Filtered	63.98471919322024
16S_119_Salamon	Filtered	61.587323115873225
16S_119_Salamon	Filtered	62.87460836398311
16S_119_Salamon	Filtered	64.36800694834722
16S_119_Salamon	Filtered	62.216100844628485
16S_119_Salamon	Filtered	45.089139126571766
16S_119_Salamon	Filtered	64.21079865464606
16S_119_Salamon	Filtered	65.93940596023207
16S_119_Salamon	Filtered	64.24533124830842
16S_119_Salamon	Filtered	64.29085012315082
16S_119_Salamon	Filtered	62.89364534794408
16S_119_Salamon	Filtered	64.34988922035554
16S_119_Salamon	Filtered	65.38566171732936
16S_119_Salamon	Filtered	56.72150518087621
16S_119_Salamon	Filtered	64.0214403096251
16S_119_Salamon	Filtered	64.75563145482639
16S_119_Salamon	Filtered	61.657871909787474
16S_119_Salamon	Filtered	63.95217351005654
16S_119_Salamon	Filtered	62.19933086811058
16S_119_Salamon	Filtered	62.767050123253895
16S_119_Salamon	Filtered	61.733131806379106
16S_1211_Milletich	Filtered	76.35191945711667
16S_1211_Milletich	Filtered	84.82027106658809
16S_1211_Milletich	Filtered	76.16572481943732
16S_1211_Milletich	Filtered	68.9532955274984
16S_1211_Milletich	Filtered	65.36885801882953
16S_1211_Milletich	Filtered	41.06599571239682
16S_1211_Milletich	Filtered	70.22975450118645
16S_1211_Milletich	Filtered	64.17189172656369
16S_1211_Milletich	Filtered	64.83202900148191
16S_1211_Milletich	Filtered	58.205797984006665
16S_1211_Milletich	Filtered	64.78610560671407
16S_1211_Milletich	Filtered	46.68126315789473
16S_1211_Milletich	Filtered	87.53565942506035
16S_1211_Milletich	Filtered	59.106596159198446
16S_1211_Milletich	Filtered	67.10423895404831
16S_1211_Milletich	Filtered	58.93354327080013
16S_1211_Milletich	Filtered	65.48500937907353
16S_1211_Milletich	Filtered	64.80791722896986
16S_1211_Milletich	Filtered	65.32629337630202
16S_1211_Milletich	Filtered	31.66192733017378
16S_1211_Milletich	Filtered	64.5630674448768
16S_1211_Milletich	Filtered	68.0846701860489
16S_1211_Milletich	Filtered	21.161637735751363
16S_1211_Milletich	Filtered	84.75664748872647
16S_1211_Milletich	Filtered	65.25224151628646
16S_1211_Milletich	Filtered	58.97514784808395
16S_1211_Milletich	Filtered	67.14151271770939
16S_1211_Milletich	Filtered	64.84501871072513
16S_1211_Milletich	Filtered	64.84301684255585
16S_1211_Milletich	Filtered	34.628898501992936
16S_1211_Milletich	Filtered	67.20835350252403
16S_1211_Milletich	Filtered	70.85279618928051
16S_1211_Milletich	Filtered	66.71535842769877
16S_1211_Milletich	Filtered	66.8156601224525
16S_1211_Milletich	Filtered	77.95795463963093
16S_1211_Milletich	Filtered	29.666562200252617
16S_1211_Milletich	Filtered	62.83533960257298
16S_1211_Milletich	Filtered	66.68579373662024
16S_1211_Milletich	Filtered	79.82116274801689
16S_1211_Milletich	Filtered	64.60214150745328
16S_1211_Milletich	Filtered	58.26865379598226
16S_1211_Milletich	Filtered	64.14864221057647
16S_1211_Milletich	Filtered	39.88894232871322
16S_1211_Milletich	Filtered	64.02492988469929
16S_1211_Milletich	Filtered	62.68339980242216
16S_1211_Milletich	Filtered	87.9979297852152
16S_1211_Milletich	Filtered	67.61947863866763
16S_1211_Milletich	Filtered	63.66321056432477
16S_1211_Milletich	Filtered	56.80208389088119
16S_1211_Milletich	Filtered	37.15548662272198
16S_1211_Milletich	Filtered	38.46623242084948
16S_1211_Milletich	Filtered	41.58419525262296
16S_1211_Milletich	Filtered	65.69037656903765
16S_1211_Milletich	Filtered	38.08687885927226
16S_1211_Milletich	Filtered	78.4212927222963
16S_1211_Milletich	Filtered	67.2851685487595
16S_1211_Milletich	Filtered	61.58734870666972
16S_1211_Milletich	Filtered	66.49906739112805
16S_1211_Milletich	Filtered	65.04201441712993
16S_1211_Milletich	Filtered	36.29687408017896
16S_1211_Milletich	Filtered	82.3592577557194
16S_1211_Milletich	Filtered	80.69089488081282
16S_1211_Milletich	Filtered	79.47132759051753
16S_1211_Milletich	Filtered	80.71448816374817
16S_1211_Milletich	Filtered	46.97668325910401
16S_1211_Milletich	Filtered	79.83470657898052
16S_1211_Milletich	Filtered	78.64480683701055
16S_1211_Milletich	Filtered	80.08313877341837
16S_1211_Milletich	Filtered	42.62202682899335
16S_1211_Milletich	Filtered	81.58429668709752
16S_1211_Milletich	Filtered	80.08111187058556
16S_1211_Milletich	Filtered	78.7219630844071
16S_1211_Milletich	Filtered	79.31655102185805
16S_1211_Milletich	Filtered	55.62047451119504
16S_1211_Milletich	Filtered	54.93031070304551
16S_1211_Milletich	Filtered	74.92634437527221
16S_1211_Milletich	Filtered	78.82736488207426
16S_1211_Milletich	Filtered	78.02797679972706
16S_1211_Milletich	Filtered	78.82229259682276
16S_1211_Milletich	Filtered	77.8191882232089
16S_1211_Milletich	Filtered	54.9219934716118
16S_1211_Milletich	Filtered	86.35121383922082
16S_1211_Milletich	Filtered	80.43994720633523
16S_1211_Milletich	Filtered	76.14812361769819
16S_1211_Milletich	Filtered	48.23785205036153
16S_1211_Milletich	Filtered	81.26374498378942
16S_1211_Milletich	Filtered	76.30181670992167
16S_1211_Milletich	Filtered	78.35815003710664
16S_1211_Milletich	Filtered	51.29546982943083
16S_1211_Milletich	Filtered	78.42566632359727
16S_1211_Milletich	Filtered	80.2304598325905
16S_1211_Milletich	Filtered	79.05372894947875
16S_1211_Milletich	Filtered	77.40667083357009
16S_1211_Milletich	Filtered	24.31749180506332
16S_1211_Milletich	Filtered	32.22551389882067
16S_1211_Milletich	Filtered	31.612548282462434
16S_1211_Milletich	Filtered	83.52013126341032
16S_1211_Milletich	Filtered	79.58923274945437
16S_1211_Milletich	Filtered	80.05117469178879
16S_1211_Milletich	Filtered	61.10099131401837
16S_1211_Milletich	Filtered	24.445302246583804
16S_1211_Milletich	Filtered	59.97276699951445
16S_1211_Milletich	Filtered	78.10974848998583
16S_1211_Milletich	Filtered	32.482787848740976
16S_1211_Milletich	Filtered	55.21095864837113
16S_1211_Milletich	Filtered	84.10111537552477
16S_1211_Milletich	Filtered	80.52023065741213
16S_1211_Milletich	Filtered	80.5317336888099
16S_1211_Milletich	Filtered	78.83241293812691
16S_1211_Milletich	Filtered	73.79406307977736
16S_1211_Milletich	Filtered	79.88005760391391
16S_1211_Milletich	Filtered	37.66087656512167
16S_1211_Milletich	Filtered	82.51100925676282
16S_1211_Milletich	Filtered	61.84931379649748
16S_1211_Milletich	Filtered	60.034937071179016
16S_1211_Milletich	Filtered	81.7918186212048
16S_1211_Milletich	Filtered	70.675751129079
16S_1211_Milletich	Filtered	63.13899424164913
16S_1211_Milletich	Filtered	54.568831804947074
16S_1211_Milletich	Filtered	49.439316586086036
16S_1211_Milletich	Filtered	56.48842376327793
16S_1211_Milletich	Filtered	78.42346651408545
16S_1211_Milletich	Filtered	27.316349245609693
16S_1211_Milletich	Filtered	83.14916099267032
16S_1211_Milletich	Filtered	81.54785593473287
16S_1211_Milletich	Filtered	80.2387838516146
16S_1211_Milletich	Filtered	87.78690584857985
16S_1211_Milletich	Filtered	82.8399021361459
16S_1211_Milletich	Filtered	78.34214685737702
16S_1211_Milletich	Filtered	65.28242110237873
16S_1211_Milletich	Filtered	76.81115489542285
16S_1211_Milletich	Filtered	77.70254021693731
16S_1211_Milletich	Filtered	81.64518109269491
16S_1211_Milletich	Filtered	78.00786230344241
16S_1211_Milletich	Filtered	28.59956928666932
16S_1211_Milletich	Filtered	78.72309393876782
16S_1211_Milletich	Filtered	71.14838247582666
16S_1211_Milletich	Filtered	76.0993929865933
16S_1211_Milletich	Filtered	76.93459115118182
16S_1211_Milletich	Filtered	78.24764946194549
16S_1211_Milletich	Filtered	76.63789703467948
16S_1211_Milletich	Filtered	78.35844503294499
16S_1211_Milletich	Filtered	79.91352767769408
16S_1211_Milletich	Filtered	78.77727240423566
16S_1211_Milletich	Filtered	83.41104203670811
16S_1211_Milletich	Filtered	58.32322670375522
16S_1211_Milletich	Filtered	82.24680783567293
16S_1211_Milletich	Filtered	74.66161432306318
16S_1211_Milletich	Filtered	84.52685950413223
16S_1211_Milletich	Filtered	60.24024210124046
16S_1211_Milletich	Filtered	77.72304249338174
16S_1211_Milletich	Filtered	77.92271054340767
16S_1211_Milletich	Filtered	30.360190623960985
16S_1211_Milletich	Filtered	75.41322841887438
16S_1211_Milletich	Filtered	81.42933285955407
16S_1211_Milletich	Filtered	79.21154149517432
16S_1211_Milletich	Filtered	19.307950139111004
16S_1211_Milletich	Filtered	80.55063145349479
16S_1211_Milletich	Filtered	80.44242081299102
16S_1211_Milletich	Filtered	77.1832068402344
16S_1211_Milletich	Filtered	79.51230192397165
16S_1211_Milletich	Filtered	81.94249718607452
16S_1211_Milletich	Filtered	23.772754079024967
16S_1211_Milletich	Filtered	81.04985203185525
16S_1211_Milletich	Filtered	75.03278258589037
16S_1211_Milletich	Filtered	80.6116975517929
16S_1211_Milletich	Filtered	80.60877350044763
16S_1211_Milletich	Filtered	81.86144473919245
16S_1211_Milletich	Filtered	79.40336562978072
16S_1211_Milletich	Filtered	82.76882134295202
16S_1211_Milletich	Filtered	80.35215342646937
16S_1211_Milletich	Filtered	75.19270146549599
16S_1211_Milletich	Filtered	79.77278630015331
16S_1211_Milletich	Filtered	81.42832832265017
16S_1211_Milletich	Filtered	54.99251020868816
16S_1211_Milletich	Filtered	48.61203175270399
16S_1211_Milletich	Filtered	26.301075838677196
16S_1211_Milletich	Filtered	82.77240677473287
16S_1211_Milletich	Filtered	75.40598978699913
16S_1211_Milletich	Filtered	56.901481674031714
16S_1211_Milletich	Filtered	81.14177717712646
16S_1211_Milletich	Filtered	82.11014117900636
16S_1211_Milletich	Filtered	47.013888888888886
16S_1211_Milletich	Filtered	80.92301050067074
16S_1211_Milletich	Filtered	75.55195642364468
16S_1211_Milletich	Filtered	76.55428364391261
16S_1211_Milletich	Filtered	81.70072115384616
16S_1211_Milletich	Filtered	87.56140350877193
16S_1211_Milletich	Filtered	80.82412860765861
16S_1211_Milletich	Filtered	87.89154188587617
16S_1211_Milletich	Filtered	87.06707004579344
16S_1211_Milletich	Filtered	75.84441567612097
16S_1211_Milletich	Filtered	85.40331568682085
16S_1211_Milletich	Filtered	87.51828673602081
16S_1211_Milletich	Filtered	83.57525000564347
16S_1211_Milletich	Filtered	82.12474094542583
16S_1211_Milletich	Filtered	87.67504695377113
16S_1211_Milletich	Filtered	87.20178212129922
16S_1211_Milletich	Filtered	80.97331341422783
16S_1211_Milletich	Filtered	87.74633847097616
16S_1211_Milletich	Filtered	86.22773731562519
16S_1211_Milletich	Filtered	23.30592649817901
16S_1211_Milletich	Filtered	85.16264541146057
16S_1211_Milletich	Filtered	87.58460707362802
16S_1211_Milletich	Filtered	86.77943089890819
16S_1211_Milletich	Filtered	87.00353281233274
16S_1211_Milletich	Filtered	83.74378861133495
16S_1211_Milletich	Filtered	77.9362970817225
16S_1211_Milletich	Filtered	78.04189341821542
16S_1211_Milletich	Filtered	86.63808251915373
16S_1211_Milletich	Filtered	76.55777553803284
16S_1211_Milletich	Filtered	27.983575651693265
16S_1211_Milletich	Filtered	74.4083044982699
16S_1211_Milletich	Filtered	32.04924103760333
16S_1211_Milletich	Filtered	87.13364820997246
16S_1211_Milletich	Filtered	87.83286010283172
16S_1211_Milletich	Filtered	87.19159151889285
16S_1211_Milletich	Filtered	86.82926098934004
16S_1211_Milletich	Filtered	86.16455928165658
16S_1211_Milletich	Filtered	71.4892937678354
16S_1211_Milletich	Filtered	87.25135756209657
16S_1211_Milletich	Filtered	87.48556248556248
16S_1211_Milletich	Filtered	86.41618161328175
16S_1211_Milletich	Filtered	59.85381395639408
16S_1211_Milletich	Filtered	31.403652910320417
16S_1211_Milletich	Filtered	36.86568684022946
16S_1211_Milletich	Filtered	77.59437153294547
16S_1211_Milletich	Filtered	86.5956407231299
16S_1211_Milletich	Filtered	82.8376143754823
16S_1211_Milletich	Filtered	83.96569646569647
16S_1211_Milletich	Filtered	85.72319099722765
16S_1211_Milletich	Filtered	34.15233415233415
16S_1211_Milletich	Filtered	78.29276071010949
16S_1211_Milletich	Filtered	26.6680968044366
16S_1211_Milletich	Filtered	82.81920221919708
16S_1211_Milletich	Filtered	29.901616303583978
16S_1211_Milletich	Filtered	85.98069806254989
16S_1211_Milletich	Filtered	77.56581647246092
16S_1211_Milletich	Filtered	82.0371064467766
16S_1211_Milletich	Filtered	27.16741844806171
16S_1211_Milletich	Filtered	85.65060528355895
16S_1211_Milletich	Filtered	51.45491639787091
16S_1211_Milletich	Filtered	81.70064357007976
16S_1211_Milletich	Filtered	82.55380312330044
16S_1211_Milletich	Filtered	82.36741119748106
16S_1211_Milletich	Filtered	83.51988395986946
16S_1211_Milletich	Filtered	83.3980155237257
16S_1211_Milletich	Filtered	30.372145743382973
16S_1211_Milletich	Filtered	81.77881641349921
16S_1211_Milletich	Filtered	59.5306518850029
16S_1211_Milletich	Filtered	77.09168864640917
16S_1211_Milletich	Filtered	83.94829124242517
16S_1211_Milletich	Filtered	80.31785497084391
16S_1211_Milletich	Filtered	82.73317795032341
16S_1211_Milletich	Filtered	83.5822905863179
16S_1211_Milletich	Filtered	70.15029126753514
16S_1211_Milletich	Filtered	84.16241345484013
16S_1211_Milletich	Filtered	56.5080895348981
16S_1211_Milletich	Filtered	74.68027803312529
16S_1211_Milletich	Filtered	81.6332581372865
16S_1211_Milletich	Filtered	78.15214956062832
16S_1211_Milletich	Filtered	83.32343166923492
16S_1211_Milletich	Filtered	84.60367014391228
16S_1211_Milletich	Filtered	83.52429216701553
16S_1211_Milletich	Filtered	83.90815579121684
16S_1211_Milletich	Filtered	59.44554249453865
16S_1211_Milletich	Filtered	79.92399693631062
16S_1211_Milletich	Filtered	83.05397946008695
16S_1211_Milletich	Filtered	80.05159071367154
16S_1211_Milletich	Filtered	80.03403212632725
16S_1211_Milletich	Filtered	67.74673116995478
16S_1211_Milletich	Filtered	83.59291048328959
16S_1211_Milletich	Filtered	79.77252539296335
16S_1211_Milletich	Filtered	81.99861081062616
16S_1211_Milletich	Filtered	79.64262423372897
16S_1211_Milletich	Filtered	71.02097902097903
16S_1211_Milletich	Filtered	71.68833058933754
16S_1211_Milletich	Filtered	80.55014342155111
16S_1211_Milletich	Filtered	58.88051554368449
16S_1211_Milletich	Filtered	79.55157346515426
16S_1211_Milletich	Filtered	64.0900994873107
16S_1211_Milletich	Filtered	55.919648356098506
16S_1211_Milletich	Filtered	79.80714067744888
16S_1211_Milletich	Filtered	80.92862233988393
16S_1211_Milletich	Filtered	78.68636142355683
16S_1211_Milletich	Filtered	80.22501654533421
16S_1211_Milletich	Filtered	78.38417065390749
16S_1211_Milletich	Filtered	79.24671643753561
16S_1211_Milletich	Filtered	39.03228583727938
16S_1211_Milletich	Filtered	79.23157331157739
16S_1211_Milletich	Filtered	76.24489968053813
16S_1211_Milletich	Filtered	76.81036826681972
16S_1211_Milletich	Filtered	76.53940545826951
16S_1211_Milletich	Filtered	72.64842310380615
16S_1211_Milletich	Filtered	46.696260013265984
16S_1211_Milletich	Filtered	77.07878122937025
16S_1211_Milletich	Filtered	15.399870914745057
16S_1211_Milletich	Filtered	78.9877516542306
16S_1211_Milletich	Filtered	77.82059516163562
16S_1211_Milletich	Filtered	81.59048802795431
16S_1211_Milletich	Filtered	72.30024160842177
16S_1211_Milletich	Filtered	62.10619634191863
16S_1211_Milletich	Filtered	80.91820967446246
16S_1211_Milletich	Filtered	79.48865452221156
16S_1211_Milletich	Filtered	74.09556818334475
16S_1211_Milletich	Filtered	78.81302680331954
16S_1211_Milletich	Filtered	79.8342201580906
16S_1211_Milletich	Filtered	80.23243907433954
16S_1211_Milletich	Filtered	77.61397906687955
16S_1211_Milletich	Filtered	66.34918671531945
16S_1211_Milletich	Filtered	74.31664216618522
16S_1211_Milletich	Filtered	77.97956867196368
16S_1211_Milletich	Filtered	57.94011472364685
16S_1211_Milletich	Filtered	77.7332183077246
16S_1211_Milletich	Filtered	73.93135863781482
16S_1211_Milletich	Filtered	75.89627294265144
16S_1211_Milletich	Filtered	78.77587758775879
16S_1211_Milletich	Filtered	80.41649496969758
16S_1211_Milletich	Filtered	79.58302289459395
16S_1211_Milletich	Filtered	60.32842314950724
16S_1211_Milletich	Filtered	78.7966638419339
16S_1211_Milletich	Filtered	81.2906975208358
16S_1211_Milletich	Filtered	79.5355235474996
16S_1211_Milletich	Filtered	87.00709976334122
16S_1211_Milletich	Filtered	77.05207961650041
16S_1211_Milletich	Filtered	80.58078631571969
16S_1211_Milletich	Filtered	81.74885435778819
16S_1211_Milletich	Filtered	80.02547060930473
16S_1211_Milletich	Filtered	81.99891604256997
16S_1211_Milletich	Filtered	79.40017436791629
16S_1211_Milletich	Filtered	80.11351021314387
16S_1211_Milletich	Filtered	50.95387951154141
16S_1211_Milletich	Filtered	80.0183152026245
16S_1211_Milletich	Filtered	81.43233513110887
16S_1211_Milletich	Filtered	84.57218059171258
16S_1211_Milletich	Filtered	60.0662571606046
16S_1211_Milletich	Filtered	56.99106174960627
16S_1211_Milletich	Filtered	81.82246468986442
16S_1211_Milletich	Filtered	81.64422220021784
16S_1211_Milletich	Filtered	58.23056245254755
16S_1211_Milletich	Filtered	82.78969032690375
16S_1211_Milletich	Filtered	81.7280933352362
16S_1211_Milletich	Filtered	84.210685453391
16S_1211_Milletich	Filtered	76.13790653114572
16S_1211_Milletich	Filtered	80.54775626816412
16S_1211_Milletich	Filtered	85.81798888205573
16S_1211_Milletich	Filtered	77.08400220889466
16S_1211_Milletich	Filtered	26.18296529968454
16S_1211_Milletich	Filtered	79.43679585007469
16S_1211_Milletich	Filtered	86.85416547816001
16S_1211_Milletich	Filtered	88.13727597465737
16S_1211_Milletich	Filtered	81.09262754392896
16S_1211_Milletich	Filtered	36.49010691901192
16S_1211_Milletich	Filtered	42.45490884274154
16S_1211_Milletich	Filtered	78.07376478775227
16S_1211_Milletich	Filtered	87.48079877112134
16S_1211_Milletich	Filtered	76.00385657224186
16S_1211_Milletich	Filtered	76.74354189748674
16S_1211_Milletich	Filtered	86.14348560348603
16S_1211_Milletich	Filtered	82.26955557729303
16S_1211_Milletich	Filtered	87.6357286737625
16S_1211_Milletich	Filtered	80.30431659374388
16S_1211_Milletich	Filtered	87.5094640774315
16S_1211_Milletich	Filtered	85.47619425362123
16S_1211_Milletich	Filtered	85.81484139861152
16S_1211_Milletich	Filtered	57.07101736182219
16S_1211_Milletich	Filtered	35.89100207767301
16S_1211_Milletich	Filtered	78.56455423021961
16S_1211_Milletich	Filtered	22.227312775330397
16S_1211_Milletich	Filtered	25.88582677165354
16S_1211_Milletich	Filtered	87.2491591928251
16S_1211_Milletich	Filtered	78.41303767031793
16S_1211_Milletich	Filtered	79.7072931730716
16S_1211_Milletich	Filtered	36.541421582101044
16S_1211_Milletich	Filtered	24.335960956165117
16S_1211_Milletich	Filtered	79.92924967417613
16S_1211_Milletich	Filtered	87.75950475237619
16S_1211_Milletich	Filtered	34.715442130630905
16S_1211_Milletich	Filtered	86.77025484239246
16S_1211_Milletich	Filtered	46.77866425676268
16S_1211_Milletich	Filtered	77.55189385833512
16S_1211_Milletich	Filtered	45.28448833245166
16S_1211_Milletich	Filtered	82.74531239647519
16S_1211_Milletich	Filtered	32.56672021557755
16S_1211_Milletich	Filtered	66.03669160602644
16S_1211_Milletich	Filtered	34.116056676513296
16S_1211_Milletich	Filtered	80.70320257450143
16S_1211_Milletich	Filtered	66.41526403700372
16S_1211_Milletich	Filtered	84.48757763975155
16S_1211_Milletich	Filtered	63.21822323462415
16S_1211_Milletich	Filtered	61.793619389143075
16S_1211_Milletich	Filtered	36.46935385153449
16S_1211_Milletich	Filtered	61.69574652012068
16S_1211_Milletich	Filtered	32.745235463784134
16S_1211_Milletich	Filtered	30.590398130948504
16S_1211_Milletich	Filtered	62.22948078887891
16S_1211_Milletich	Filtered	69.11647527536911
16S_1211_Milletich	Filtered	65.97858361235707
16S_1211_Milletich	Filtered	65.27813093617722
16S_1211_Milletich	Filtered	64.0934364978965
16S_1211_Milletich	Filtered	51.03092783505154
16S_1211_Milletich	Filtered	64.57163497849145
16S_1211_Milletich	Filtered	63.86525024143612
16S_1211_Milletich	Filtered	45.31832093841317
16S_1211_Milletich	Filtered	62.83913971775243
16S_1211_Milletich	Filtered	40.4398554873354
16S_1211_Milletich	Filtered	62.71796291170772
16S_1211_Milletich	Filtered	42.642128118399484
16S_1211_Milletich	Filtered	33.470782280867105
16S_1211_Milletich	Filtered	64.41882453411412
16S_1211_Milletich	Filtered	63.63960900977476
16S_1211_Milletich	Filtered	49.01719661923445
16S_1211_Milletich	Filtered	43.231677005208894
16S_1211_Milletich	Filtered	65.83108572637369
16S_1211_Milletich	Filtered	64.13239122350316
16S_1211_Milletich	Filtered	65.13565678597769
16S_1211_Milletich	Filtered	31.807093831911637
16S_1211_Milletich	Filtered	65.63817751722719
16S_1211_Milletich	Filtered	73.53138197174894
16S_1211_Milletich	Filtered	69.0518340178445
16S_1211_Milletich	Filtered	52.32419410347596
16S_1211_Milletich	Filtered	80.51065162907268
16S_1211_Milletich	Filtered	73.36985531675796
16S_1211_Milletich	Filtered	21.388478226901768
16S_1211_Milletich	Filtered	80.97582390015991
16S_1211_Milletich	Filtered	75.58021452599066
16S_1211_Milletich	Filtered	52.269580877938814
16S_1211_Milletich	Filtered	50.3061611843734
16S_1211_Milletich	Filtered	87.13491038451953
16S_1211_Milletich	Filtered	75.58308533462524
16S_1211_Milletich	Filtered	79.61499201716963
16S_1211_Milletich	Filtered	77.67930561900411
16S_1211_Milletich	Filtered	77.63420083328302
16S_1211_Milletich	Filtered	79.38635913529653
16S_1211_Milletich	Filtered	80.66000030164547
16S_1211_Milletich	Filtered	76.56386997607785
16S_1211_Milletich	Filtered	80.78907638504023
16S_1211_Milletich	Filtered	80.76405614151648
16S_1211_Milletich	Filtered	75.6160353070982
16S_1211_Milletich	Filtered	62.60173126548084
16S_1211_Milletich	Filtered	81.87639324871479
16S_1211_Milletich	Filtered	55.43391668594043
16S_1211_Milletich	Filtered	77.52280259113527
16S_1211_Milletich	Filtered	79.02149642607053
16S_1211_Milletich	Filtered	73.41447616991418
16S_1211_Milletich	Filtered	71.69749214906544
16S_1211_Milletich	Filtered	75.09930860365733
16S_1211_Milletich	Filtered	48.04630969609262
16S_1211_Milletich	Filtered	77.05605666537546
16S_1211_Milletich	Filtered	79.36887100829772
16S_1211_Milletich	Filtered	78.02361623616237
16S_1211_Milletich	Filtered	41.164838985383376
16S_1211_Milletich	Filtered	78.84522535004304
16S_1211_Milletich	Filtered	75.19774610696561
16S_1211_Milletich	Filtered	52.14576872553932
16S_1211_Milletich	Filtered	50.940179878686465
16S_1211_Milletich	Filtered	77.57425822360469
16S_1211_Milletich	Filtered	77.65063542183137
16S_1211_Milletich	Filtered	58.28960779132536
16S_1211_Milletich	Filtered	79.44259879264209
16S_1211_Milletich	Filtered	74.66275299917159
16S_1211_Milletich	Filtered	79.08775503708183
16S_1211_Milletich	Filtered	51.6168273022578
16S_1211_Milletich	Filtered	46.80831880747731
16S_1211_Milletich	Filtered	77.09314847220354
16S_1211_Milletich	Filtered	74.0924198170648
16S_1211_Milletich	Filtered	75.82233269783045
16S_1211_Milletich	Filtered	70.01613017763485
16S_1211_Milletich	Filtered	80.7652938723415
16S_1211_Milletich	Filtered	86.33467891811526
16S_1211_Milletich	Filtered	73.83758054217218
16S_1211_Milletich	Filtered	72.19834751449928
16S_1211_Milletich	Filtered	71.91939995268643
16S_1211_Milletich	Filtered	31.93518271539077
16S_1211_Milletich	Filtered	76.95025724892862
16S_1211_Milletich	Filtered	80.80766166511751
16S_1211_Milletich	Filtered	72.58396887759032
16S_1211_Milletich	Filtered	70.88891596837435
16S_1211_Milletich	Filtered	77.98768917480446
16S_1211_Milletich	Filtered	77.61301744454843
16S_1211_Milletich	Filtered	88.09070958302853
16S_1211_Milletich	Filtered	45.551019558017956
16S_1211_Milletich	Filtered	42.74597451751309
16S_1211_Milletich	Filtered	78.8050416239639
16S_1211_Milletich	Filtered	47.95452405611525
16S_1211_Milletich	Filtered	77.73962096095799
16S_1211_Milletich	Filtered	76.28368686291684
16S_1211_Milletich	Filtered	77.9261467716058
16S_1211_Milletich	Filtered	74.562569213732
16S_1211_Milletich	Filtered	76.20375210547714
16S_1211_Milletich	Filtered	73.34053476714689
16S_1211_Milletich	Filtered	72.79254219448934
16S_1211_Milletich	Filtered	62.14675224046432
16S_1211_Milletich	Filtered	69.14286711212686
16S_1211_Milletich	Filtered	35.96946564885496
16S_1211_Milletich	Filtered	33.97762247890792
16S_1211_Milletich	Filtered	63.57562376437652
16S_1211_Milletich	Filtered	63.32365499573015
16S_1211_Milletich	Filtered	64.58170563134804
16S_1211_Milletich	Filtered	80.17363931762794
16S_1211_Milletich	Filtered	83.18661865825315
16S_1211_Milletich	Filtered	44.26580301891157
16S_1211_Milletich	Filtered	66.15744694310023
16S_1211_Milletich	Filtered	63.315410368266214
16S_1211_Milletich	Filtered	39.175891758917594
16S_1211_Milletich	Filtered	40.039429645591675
16S_1211_Milletich	Filtered	67.29991341319996
16S_1211_Milletich	Filtered	61.93987251450861
16S_1211_Milletich	Filtered	63.43953556414481
16S_1211_Milletich	Filtered	46.3923815192322
16S_1211_Milletich	Filtered	87.79601434645258
16S_1211_Milletich	Filtered	40.19479592807535
16S_1211_Milletich	Filtered	83.05318368150655
16S_1211_Milletich	Filtered	64.6337791922928
16S_1211_Milletich	Filtered	58.85060305327827
16S_1211_Milletich	Filtered	28.787196799199798
16S_1211_Milletich	Filtered	64.93560567990926
16S_1211_Milletich	Filtered	65.63932562985414
16S_1211_Milletich	Filtered	65.83129084967321
16S_1211_Milletich	Filtered	65.6721689059501
16S_1211_Milletich	Filtered	68.86495076329912
16S_1211_Milletich	Filtered	34.293316637971515
16S_1211_Milletich	Filtered	77.81062965567723
16S_1211_Milletich	Filtered	46.25773195876289
16S_1211_Milletich	Filtered	63.8759364011619
16S_1211_Milletich	Filtered	67.60573425575922
16S_1211_Milletich	Filtered	58.404916544451424
16S_1211_Milletich	Filtered	65.56405259796617
16S_1211_Milletich	Filtered	70.9931525609422
16S_1211_Milletich	Filtered	74.6078906191789
16S_1211_Milletich	Filtered	55.381488101496515
16S_1211_Milletich	Filtered	62.42089050686083
16S_1211_Milletich	Filtered	57.33664430525185
16S_1211_Milletich	Filtered	78.99359126513174
16S_1211_Milletich	Filtered	32.76256425079489
16S_1211_Milletich	Filtered	52.08532219570405
16S_1211_Milletich	Filtered	32.90213342363698
16S_1211_Milletich	Filtered	79.48025004777114
16S_1211_Milletich	Filtered	80.58102189781022
16S_1211_Milletich	Filtered	53.611480817082345
16S_1211_Milletich	Filtered	80.55622285872678
16S_1211_Milletich	Filtered	81.43853807428549
16S_1211_Milletich	Filtered	58.78280777302336
16S_1211_Milletich	Filtered	76.23248238158978
16S_1211_Milletich	Filtered	79.68620341882524
16S_1211_Milletich	Filtered	79.93706563304262
16S_1211_Milletich	Filtered	81.27541088633171
16S_1211_Milletich	Filtered	18.277624937720685
16S_1211_Milletich	Filtered	49.37202287082191
16S_1211_Milletich	Filtered	80.87726192481148
16S_1211_Milletich	Filtered	79.06468998580087
16S_1211_Milletich	Filtered	77.71887729479381
16S_1211_Milletich	Filtered	78.58088746092393
16S_1211_Milletich	Filtered	59.22699226557747
16S_1211_Milletich	Filtered	79.6671153773573
16S_1211_Milletich	Filtered	77.43528725052197
16S_1211_Milletich	Filtered	76.34802566087822
16S_1211_Milletich	Filtered	79.47579267724605
16S_1211_Milletich	Filtered	77.4243428318975
16S_1211_Milletich	Filtered	77.27531727531728
16S_1211_Milletich	Filtered	47.18492596295768
16S_1211_Milletich	Filtered	78.43232136741956
16S_1211_Milletich	Filtered	53.62578334825425
16S_1211_Milletich	Filtered	60.82620264553304
16S_1211_Milletich	Filtered	80.67017223802114
16S_1211_Milletich	Filtered	76.9695646564984
16S_1211_Milletich	Filtered	80.7570977917981
16S_1211_Milletich	Filtered	58.3745767126856
16S_1211_Milletich	Filtered	79.94828194925525
16S_1211_Milletich	Filtered	83.01725203510445
16S_1211_Milletich	Filtered	83.7171710148958
16S_1211_Milletich	Filtered	62.129126056755155
16S_1211_Milletich	Filtered	75.85702670507189
16S_1211_Milletich	Filtered	83.80989894265211
16S_1211_Milletich	Filtered	79.64506980537264
16S_1211_Milletich	Filtered	81.01796776552904
16S_1211_Milletich	Filtered	83.02055736585096
16S_1211_Milletich	Filtered	82.55521446235183
16S_1211_Milletich	Filtered	38.00809126109076
16S_1211_Milletich	Filtered	84.42770963470258
16S_1211_Milletich	Filtered	70.5898609021402
16S_1211_Milletich	Filtered	80.22775970161098
16S_1211_Milletich	Filtered	80.10243693291773
16S_1211_Milletich	Filtered	80.69444907114382
16S_1211_Milletich	Filtered	80.8586560492807
16S_1211_Milletich	Filtered	79.73490951646002
16S_1211_Milletich	Filtered	81.63306227024619
16S_1211_Milletich	Filtered	42.42901811536495
16S_1211_Milletich	Filtered	80.59846806481417
16S_1211_Milletich	Filtered	80.7335303320007
16S_1211_Milletich	Filtered	83.01833977834683
16S_1211_Milletich	Filtered	81.94089981041272
16S_1211_Milletich	Filtered	78.65772769417303
16S_1211_Milletich	Filtered	46.267725518507625
16S_1211_Milletich	Filtered	80.26795389616787
16S_1211_Milletich	Filtered	80.54113942503936
16S_1211_Milletich	Filtered	78.13050397877984
16S_1211_Milletich	Filtered	81.31914005426843
16S_1211_Milletich	Filtered	62.10179421457342
16S_1211_Milletich	Filtered	81.96350650311156
16S_1211_Milletich	Filtered	87.51763792860167
16S_1211_Milletich	Filtered	82.03498650786266
16S_1211_Milletich	Filtered	81.21462460462794
16S_1211_Milletich	Filtered	80.4376211767499
16S_1211_Milletich	Filtered	28.42164981071144
16S_1211_Milletich	Filtered	83.0840890040387
16S_1211_Milletich	Filtered	62.53787339127131
16S_1211_Milletich	Filtered	82.10896254896193
16S_1211_Milletich	Filtered	80.15682626717582
16S_1211_Milletich	Filtered	77.4429711556589
16S_1211_Milletich	Filtered	60.43096911695392
16S_1211_Milletich	Filtered	81.47242264889324
16S_1211_Milletich	Filtered	81.72200876727163
16S_1211_Milletich	Filtered	27.992991485750267
16S_1211_Milletich	Filtered	56.832945668189524
16S_1211_Milletich	Filtered	30.37002490647668
16S_1211_Milletich	Filtered	79.59174140508222
16S_1211_Milletich	Filtered	79.40126186467334
16S_1211_Milletich	Filtered	79.63378202324672
16S_1211_Milletich	Filtered	79.22941158256526
16S_1211_Milletich	Filtered	81.49364656051455
16S_1211_Milletich	Filtered	35.81845829517375
16S_1211_Milletich	Filtered	81.2045929509005
16S_1211_Milletich	Filtered	83.69788904211308
16S_1211_Milletich	Filtered	82.18304045288359
16S_1211_Milletich	Filtered	78.54813393082247
16S_1211_Milletich	Filtered	80.58507526195416
16S_1211_Milletich	Filtered	79.9539004537924
16S_1211_Milletich	Filtered	79.4665393899898
16S_1211_Milletich	Filtered	62.442105952244574
16S_1211_Milletich	Filtered	79.14474214459246
16S_1211_Milletich	Filtered	55.718869978797784
16S_1211_Milletich	Filtered	29.12555642237621
16S_1211_Milletich	Filtered	86.9992558601017
16S_1211_Milletich	Filtered	59.79340563475226
16S_1211_Milletich	Filtered	83.69475784715195
16S_1211_Milletich	Filtered	87.44153788700585
16S_1211_Milletich	Filtered	86.81700998673442
16S_1211_Milletich	Filtered	88.0221665611553
16S_1211_Milletich	Filtered	79.90775263890441
16S_1211_Milletich	Filtered	47.04485157522568
16S_1211_Milletich	Filtered	77.59001961029749
16S_1211_Milletich	Filtered	79.59624467227277
16S_1211_Milletich	Filtered	81.95791271391641
16S_1211_Milletich	Filtered	74.52920714885451
16S_1211_Milletich	Filtered	86.28518620276245
16S_1211_Milletich	Filtered	83.45644477468421
16S_1211_Milletich	Filtered	23.738313211997422
16S_1211_Milletich	Filtered	61.099024756189046
16S_1211_Milletich	Filtered	80.15047879616964
16S_1211_Milletich	Filtered	88.50587505763757
16S_1211_Milletich	Filtered	71.34229459695707
16S_1211_Milletich	Filtered	47.16483706456911
16S_1211_Milletich	Filtered	86.90780540910814
16S_1211_Milletich	Filtered	83.15047303859852
16S_1211_Milletich	Filtered	32.46092552865461
16S_1211_Milletich	Filtered	85.7638229966359
16S_1211_Milletich	Filtered	86.3264522905389
16S_1211_Milletich	Filtered	80.48607415291822
16S_1211_Milletich	Filtered	80.9499672736649
16S_1211_Milletich	Filtered	84.16244589741228
16S_1211_Milletich	Filtered	80.68815056250656
16S_1211_Milletich	Filtered	84.5268257089
16S_1211_Milletich	Filtered	80.84412500395783
16S_1211_Milletich	Filtered	86.04992286487445
16S_1211_Milletich	Filtered	77.27737010456146
16S_1211_Milletich	Filtered	85.19864091664583
16S_1211_Milletich	Filtered	85.83901192504258
16S_1211_Milletich	Filtered	87.63780684991916
16S_1211_Milletich	Filtered	86.9137266528313
16S_1211_Milletich	Filtered	37.31908609156459
16S_1211_Milletich	Filtered	86.58199430436319
16S_1211_Milletich	Filtered	44.02808711767006
16S_1211_Milletich	Filtered	61.791682776990164
16S_1211_Milletich	Filtered	78.55781448538754
16S_1211_Milletich	Filtered	86.40329984410185
16S_1211_Milletich	Filtered	86.92005002592808
16S_1211_Milletich	Filtered	82.20233477076304
16S_1211_Milletich	Filtered	81.36580143331585
16S_1211_Milletich	Filtered	80.81964081008789
16S_1211_Milletich	Filtered	81.24269061002754
16S_1211_Milletich	Filtered	87.3325338358746
16S_1211_Milletich	Filtered	84.2960555473482
16S_1211_Milletich	Filtered	79.80841869881849
16S_1211_Milletich	Filtered	81.78145102599065
16S_1211_Milletich	Filtered	87.8921999973733
16S_1211_Milletich	Filtered	80.61760955757778
16S_1211_Milletich	Filtered	78.80253310305125
16S_1211_Milletich	Filtered	81.65247472059606
16S_1211_Milletich	Filtered	80.07322890870695
16S_1211_Milletich	Filtered	83.41742923116394
16S_1211_Milletich	Filtered	74.62522640564183
16S_1211_Milletich	Filtered	76.44822314083014
16S_1211_Milletich	Filtered	85.88345644272482
16S_1211_Milletich	Filtered	54.818315922569774
16S_1211_Milletich	Filtered	87.50040789688367
16S_1211_Milletich	Filtered	81.34912408002488
16S_1211_Milletich	Filtered	58.40155386380227
16S_1211_Milletich	Filtered	67.27450430312848
16S_1211_Milletich	Filtered	68.490178163545
16S_1211_Milletich	Filtered	81.3347384874069
16S_1211_Milletich	Filtered	51.89067468596671
16S_1211_Milletich	Filtered	81.90756443155193
16S_1211_Milletich	Filtered	79.97692643482237
16S_1211_Milletich	Filtered	79.68877824790422
16S_1211_Milletich	Filtered	67.10836973202692
16S_1211_Milletich	Filtered	82.05857125352284
16S_1211_Milletich	Filtered	81.56382792481658
16S_1211_Milletich	Filtered	82.75548862835083
16S_1211_Milletich	Filtered	82.41388089223116
16S_1211_Milletich	Filtered	84.55856017191977
16S_1211_Milletich	Filtered	80.42570951585977
16S_1211_Milletich	Filtered	84.45319521309304
16S_1211_Milletich	Filtered	70.25151777970513
16S_1211_Milletich	Filtered	83.69321069630942
16S_1211_Milletich	Filtered	81.93669622408832
16S_1211_Milletich	Filtered	57.91835495664339
16S_1211_Milletich	Filtered	81.0780380625485
16S_1211_Milletich	Filtered	82.7986883376105
16S_1211_Milletich	Filtered	84.80331916524798
16S_1211_Milletich	Filtered	73.77649373614605
16S_1211_Milletich	Filtered	57.826445284232534
16S_1211_Milletich	Filtered	77.90259167134718
16S_1211_Milletich	Filtered	86.71652154331181
16S_1211_Milletich	Filtered	85.23456790123457
16S_1211_Milletich	Filtered	67.63742806112325
16S_1211_Milletich	Filtered	70.79338320514171
16S_1211_Milletich	Filtered	85.47237841782204
16S_1211_Milletich	Filtered	80.70225583747417
16S_1211_Milletich	Filtered	68.31520962297552
16S_1211_Milletich	Filtered	70.47403405333303
16S_1211_Milletich	Filtered	81.92158495693528
16S_1211_Milletich	Filtered	80.68651912338119
16S_1211_Milletich	Filtered	80.70134210663741
16S_1211_Milletich	Filtered	75.97096910255352
16S_1211_Milletich	Filtered	82.50450352093455
16S_1211_Milletich	Filtered	83.39651541259812
16S_1211_Milletich	Filtered	82.42672008503332
16S_1211_Milletich	Filtered	81.38660557876297
16S_1211_Milletich	Filtered	82.98015863785444
16S_1211_Milletich	Filtered	68.69261507488638
16S_1211_Milletich	Filtered	67.91488598667105
16S_1211_Milletich	Filtered	65.14790450776981
16S_1211_Milletich	Filtered	65.66532684577956
16S_1211_Milletich	Filtered	63.399491264475536
16S_1211_Milletich	Filtered	79.01485522162756
16S_1211_Milletich	Filtered	41.42187811523892
16S_1211_Milletich	Filtered	63.59680486877139
16S_1211_Milletich	Filtered	54.65703327089466
16S_1211_Milletich	Filtered	66.28700924127376
16S_1211_Milletich	Filtered	62.90471495860914
16S_1211_Milletich	Filtered	65.57711144111978
16S_1211_Milletich	Filtered	59.72007876110904
16S_1211_Milletich	Filtered	40.22619851451722
16S_1211_Milletich	Filtered	62.89643660643007
16S_1211_Milletich	Filtered	78.02809209291213
16S_1211_Milletich	Filtered	80.97387437465258
16S_1211_Milletich	Filtered	79.37425308073584
16S_1211_Milletich	Filtered	79.57490213375972
16S_1211_Milletich	Filtered	81.89481355520466
16S_1211_Milletich	Filtered	63.89404573239755
16S_1211_Milletich	Filtered	79.27696813578461
16S_1211_Milletich	Filtered	80.84691159159904
16S_1211_Milletich	Filtered	66.42324065333167
16S_1211_Milletich	Filtered	81.04844314706699
16S_1211_Milletich	Filtered	79.59489714020191
16S_1211_Milletich	Filtered	56.7032967032967
16S_1211_Milletich	Filtered	81.18177922307092
16S_1211_Milletich	Filtered	69.60599194360523
16S_1211_Milletich	Filtered	25.00358834505526
16S_1211_Milletich	Filtered	67.82106037341453
16S_1211_Milletich	Filtered	66.81233974617406
16S_1211_Milletich	Filtered	60.028680996422935
16S_1211_Milletich	Filtered	29.115384615384617
16S_1211_Milletich	Filtered	76.65094907017586
16S_1211_Milletich	Filtered	28.831655350035117
16S_1211_Milletich	Filtered	27.504506406404783
16S_1211_Milletich	Filtered	30.68013667303398
16S_1211_Milletich	Filtered	70.56460298996166
16S_1211_Milletich	Filtered	66.70726700424251
16S_1211_Milletich	Filtered	32.182479109950116
16S_1211_Milletich	Filtered	64.12385448486532
16S_1211_Milletich	Filtered	69.46483608854021
16S_1211_Milletich	Filtered	31.57122758703266
16S_1211_Milletich	Filtered	27.419812123159502
16S_1211_Milletich	Filtered	31.099111595495227
16S_1211_Milletich	Filtered	71.17024311388633
16S_1211_Milletich	Filtered	66.95232896652111
16S_1211_Milletich	Filtered	70.570768166557
16S_1211_Milletich	Filtered	29.71613646626493
16S_1211_Milletich	Filtered	67.14970016530121
16S_1211_Milletich	Filtered	68.3879583773858
16S_1211_Milletich	Filtered	22.416386405502696
16S_1211_Milletich	Filtered	65.79923144340323
16S_1211_Milletich	Filtered	25.760451119666
16S_1211_Milletich	Filtered	65.87926509186352
16S_1211_Milletich	Filtered	25.219657599450663
16S_1211_Milletich	Filtered	66.80721642358472
16S_1211_Milletich	Filtered	65.58744625335342
16S_1211_Milletich	Filtered	68.64717594047993
16S_1211_Milletich	Filtered	81.68565585743501
16S_1211_Milletich	Filtered	67.28389644580956
16S_1211_Milletich	Filtered	35.23192310492973
16S_1211_Milletich	Filtered	46.46646233643758
16S_1211_Milletich	Filtered	69.07639266920704
16S_1211_Milletich	Filtered	26.78114059682039
16S_1211_Milletich	Filtered	67.77981151179998
16S_1211_Milletich	Filtered	65.82119573745703
16S_1211_Milletich	Filtered	26.256493194994583
16S_1211_Milletich	Filtered	68.18899672658358
16S_1211_Milletich	Filtered	21.268019899052256
16S_1211_Milletich	Filtered	56.40167520472647
16S_1211_Milletich	Filtered	71.86883506573167
16S_1211_Milletich	Filtered	63.88892511967027
16S_1211_Milletich	Filtered	71.57196808359599
16S_1211_Milletich	Filtered	70.29774967212477
16S_1211_Milletich	Filtered	69.23923837485428
16S_1211_Milletich	Filtered	66.14309626688465
16S_1211_Milletich	Filtered	68.24647678141193
16S_1211_Milletich	Filtered	68.05591873679975
16S_1211_Milletich	Filtered	67.49845297029702
16S_1211_Milletich	Filtered	64.12650905794494
16S_1211_Milletich	Filtered	38.58808266815618
16S_1211_Milletich	Filtered	22.53297084683017
16S_1211_Milletich	Filtered	15.611783147496377
16S_1211_Milletich	Filtered	69.44287273168169
16S_1211_Milletich	Filtered	70.46954707694314
16S_1211_Milletich	Filtered	66.37299477866674
16S_1211_Milletich	Filtered	64.26597693024452
16S_1211_Milletich	Filtered	70.70096440221245
16S_1211_Milletich	Filtered	70.39027933698738
16S_1211_Milletich	Filtered	63.433060257196814
16S_1211_Milletich	Filtered	65.57269713958341
16S_1211_Milletich	Filtered	80.70262656392411
16S_1211_Milletich	Filtered	86.34354994051328
16S_1211_Milletich	Filtered	68.7145642181324
16S_1211_Milletich	Filtered	23.372825063203294
16S_1211_Milletich	Filtered	71.362096293388
16S_1211_Milletich	Filtered	63.97876155013101
16S_1211_Milletich	Filtered	80.99348982618812
16S_1211_Milletich	Filtered	86.56438696024956
16S_1211_Milletich	Filtered	80.98842701936702
16S_1211_Milletich	Filtered	79.00796330909262
16S_1211_Milletich	Filtered	86.370141443585
16S_1211_Milletich	Filtered	79.31269023448792
16S_1211_Milletich	Filtered	81.41140803952392
16S_1211_Milletich	Filtered	86.86391036700961
16S_1211_Milletich	Filtered	87.53734863972322
16S_1211_Milletich	Filtered	78.90222984562607
16S_1211_Milletich	Filtered	83.78916787715293
16S_1211_Milletich	Filtered	88.58224376677803
16S_1211_Milletich	Filtered	51.03370150099123
16S_1211_Milletich	Filtered	80.22598304125492
16S_1211_Milletich	Filtered	86.76964790345987
16S_1211_Milletich	Filtered	88.66697049105618
16S_1211_Milletich	Filtered	60.349663960797336
16S_1211_Milletich	Filtered	88.47214353163362
16S_1211_Milletich	Filtered	76.22000893490657
16S_1211_Milletich	Filtered	79.92902707954882
16S_1211_Milletich	Filtered	35.65381860917788
16S_1211_Milletich	Filtered	33.82831045515533
16S_1211_Milletich	Filtered	79.07143957680654
16S_1211_Milletich	Filtered	79.81733434114386
16S_1211_Milletich	Filtered	79.77706418632118
16S_1211_Milletich	Filtered	22.83513688605226
16S_1211_Milletich	Filtered	77.40706360783274
16S_1211_Milletich	Filtered	30.710121651478715
16S_1211_Milletich	Filtered	77.35025835706
16S_1211_Milletich	Filtered	79.66305802213842
16S_1211_Milletich	Filtered	88.30102306225074
16S_1211_Milletich	Filtered	79.53276159103387
16S_1211_Milletich	Filtered	81.31958786347836
16S_1211_Milletich	Filtered	75.94743634870352
16S_1211_Milletich	Filtered	59.133890057584836
16S_1211_Milletich	Filtered	63.88250356446591
16S_1211_Milletich	Filtered	82.36283218189129
16S_1211_Milletich	Filtered	82.4345068827541
16S_1211_Milletich	Filtered	80.42851489626321
16S_1211_Milletich	Filtered	62.045627661301396
16S_1211_Milletich	Filtered	81.04026845637584
16S_1211_Milletich	Filtered	55.5657736364497
16S_1211_Milletich	Filtered	76.58464907226
16S_1211_Milletich	Filtered	80.37895463766239
16S_1211_Milletich	Filtered	78.41054300802118
16S_1211_Milletich	Filtered	80.49056298968794
16S_1211_Milletich	Filtered	78.34948570069564
16S_1211_Milletich	Filtered	74.92484307895606
16S_1211_Milletich	Filtered	42.95429542954295
16S_1211_Milletich	Filtered	80.00415253650772
16S_1211_Milletich	Filtered	68.35870482829989
16S_1211_Milletich	Filtered	60.126415243725425
16S_1211_Milletich	Filtered	80.29648776943282
16S_1211_Milletich	Filtered	79.72057408595253
16S_1211_Milletich	Filtered	80.57903826924824
16S_1211_Milletich	Filtered	80.90332343868226
16S_1211_Milletich	Filtered	82.795197575475
16S_1211_Milletich	Filtered	72.78380029357865
16S_1211_Milletich	Filtered	53.67113902369398
16S_1211_Milletich	Filtered	77.76295434224158
16S_1211_Milletich	Filtered	78.70575123392362
16S_1211_Milletich	Filtered	82.37407689505581
16S_1211_Milletich	Filtered	34.910175671196555
16S_1211_Milletich	Filtered	20.20026715287189
16S_1211_Milletich	Filtered	81.36010396137594
16S_1211_Milletich	Filtered	82.5882595626805
16S_1211_Milletich	Filtered	80.67839868920643
16S_1211_Milletich	Filtered	82.27732754275078
16S_1211_Milletich	Filtered	81.4429903344453
16S_1211_Milletich	Filtered	71.5182486914698
16S_1211_Milletich	Filtered	83.06096595407759
16S_1211_Milletich	Filtered	77.4365741018413
16S_1211_Milletich	Filtered	61.7701441333066
16S_1211_Milletich	Filtered	81.04117027760847
16S_1211_Milletich	Filtered	80.88927927791491
16S_1211_Milletich	Filtered	65.08698010095532
16S_1211_Milletich	Filtered	80.72092419918508
16S_1211_Milletich	Filtered	76.70429636124507
16S_1211_Milletich	Filtered	81.50922053883595
16S_1211_Milletich	Filtered	76.36498889630352
16S_1211_Milletich	Filtered	80.1201461571809
16S_1211_Milletich	Filtered	80.55274903761303
16S_1211_Milletich	Filtered	75.60988876499225
16S_1211_Milletich	Filtered	47.7134633834346
16S_1211_Milletich	Filtered	81.58319043841016
16S_1211_Milletich	Filtered	80.32671094947553
16S_1211_Milletich	Filtered	80.69849113699144
16S_1211_Milletich	Filtered	82.97119972733469
16S_1211_Milletich	Filtered	29.56089277049976
16S_1211_Milletich	Filtered	65.65420560747664
16S_1211_Milletich	Filtered	80.1594953282152
16S_1211_Milletich	Filtered	62.768168658599954
16S_1211_Milletich	Filtered	68.0251972178072
16S_1211_Milletich	Filtered	35.391109352328186
16S_1211_Milletich	Filtered	61.226006387755746
16S_1211_Milletich	Filtered	68.13510698917337
16S_1211_Milletich	Filtered	69.11216066042229
16S_1211_Milletich	Filtered	28.587440250535685
16S_1211_Milletich	Filtered	67.31303576707064
16S_1211_Milletich	Filtered	80.07412060301507
16S_1211_Milletich	Filtered	84.57584246743004
16S_1211_Milletich	Filtered	67.93534315134504
16S_1211_Milletich	Filtered	73.90938677002961
16S_1211_Milletich	Filtered	67.52279518810819
16S_1211_Milletich	Filtered	63.427097645045436
16S_1211_Milletich	Filtered	67.95381842391569
16S_1211_Milletich	Filtered	67.35842961094103
16S_1211_Milletich	Filtered	28.056184116121198
16S_1211_Milletich	Filtered	70.44704147918362
16S_1211_Milletich	Filtered	69.01995786023645
16S_1211_Milletich	Filtered	69.37001140250855
16S_1211_Milletich	Filtered	65.05509362536334
16S_1211_Milletich	Filtered	70.6183433585343
16S_1211_Milletich	Filtered	71.55861198318965
16S_1211_Milletich	Filtered	86.63234677908996
16S_1211_Milletich	Filtered	26.139303014626346
16S_1211_Milletich	Filtered	70.39765117956114
16S_1211_Milletich	Filtered	66.58396844378603
16S_1211_Milletich	Filtered	30.355898981063
16S_1211_Milletich	Filtered	70.06746792989598
16S_1211_Milletich	Filtered	64.75436018654571
16S_1211_Milletich	Filtered	68.46588114955642
16S_1211_Milletich	Filtered	30.61975563079641
16S_1211_Milletich	Filtered	63.6588287209229
16S_1211_Milletich	Filtered	34.315297489082965
16S_1211_Milletich	Filtered	76.1793206261314
16S_1211_Milletich	Filtered	63.34831875846779
16S_1211_Milletich	Filtered	66.06537733053305
16S_1211_Milletich	Filtered	60.80926287111854
16S_1211_Milletich	Filtered	66.73170972681915
16S_1211_Milletich	Filtered	64.15237007040479
16S_1211_Milletich	Filtered	70.57304250745672
16S_1211_Milletich	Filtered	62.6938176929775
16S_1211_Milletich	Filtered	68.97280270436386
16S_1211_Milletich	Filtered	15.411057692307692
16S_1211_Milletich	Filtered	62.69684881690457
16S_1211_Milletich	Filtered	77.313840661368
16S_1211_Milletich	Filtered	28.044541608342115
16S_1211_Milletich	Filtered	68.76686088275201
16S_1211_Milletich	Filtered	67.89926001748661
16S_1211_Milletich	Filtered	27.513190092931804
16S_1211_Milletich	Filtered	67.92147636203221
16S_1211_Milletich	Filtered	34.54981311211696
16S_1211_Milletich	Filtered	64.61471700452545
16S_1211_Milletich	Filtered	86.57581269804014
16S_1211_Milletich	Filtered	67.33051487241431
16S_1211_Milletich	Filtered	63.60746715260449
16S_1211_Milletich	Filtered	58.388677191072404
16S_1211_Milletich	Filtered	77.27241610646367
16S_1211_Milletich	Filtered	78.22763044772171
16S_1211_Milletich	Filtered	76.25824918502028
16S_1211_Milletich	Filtered	81.08894657740129
16S_1211_Milletich	Filtered	79.3758110319147
16S_1211_Milletich	Filtered	81.50480813542659
16S_1211_Milletich	Filtered	81.15779728841905
16S_1211_Milletich	Filtered	75.92016266235113
16S_1211_Milletich	Filtered	79.34077054076066
16S_1211_Milletich	Filtered	81.6265567149108
16S_1211_Milletich	Filtered	80.44684388485177
16S_1211_Milletich	Filtered	38.761755237324955
16S_1211_Milletich	Filtered	78.97291405302018
16S_1211_Milletich	Filtered	80.08333555206475
16S_1211_Milletich	Filtered	64.54698031275808
16S_1211_Milletich	Filtered	81.92291579388353
16S_1211_Milletich	Filtered	77.41579398393586
16S_1211_Milletich	Filtered	66.58534519271495
16S_1211_Milletich	Filtered	24.796803967488636
16S_1211_Milletich	Filtered	81.09100325990921
16S_1211_Milletich	Filtered	81.29954007241413
16S_1211_Milletich	Filtered	82.47378442888943
16S_1211_Milletich	Filtered	63.87288950982589
16S_1211_Milletich	Filtered	79.19363091833971
16S_1211_Milletich	Filtered	79.26838966202784
16S_1211_Milletich	Filtered	66.02774316258936
16S_1211_Milletich	Filtered	79.15578063669345
16S_1211_Milletich	Filtered	78.1994866153282
16S_1211_Milletich	Filtered	78.72632319203146
16S_1211_Milletich	Filtered	88.42707946774108
16S_1211_Milletich	Filtered	81.83419814166767
16S_1211_Milletich	Filtered	63.08955508879129
16S_1211_Milletich	Filtered	32.34844304296413
16S_1211_Milletich	Filtered	67.49179991799919
16S_1211_Milletich	Filtered	35.033175776135636
16S_1211_Milletich	Filtered	82.1717080239087
16S_1211_Milletich	Filtered	70.49964996825292
16S_1211_Milletich	Filtered	69.45470499157928
16S_1211_Milletich	Filtered	72.09989340642608
16S_1211_Milletich	Filtered	70.74195830385752
16S_1211_Milletich	Filtered	65.0543682039745
16S_1211_Milletich	Filtered	69.03372835004558
16S_1211_Milletich	Filtered	67.41166825701883
16S_1211_Milletich	Filtered	32.544577302286555
16S_1211_Milletich	Filtered	31.00409628805502
16S_1211_Milletich	Filtered	34.196071129317566
16S_1211_Milletich	Filtered	86.22273066717511
16S_1211_Milletich	Filtered	67.26078228602714
16S_1211_Milletich	Filtered	62.872940537258096
16S_1211_Milletich	Filtered	73.94641918468704
16S_1211_Milletich	Filtered	70.10022271714922
16S_1211_Milletich	Filtered	70.06355017172943
16S_1211_Milletich	Filtered	75.44353545075393
16S_1211_Milletich	Filtered	67.13667920401637
16S_1211_Milletich	Filtered	36.400423932941514
16S_1211_Milletich	Filtered	69.28726529569549
16S_1211_Milletich	Filtered	78.00261778496063
16S_1211_Milletich	Filtered	86.293681678628
16S_1211_Milletich	Filtered	68.58160765976397
16S_1211_Milletich	Filtered	69.08249691051029
16S_1211_Milletich	Filtered	65.05921185974462
16S_1211_Milletich	Filtered	66.53662976869687
16S_1211_Milletich	Filtered	69.8855397091329
16S_1211_Milletich	Filtered	68.60356721148469
16S_1211_Milletich	Filtered	69.96800976349414
16S_1211_Milletich	Filtered	79.11055940847884
16S_1211_Milletich	Filtered	23.75944791324351
16S_1211_Milletich	Filtered	68.7179307567028
16S_1211_Milletich	Filtered	88.13296532916947
16S_1211_Milletich	Filtered	64.4652934290756
16S_1211_Milletich	Filtered	72.66556808200184
16S_1211_Milletich	Filtered	70.2555803230633
16S_1211_Milletich	Filtered	69.4517709118312
16S_1211_Milletich	Filtered	64.69154098047183
16S_1211_Milletich	Filtered	32.40499630986034
16S_1211_Milletich	Filtered	81.35538693645722
16S_1211_Milletich	Filtered	79.35482690477933
16S_1211_Milletich	Filtered	72.90678210062799
16S_1211_Milletich	Filtered	82.50153887004696
16S_1211_Milletich	Filtered	86.49080812877341
16S_1211_Milletich	Filtered	84.18865820633994
16S_1211_Milletich	Filtered	83.34490195592355
16S_1211_Milletich	Filtered	76.69683257918552
16S_1211_Milletich	Filtered	67.08118449509233
16S_1211_Milletich	Filtered	80.75945742815219
16S_1211_Milletich	Filtered	82.46452379380898
16S_1211_Milletich	Filtered	83.77090137026015
16S_1211_Milletich	Filtered	80.21473748503186
16S_1211_Milletich	Filtered	82.42198731501057
16S_1211_Milletich	Filtered	71.25591285856876
16S_1211_Milletich	Filtered	87.46936883237301
16S_1211_Milletich	Filtered	82.54542960981965
16S_1211_Milletich	Filtered	81.57819476000572
16S_1211_Milletich	Filtered	65.85025414131837
16S_1211_Milletich	Filtered	84.9438919321385
16S_1211_Milletich	Filtered	81.85811399686247
16S_1211_Milletich	Filtered	82.56084481478426
16S_1211_Milletich	Filtered	81.64477971305817
16S_1211_Milletich	Filtered	80.91223913241593
16S_1211_Milletich	Filtered	81.97363453309842
16S_1211_Milletich	Filtered	81.75496070232913
16S_1211_Milletich	Filtered	79.63934026401634
16S_1211_Milletich	Filtered	53.59137099850866
16S_1211_Milletich	Filtered	57.74613857968763
16S_1211_Milletich	Filtered	82.56242082706856
16S_1211_Milletich	Filtered	80.62769203490133
16S_1211_Milletich	Filtered	50.69647070763453
16S_1211_Milletich	Filtered	85.87597106884543
16S_1211_Milletich	Filtered	81.03767594454439
16S_1211_Milletich	Filtered	81.37939464315727
16S_1211_Milletich	Filtered	81.35494437394871
16S_1211_Milletich	Filtered	80.70653163819169
16S_1211_Milletich	Filtered	82.64318831077601
16S_1211_Milletich	Filtered	73.30028618152085
16S_1211_Milletich	Filtered	33.503302816085295
16S_1211_Milletich	Filtered	82.48819658723373
16S_1211_Milletich	Filtered	63.18893592536271
16S_1211_Milletich	Filtered	78.93840143348119
16S_1211_Milletich	Filtered	69.1475419828716
16S_1211_Milletich	Filtered	69.45696900717913
16S_1211_Milletich	Filtered	79.71443396045122
16S_1211_Milletich	Filtered	53.64053702901689
16S_1211_Milletich	Filtered	83.80891719745223
16S_1211_Milletich	Filtered	80.59377992842381
16S_1211_Milletich	Filtered	80.14396322284055
16S_1211_Milletich	Filtered	58.99095946340041
16S_1211_Milletich	Filtered	46.06626647439552
16S_1211_Milletich	Filtered	51.99577233578447
16S_1211_Milletich	Filtered	68.91826677000921
16S_1211_Milletich	Filtered	81.25680922982372
16S_1211_Milletich	Filtered	79.47324284871262
16S_1211_Milletich	Filtered	79.95199213729492
16S_1211_Milletich	Filtered	77.91207523221601
16S_1211_Milletich	Filtered	82.63146696345277
16S_1211_Milletich	Filtered	82.3960528836942
16S_1211_Milletich	Filtered	63.54792195228796
16S_1211_Milletich	Filtered	33.98940542515298
16S_1211_Milletich	Filtered	75.57377826231217
16S_1211_Milletich	Filtered	80.45391746144934
16S_1211_Milletich	Filtered	66.81121978224765
16S_1211_Milletich	Filtered	80.61507523750086
16S_1211_Milletich	Filtered	86.12830925593059
16S_1211_Milletich	Filtered	79.2702167135771
16S_1211_Milletich	Filtered	78.71805492674187
16S_1211_Milletich	Filtered	80.38921256531924
16S_1211_Milletich	Filtered	56.413665296914026
16S_1211_Milletich	Filtered	81.17869814953302
16S_1211_Milletich	Filtered	80.67118840207014
16S_1211_Milletich	Filtered	80.33147592513215
16S_1211_Milletich	Filtered	61.92705669433843
16S_1211_Milletich	Filtered	56.414783274700454
16S_1211_Milletich	Filtered	62.00547714345903
16S_1211_Milletich	Filtered	78.58337981037367
16S_1211_Milletich	Filtered	75.0972540454114
16S_1211_Milletich	Filtered	79.72942068583671
16S_1211_Milletich	Filtered	79.12281848486829
16S_1211_Milletich	Filtered	80.89544791586705
16S_1211_Milletich	Filtered	78.1779886957449
16S_1211_Milletich	Filtered	80.89684975261477
16S_1211_Milletich	Filtered	66.30139740625313
16S_1211_Milletich	Filtered	58.39822024471635
16S_1211_Milletich	Filtered	79.43028893352867
16S_1211_Milletich	Filtered	80.89151730478903
16S_1211_Milletich	Filtered	77.72979884916145
16S_1211_Milletich	Filtered	69.64849207968979
16S_1211_Milletich	Filtered	68.8997270022392
16S_1211_Milletich	Filtered	69.55863676693168
16S_1211_Milletich	Filtered	87.84013605442176
16S_1211_Milletich	Filtered	70.38926174496645
16S_1211_Milletich	Filtered	16.82053019395274
16S_1211_Milletich	Filtered	29.544640214360268
16S_1211_Milletich	Filtered	23.856113781928208
16S_1211_Milletich	Filtered	63.05294758218795
16S_1211_Milletich	Filtered	61.69160560717077
16S_1211_Milletich	Filtered	69.38645838176268
16S_1211_Milletich	Filtered	68.35891539202053
16S_1211_Milletich	Filtered	65.05836439684289
16S_1211_Milletich	Filtered	61.55447605829285
16S_1211_Milletich	Filtered	87.09673199194118
16S_1211_Milletich	Filtered	64.99420460138772
16S_1211_Milletich	Filtered	76.9890822440399
16S_1211_Milletich	Filtered	66.29286659204233
16S_1211_Milletich	Filtered	32.23344408987729
16S_1211_Milletich	Filtered	66.27319498236892
16S_1211_Milletich	Filtered	39.5560141116954
16S_1211_Milletich	Filtered	38.43947982660887
16S_1211_Milletich	Filtered	69.92258652094718
16S_1211_Milletich	Filtered	33.28919221758175
16S_1211_Milletich	Filtered	63.71695680206319
16S_1211_Milletich	Filtered	78.28065593916817
16S_1211_Milletich	Filtered	64.4459747951243
16S_1211_Milletich	Filtered	67.10457965380297
16S_1211_Milletich	Filtered	27.351788978845654
16S_1211_Milletich	Filtered	60.46818157853113
16S_1211_Milletich	Filtered	66.71048767184594
16S_1211_Milletich	Filtered	69.50443690460655
16S_1211_Milletich	Filtered	70.14765403545388
16S_1211_Milletich	Filtered	31.432488005483204
16S_1211_Milletich	Filtered	67.52179049200218
16S_1211_Milletich	Filtered	59.07626640895547
16S_1211_Milletich	Filtered	80.01751423031213
16S_1211_Milletich	Filtered	81.30853757466998
16S_1211_Milletich	Filtered	81.97788048101906
16S_1211_Milletich	Filtered	83.02773386980888
16S_1211_Milletich	Filtered	81.04558331187226
16S_1211_Milletich	Filtered	80.46110626755788
16S_1211_Milletich	Filtered	79.45079192358844
16S_1211_Milletich	Filtered	80.5586978799292
16S_1211_Milletich	Filtered	35.03468465601731
16S_1211_Milletich	Filtered	79.91709355621461
16S_1211_Milletich	Filtered	65.80515297906602
16S_1211_Milletich	Filtered	63.68207674659795
16S_1211_Milletich	Filtered	81.03106411103768
16S_1211_Milletich	Filtered	81.44849331989728
16S_1211_Milletich	Filtered	81.59043755612672
16S_1211_Milletich	Filtered	78.22342631411662
16S_1211_Milletich	Filtered	82.67604880136986
16S_1211_Milletich	Filtered	78.74053998772756
16S_1211_Milletich	Filtered	82.29362788167859
16S_1211_Milletich	Filtered	28.935091862005414
16S_1211_Milletich	Filtered	81.82528420414866
16S_1211_Milletich	Filtered	80.64506409966708
16S_1211_Milletich	Filtered	80.63754831207032
16S_1211_Milletich	Filtered	64.67844649744372
16S_136_Nobel	Filtered	64.5454818012832
16S_136_Nobel	Filtered	66.05513258975373
16S_136_Nobel	Filtered	66.42111131759896
16S_136_Nobel	Filtered	68.40531943433105
16S_136_Nobel	Filtered	69.40529034602704
16S_136_Nobel	Filtered	68.77993707506994
16S_136_Nobel	Filtered	62.299992511420086
16S_136_Nobel	Filtered	65.91173054587689
16S_136_Nobel	Filtered	67.62405006705409
16S_136_Nobel	Filtered	68.20820541445715
16S_136_Nobel	Filtered	65.91485145967088
16S_136_Nobel	Filtered	69.6592140254112
16S_136_Nobel	Filtered	68.97544421566386
16S_136_Nobel	Filtered	70.44933630142634
16S_136_Nobel	Filtered	71.36452529426958
16S_136_Nobel	Filtered	66.13470890088928
16S_136_Nobel	Filtered	68.22378567957576
16S_136_Nobel	Filtered	65.4440848615606
16S_136_Nobel	Filtered	66.59906681711445
16S_136_Nobel	Filtered	67.89528935397331
16S_136_Nobel	Filtered	67.6785903831865
16S_136_Nobel	Filtered	71.33745087029759
16S_136_Nobel	Filtered	67.08006310786251
16S_136_Nobel	Filtered	71.25075372555776
16S_136_Nobel	Filtered	68.80412912256145
16S_136_Nobel	Filtered	69.75330458754506
16S_136_Nobel	Filtered	65.19225474901349
16S_136_Nobel	Filtered	64.4631852092118
16S_136_Nobel	Filtered	65.11010974634785
16S_136_Nobel	Filtered	69.89225857940941
16S_136_Nobel	Filtered	66.40721015977059
16S_136_Nobel	Filtered	68.15603781121023
16S_136_Nobel	Filtered	69.85689114272208
16S_136_Nobel	Filtered	66.57458033573141
16S_136_Nobel	Filtered	68.63747797441201
16S_136_Nobel	Filtered	67.11245209165784
16S_136_Nobel	Filtered	65.85551768276021
16S_136_Nobel	Filtered	67.07529338900339
16S_136_Nobel	Filtered	65.8912792702796
16S_136_Nobel	Filtered	68.34068320937273
16S_136_Nobel	Filtered	64.73214285714286
16S_136_Nobel	Filtered	70.29489386115893
16S_136_Nobel	Filtered	65.87795765877958
16S_136_Nobel	Filtered	66.57405799617989
16S_136_Nobel	Filtered	64.73970547969668
16S_136_Nobel	Filtered	67.98554494889574
16S_136_Nobel	Filtered	65.76282260699118
16S_136_Nobel	Filtered	66.56237733496502
16S_136_Nobel	Filtered	67.09702660406886
16S_136_Nobel	Filtered	63.624728193553715
16S_136_Nobel	Filtered	65.58268434715498
16S_136_Nobel	Filtered	67.37349249700802
16S_136_Nobel	Filtered	68.3048371853252
16S_136_Nobel	Filtered	65.96821644676832
16S_136_Nobel	Filtered	67.7811939533692
16S_136_Nobel	Filtered	68.39790994489336
16S_136_Nobel	Filtered	66.2423322999802
16S_136_Nobel	Filtered	67.1527853355929
16S_136_Nobel	Filtered	64.63702462979177
16S_136_Nobel	Filtered	68.08764741984176
16S_136_Nobel	Filtered	70.41272703545964
16S_136_Nobel	Filtered	66.73917468071032
16S_136_Nobel	Filtered	64.33527655339115
16S_136_Nobel	Filtered	71.01827676240208
16S_136_Nobel	Filtered	66.85802674196495
16S_136_Nobel	Filtered	65.39388166741371
16S_136_Nobel	Filtered	69.02913265644702
16S_136_Nobel	Filtered	67.22520277657708
16S_136_Nobel	Filtered	67.19685628742515
16S_136_Nobel	Filtered	67.62766645119586
16S_136_Nobel	Filtered	66.3599451592491
16S_136_Nobel	Filtered	62.661118067319734
16S_136_Nobel	Filtered	61.115571147353485
16S_136_Nobel	Filtered	62.62443154431335
16S_136_Nobel	Filtered	70.3226545277563
16S_136_Nobel	Filtered	64.25640571496044
16S_136_Nobel	Filtered	66.46439918745767
16S_136_Nobel	Filtered	64.295185305945
16S_136_Nobel	Filtered	62.89263481054038
16S_136_Nobel	Filtered	67.72079970312645
16S_136_Nobel	Filtered	67.68814186177063
16S_136_Nobel	Filtered	64.59876326681967
16S_136_Nobel	Filtered	67.82797361497313
16S_136_Nobel	Filtered	70.4697246357275
16S_136_Nobel	Filtered	60.746957911186804
16S_136_Nobel	Filtered	60.86815940506022
16S_136_Nobel	Filtered	65.49706738369258
16S_136_Nobel	Filtered	64.77644714637172
16S_136_Nobel	Filtered	67.85873825277086
16S_136_Nobel	Filtered	63.18531154276491
16S_136_Nobel	Filtered	69.10674297088828
16S_136_Nobel	Filtered	67.3697394076541
16S_136_Nobel	Filtered	68.54545999940007
16S_136_Nobel	Filtered	65.89796764827872
16S_136_Nobel	Filtered	69.15851548430383
16S_136_Nobel	Filtered	69.41617395237634
16S_136_Nobel	Filtered	67.43674874727166
16S_136_Nobel	Filtered	66.69451604301841
16S_136_Nobel	Filtered	65.43843124794317
16S_136_Nobel	Filtered	69.33682634730539
16S_136_Nobel	Filtered	68.12289418080064
16S_136_Nobel	Filtered	69.46434714971655
16S_136_Nobel	Filtered	58.66312158034675
16S_136_Nobel	Filtered	66.77008058718928
16S_136_Nobel	Filtered	66.6804362194316
16S_136_Nobel	Filtered	67.69212909217552
16S_136_Nobel	Filtered	65.71940833706857
16S_136_Nobel	Filtered	66.69621245695974
16S_136_Nobel	Filtered	64.84008714596949
16S_136_Nobel	Filtered	65.34331628926223
16S_136_Nobel	Filtered	67.52805503862854
16S_136_Nobel	Filtered	62.64328131473553
16S_136_Nobel	Filtered	65.17619546810741
16S_136_Nobel	Filtered	66.71538871597338
16S_136_Nobel	Filtered	66.70319845412858
16S_136_Nobel	Filtered	67.24041159962582
16S_136_Nobel	Filtered	68.07270549207519
16S_136_Nobel	Filtered	67.15535856347313
16S_136_Nobel	Filtered	68.67247916711295
16S_136_Nobel	Filtered	64.88276858840533
16S_136_Nobel	Filtered	63.61987069534239
16S_136_Nobel	Filtered	67.06325089991118
16S_136_Nobel	Filtered	69.58217971306317
16S_136_Nobel	Filtered	64.8774107981653
16S_136_Nobel	Filtered	65.12279297754215
16S_136_Nobel	Filtered	65.29898473099368
16S_136_Nobel	Filtered	66.19301477793893
16S_136_Nobel	Filtered	58.33945901685106
16S_136_Nobel	Filtered	67.8157818672319
16S_136_Nobel	Filtered	71.73299205720438
16S_136_Nobel	Filtered	72.41642997596679
16S_136_Nobel	Filtered	66.80040120361083
16S_136_Nobel	Filtered	68.98037900385712
16S_136_Nobel	Filtered	67.97309299036216
16S_136_Nobel	Filtered	66.06815242563687
16S_136_Nobel	Filtered	64.33798788694482
16S_179_Verdu	Filtered	96.03436625156868
16S_179_Verdu	Filtered	97.7633930268811
16S_179_Verdu	Filtered	96.80263763226499
16S_179_Verdu	Filtered	97.35197118768025
16S_179_Verdu	Filtered	96.99194073522821
16S_179_Verdu	Filtered	96.28463062850243
16S_179_Verdu	Filtered	97.20943189080243
16S_179_Verdu	Filtered	97.42076483392026
16S_179_Verdu	Filtered	97.64554609499935
16S_179_Verdu	Filtered	97.57370206104878
16S_179_Verdu	Filtered	96.87682258252653
16S_179_Verdu	Filtered	97.26307071524187
16S_179_Verdu	Filtered	98.67751383013342
16S_179_Verdu	Filtered	98.79974371751975
16S_179_Verdu	Filtered	97.67499792410528
16S_179_Verdu	Filtered	98.2681069594475
16S_179_Verdu	Filtered	98.8904763002051
16S_179_Verdu	Filtered	98.59678988326849
16S_179_Verdu	Filtered	98.77781136241178
16S_179_Verdu	Filtered	98.84770475605522
16S_179_Verdu	Filtered	98.71818912402894
16S_179_Verdu	Filtered	98.98429112278917
16S_179_Verdu	Filtered	98.9963743366087
16S_179_Verdu	Filtered	98.80011741970205
16S_179_Verdu	Filtered	98.72232247526969
16S_179_Verdu	Filtered	98.82455318294397
16S_179_Verdu	Filtered	98.82580418351205
16S_179_Verdu	Filtered	98.88837891390254
16S_179_Verdu	Filtered	98.68931593901806
16S_179_Verdu	Filtered	98.87559970268262
16S_179_Verdu	Filtered	99.02010088541428
16S_179_Verdu	Filtered	98.72063050783412
16S_179_Verdu	Filtered	98.3938164674926
16S_179_Verdu	Filtered	99.16657003710576
16S_179_Verdu	Filtered	98.67261657149339
16S_179_Verdu	Filtered	97.96005481791018
16S_179_Verdu	Filtered	98.634374210925
16S_179_Verdu	Filtered	98.0959653493234
16S_179_Verdu	Filtered	97.13617220402433
16S_179_Verdu	Filtered	98.33188866416258
16S_179_Verdu	Filtered	98.88038470715637
16S_179_Verdu	Filtered	97.56803501464827
16S_179_Verdu	Filtered	93.51481435179397
16S_179_Verdu	Filtered	95.13623384794076
16S_179_Verdu	Filtered	96.32717820612362
16S_179_Verdu	Filtered	98.00870721454919
16S_179_Verdu	Filtered	96.41607972785205
16S_179_Verdu	Filtered	96.92936698153109
16S_179_Verdu	Filtered	97.2614147374432
16S_179_Verdu	Filtered	98.83159510233345
16S_179_Verdu	Filtered	98.79590455544015
16S_179_Verdu	Filtered	98.22176616845299
16S_179_Verdu	Filtered	98.97474657656056
16S_179_Verdu	Filtered	99.17093868372795
16S_179_Verdu	Filtered	98.56754584701373
16S_179_Verdu	Filtered	98.94550958627649
16S_179_Verdu	Filtered	98.48017551111252
16S_179_Verdu	Filtered	99.13389154879285
16S_179_Verdu	Filtered	96.49906828713247
16S_179_Verdu	Filtered	99.02999867847231
16S_179_Verdu	Filtered	98.80167140385566
16S_179_Verdu	Filtered	99.06595008498864
16S_179_Verdu	Filtered	98.17413096476125
16S_179_Verdu	Filtered	97.62076557325489
16S_179_Verdu	Filtered	97.70855904658721
16S_179_Verdu	Filtered	97.53390875462392
16S_179_Verdu	Filtered	97.89514252256792
16S_179_Verdu	Filtered	97.29517702435363
16S_179_Verdu	Filtered	97.23594969496608
16S_179_Verdu	Filtered	97.87382779198636
16S_179_Verdu	Filtered	96.83823529411765
16S_179_Verdu	Filtered	97.45861996455285
16S_179_Verdu	Filtered	97.20544267496491
16S_179_Verdu	Filtered	98.32148342860762
16S_179_Verdu	Filtered	98.13879140867584
16S_179_Verdu	Filtered	97.57015637910456
16S_179_Verdu	Filtered	98.27063056490523
16S_179_Verdu	Filtered	97.48201051940927
16S_179_Verdu	Filtered	98.15179697351829
16S_179_Verdu	Filtered	97.65211109327339
16S_179_Verdu	Filtered	99.32578298847521
16S_179_Verdu	Filtered	97.2154135552642
16S_179_Verdu	Filtered	98.60379399451132
16S_179_Verdu	Filtered	97.39306282147096
16S_179_Verdu	Filtered	99.13206066341958
16S_179_Verdu	Filtered	98.73269040553907
16S_179_Verdu	Filtered	99.20978179571395
16S_179_Verdu	Filtered	97.15913899624792
16S_179_Verdu	Filtered	97.23428098921782
16S_179_Verdu	Filtered	97.13050526884626
16S_179_Verdu	Filtered	98.62465181058496
16S_179_Verdu	Filtered	98.9200143044463
16S_179_Verdu	Filtered	97.96710886392661
16S_179_Verdu	Filtered	98.41978529146182
16S_179_Verdu	Filtered	98.66585501953026
16S_179_Verdu	Filtered	98.25138516221207
16S_179_Verdu	Filtered	97.98608905870663
16S_179_Verdu	Filtered	97.78330906870802
16S_179_Verdu	Filtered	98.70296357740743
16S_179_Verdu	Filtered	98.70690683526185
16S_179_Verdu	Filtered	96.9596405687591
16S_179_Verdu	Filtered	98.63548362115696
16S_179_Verdu	Filtered	99.0280993387411
16S_179_Verdu	Filtered	98.10961481107618
16S_179_Verdu	Filtered	99.22379941020979
16S_179_Verdu	Filtered	98.65607292436562
16S_179_Verdu	Filtered	98.67233138608603
16S_179_Verdu	Filtered	99.04927033665655
16S_179_Verdu	Filtered	98.7313683738653
16S_179_Verdu	Filtered	97.18041035873856
16S_179_Verdu	Filtered	98.35018119397292
16S_179_Verdu	Filtered	96.70338399618704
16S_179_Verdu	Filtered	97.26096127460015
16S_179_Verdu	Filtered	99.32243556045093
16S_179_Verdu	Filtered	98.11894200755708
16S_179_Verdu	Filtered	96.43160191526759
16S_179_Verdu	Filtered	95.8638289184913
16S_179_Verdu	Filtered	99.13051714339836
16S_179_Verdu	Filtered	98.03926658532998
16S_179_Verdu	Filtered	96.24253063704803
16S_179_Verdu	Filtered	95.39580352885075
16S_179_Verdu	Filtered	99.15176362479677
16S_179_Verdu	Filtered	96.31253030924758
16S_179_Verdu	Filtered	95.5199565571545
16S_179_Verdu	Filtered	97.98164695681496
16S_179_Verdu	Filtered	94.98389032787921
16S_179_Verdu	Filtered	97.72389506332385
16S_179_Verdu	Filtered	96.33893599087709
16S_179_Verdu	Filtered	94.79558148709538
16S_179_Verdu	Filtered	98.17500616218881
16S_179_Verdu	Filtered	97.8342559295325
16S_179_Verdu	Filtered	97.4101199851924
16S_179_Verdu	Filtered	97.12868671342108
16S_179_Verdu	Filtered	98.76292276263388
16S_179_Verdu	Filtered	93.69364701005286
16S_179_Verdu	Filtered	98.37862410344479
16S_179_Verdu	Filtered	98.17823238400855
16S_179_Verdu	Filtered	98.58585613362142
16S_179_Verdu	Filtered	98.62216636410184
16S_179_Verdu	Filtered	98.71143771827707
16S_179_Verdu	Filtered	98.44959985758328
16S_179_Verdu	Filtered	97.09811231109406
16S_179_Verdu	Filtered	94.97086783195338
16S_179_Verdu	Filtered	98.67549668874173
16S_179_Verdu	Filtered	98.60201663118146
16S_179_Verdu	Filtered	98.53740372968525
16S_179_Verdu	Filtered	98.35770036368183
16S_179_Verdu	Filtered	98.82687740561789
16S_179_Verdu	Filtered	97.83234394675301
16S_179_Verdu	Filtered	98.68243393622862
16S_179_Verdu	Filtered	99.07184659662505
16S_179_Verdu	Filtered	98.64563859830555
16S_179_Verdu	Filtered	96.62189662189662
16S_179_Verdu	Filtered	97.94006893030381
16S_179_Verdu	Filtered	96.13321358351337
16S_179_Verdu	Filtered	99.23269093504639
16S_179_Verdu	Filtered	97.13856751744238
16S_179_Verdu	Filtered	97.01453450307712
16S_179_Verdu	Filtered	96.80083203328134
16S_179_Verdu	Filtered	99.28409341928229
16S_179_Verdu	Filtered	98.63511190788623
16S_179_Verdu	Filtered	97.72880215343204
16S_179_Verdu	Filtered	98.93583207252107
16S_179_Verdu	Filtered	99.02467785244434
16S_179_Verdu	Filtered	98.59713816185017
16S_179_Verdu	Filtered	98.26651818856719
16S_179_Verdu	Filtered	99.04583463446792
16S_179_Verdu	Filtered	98.40551990418818
16S_179_Verdu	Filtered	95.89248469353427
16S_179_Verdu	Filtered	97.6067922525869
16S_179_Verdu	Filtered	96.38071211799529
16S_179_Verdu	Filtered	96.91420445568019
16S_179_Verdu	Filtered	96.7202271480657
16S_179_Verdu	Filtered	94.95292156163565
16S_179_Verdu	Filtered	95.92609273795736
16S_179_Verdu	Filtered	91.59994749967187
16S_179_Verdu	Filtered	96.13615455381785
16S_179_Verdu	Filtered	97.36319391491806
16S_179_Verdu	Filtered	97.52261366992245
16S_20_Caminero	Filtered	98.09480635636311
16S_20_Caminero	Filtered	97.65912945887695
16S_20_Caminero	Filtered	98.0217249153353
16S_20_Caminero	Filtered	96.57703247108647
16S_20_Caminero	Filtered	99.23542066399209
16S_20_Caminero	Filtered	96.78765229855635
16S_20_Caminero	Filtered	98.80462368572587
16S_20_Caminero	Filtered	98.86380751562618
16S_20_Caminero	Filtered	99.00959978366684
16S_20_Caminero	Filtered	98.90034858231215
16S_20_Caminero	Filtered	98.84790560895136
16S_20_Caminero	Filtered	98.86406089474175
16S_20_Caminero	Filtered	98.71649541083117
16S_20_Caminero	Filtered	92.86882749128488
16S_20_Caminero	Filtered	90.47003886106376
16S_20_Caminero	Filtered	93.64904955499395
16S_20_Caminero	Filtered	98.84813579872689
16S_20_Caminero	Filtered	95.50882837335784
16S_20_Caminero	Filtered	93.83149659291664
16S_20_Caminero	Filtered	94.17594254937164
16S_20_Rawson	Filtered	72.10034874564067
16S_20_Rawson	Filtered	62.688753662384485
16S_20_Rawson	Filtered	65.89395455195084
16S_20_Rawson	Filtered	69.8786495254115
16S_20_Rawson	Filtered	67.88361828855466
16S_20_Rawson	Filtered	57.250680524622624
16S_20_Rawson	Filtered	72.98994974874373
16S_20_Rawson	Filtered	68.14605454128791
16S_20_Rawson	Filtered	70.67216405359952
16S_20_Rawson	Filtered	69.69957081545064
16S_20_Rawson	Filtered	67.39211079510325
16S_20_Rawson	Filtered	74.64302827024437
16S_20_Rawson	Filtered	67.86574398683047
16S_20_Rawson	Filtered	59.54853273137698
16S_20_Rawson	Filtered	73.4708210956455
16S_20_Rawson	Filtered	63.99105020276884
16S_20_Rawson	Filtered	65.27777777777779
16S_20_Rawson	Filtered	61.81630546955624
16S_20_Rawson	Filtered	61.73517414496391
16S_20_Rawson	Filtered	57.838114754098356
16S_227_Oscarsson	Filtered	51.276637341153474
16S_227_Oscarsson	Filtered	40.4841999512908
16S_227_Oscarsson	Filtered	32.58095064334802
16S_227_Oscarsson	Filtered	35.962459708296976
16S_227_Oscarsson	Filtered	36.05346521851565
16S_227_Oscarsson	Filtered	41.185710291287684
16S_227_Oscarsson	Filtered	41.82600382409178
16S_227_Oscarsson	Filtered	40.15426204707225
16S_227_Oscarsson	Filtered	51.41090836573936
16S_227_Oscarsson	Filtered	9.989411867440946
16S_227_Oscarsson	Filtered	37.08062381308626
16S_227_Oscarsson	Filtered	36.79952292794076
16S_227_Oscarsson	Filtered	34.287817107109184
16S_227_Oscarsson	Filtered	36.729148087698334
16S_227_Oscarsson	Filtered	42.42347471014277
16S_227_Oscarsson	Filtered	41.96220055374985
16S_227_Oscarsson	Filtered	36.91369219355371
16S_227_Oscarsson	Filtered	29.933026789284284
16S_227_Oscarsson	Filtered	39.86657081740716
16S_227_Oscarsson	Filtered	54.686157787657294
16S_227_Oscarsson	Filtered	42.12171806455837
16S_227_Oscarsson	Filtered	42.191026278544925
16S_227_Oscarsson	Filtered	45.127429312756455
16S_227_Oscarsson	Filtered	31.34577001052979
16S_227_Oscarsson	Filtered	43.393887545502956
16S_227_Oscarsson	Filtered	28.799381303366527
16S_227_Oscarsson	Filtered	33.143481989033724
16S_227_Oscarsson	Filtered	32.6427286035301
16S_227_Oscarsson	Filtered	30.650446974882296
16S_227_Oscarsson	Filtered	40.21661120897762
16S_227_Oscarsson	Filtered	58.406808963361925
16S_227_Oscarsson	Filtered	48.789745558619245
16S_227_Oscarsson	Filtered	34.66256163677845
16S_227_Oscarsson	Filtered	41.190619362597715
16S_227_Oscarsson	Filtered	35.895019787936796
16S_227_Oscarsson	Filtered	38.22406912317409
16S_227_Oscarsson	Filtered	21.540017336030047
16S_227_Oscarsson	Filtered	37.597935293575446
16S_227_Oscarsson	Filtered	42.62815895425629
16S_227_Oscarsson	Filtered	43.48981675617113
16S_227_Oscarsson	Filtered	30.63684278073005
16S_227_Oscarsson	Filtered	32.613420830391384
16S_227_Oscarsson	Filtered	46.20112041710577
16S_227_Oscarsson	Filtered	32.19619464239516
16S_227_Oscarsson	Filtered	37.12394103128544
16S_227_Oscarsson	Filtered	32.7515772962976
16S_227_Oscarsson	Filtered	36.16715890584891
16S_227_Oscarsson	Filtered	33.992133249162336
16S_227_Oscarsson	Filtered	34.05633094429775
16S_227_Oscarsson	Filtered	28.549477937884895
16S_227_Oscarsson	Filtered	34.662372574592105
16S_227_Oscarsson	Filtered	37.66406527137283
16S_227_Oscarsson	Filtered	39.59501803723306
16S_227_Oscarsson	Filtered	51.13174573094983
16S_227_Oscarsson	Filtered	36.496986145738
16S_227_Oscarsson	Filtered	40.416704074696355
16S_227_Oscarsson	Filtered	39.59647107547804
16S_227_Oscarsson	Filtered	48.019961989475995
16S_227_Oscarsson	Filtered	40.52420306965762
16S_227_Oscarsson	Filtered	37.81242483217074
16S_227_Oscarsson	Filtered	33.96566702398432
16S_227_Oscarsson	Filtered	41.96845607524474
16S_227_Oscarsson	Filtered	39.707286888443484
16S_227_Oscarsson	Filtered	41.85096449195233
16S_227_Oscarsson	Filtered	55.18694889380027
16S_227_Oscarsson	Filtered	42.514423037355876
16S_227_Oscarsson	Filtered	46.02633384800137
16S_227_Oscarsson	Filtered	38.17818500073579
16S_227_Oscarsson	Filtered	37.885675106020976
16S_227_Oscarsson	Filtered	37.94023735790263
16S_227_Oscarsson	Filtered	37.63739055943549
16S_227_Oscarsson	Filtered	28.861313080411776
16S_227_Oscarsson	Filtered	37.34701246311491
16S_227_Oscarsson	Filtered	37.62884880629535
16S_227_Oscarsson	Filtered	41.42334271120701
16S_227_Oscarsson	Filtered	59.038679397960834
16S_227_Oscarsson	Filtered	40.54988179101612
16S_227_Oscarsson	Filtered	35.33308857886656
16S_227_Oscarsson	Filtered	36.84324013512542
16S_227_Oscarsson	Filtered	38.396665125122034
16S_227_Oscarsson	Filtered	52.47089302751298
16S_227_Oscarsson	Filtered	54.272392823704095
16S_227_Oscarsson	Filtered	49.25526822086333
16S_227_Oscarsson	Filtered	49.29246977133964
16S_227_Oscarsson	Filtered	58.78041831632102
16S_227_Oscarsson	Filtered	49.593147751606
16S_227_Oscarsson	Filtered	56.90905408142597
16S_227_Oscarsson	Filtered	48.23262036395287
16S_227_Oscarsson	Filtered	52.81151268330989
16S_227_Oscarsson	Filtered	53.736108454983956
16S_227_Oscarsson	Filtered	50.60384655465883
16S_227_Oscarsson	Filtered	50.167519710297825
16S_227_Oscarsson	Filtered	50.01112891737892
16S_227_Oscarsson	Filtered	54.19802548645174
16S_227_Oscarsson	Filtered	53.12020486347516
16S_227_Oscarsson	Filtered	50.235392350192754
16S_227_Oscarsson	Filtered	44.47292269532865
16S_227_Oscarsson	Filtered	54.340692811327415
16S_227_Oscarsson	Filtered	18.827503634653212
16S_227_Oscarsson	Filtered	38.24810676664501
16S_227_Oscarsson	Filtered	52.47042794327119
16S_227_Oscarsson	Filtered	48.62046452559184
16S_227_Oscarsson	Filtered	51.618066931897964
16S_227_Oscarsson	Filtered	48.76513416650407
16S_227_Oscarsson	Filtered	50.043001224883376
16S_227_Oscarsson	Filtered	53.421111631983365
16S_227_Oscarsson	Filtered	47.25264192087417
16S_227_Oscarsson	Filtered	52.055136343673894
16S_227_Oscarsson	Filtered	47.782372038182615
16S_227_Oscarsson	Filtered	56.22802411977153
16S_227_Oscarsson	Filtered	48.687528096475965
16S_227_Oscarsson	Filtered	51.88223536270509
16S_227_Oscarsson	Filtered	49.39731229608804
16S_227_Oscarsson	Filtered	52.746822403650505
16S_227_Oscarsson	Filtered	34.13831455347701
16S_227_Oscarsson	Filtered	52.9556286733746
16S_227_Oscarsson	Filtered	52.01449894164993
16S_227_Oscarsson	Filtered	44.579820864067436
16S_227_Oscarsson	Filtered	58.50083241970195
16S_227_Oscarsson	Filtered	54.427806643243294
16S_227_Oscarsson	Filtered	54.573813814784586
16S_227_Oscarsson	Filtered	50.34133295798438
16S_227_Oscarsson	Filtered	62.186196584559696
16S_227_Oscarsson	Filtered	51.84108527131783
16S_227_Oscarsson	Filtered	56.95905955345116
16S_227_Oscarsson	Filtered	53.995503780911505
16S_227_Oscarsson	Filtered	57.169622379429526
16S_227_Oscarsson	Filtered	57.8121658497361
16S_227_Oscarsson	Filtered	44.705741472536175
16S_227_Oscarsson	Filtered	49.67611610165666
16S_227_Oscarsson	Filtered	48.474747647855224
16S_227_Oscarsson	Filtered	50.04924979956476
16S_227_Oscarsson	Filtered	50.362665936772956
16S_227_Oscarsson	Filtered	58.659321365001894
16S_227_Oscarsson	Filtered	57.729961317787684
16S_227_Oscarsson	Filtered	46.84777871400762
16S_227_Oscarsson	Filtered	51.17674395445718
16S_227_Oscarsson	Filtered	45.631447632902386
16S_227_Oscarsson	Filtered	50.86847309069531
16S_227_Oscarsson	Filtered	52.92626096491229
16S_227_Oscarsson	Filtered	34.43712818426806
16S_227_Oscarsson	Filtered	54.67431061449795
16S_227_Oscarsson	Filtered	53.444445871159104
16S_227_Oscarsson	Filtered	47.37505160215804
16S_227_Oscarsson	Filtered	51.14314889492723
16S_227_Oscarsson	Filtered	48.9359283989203
16S_227_Oscarsson	Filtered	50.48786137209201
16S_227_Oscarsson	Filtered	23.70917220998572
16S_227_Oscarsson	Filtered	51.88085047151756
16S_227_Oscarsson	Filtered	54.389851597827075
16S_227_Oscarsson	Filtered	52.20016678083211
16S_227_Oscarsson	Filtered	54.03847229212101
16S_227_Oscarsson	Filtered	49.14836049732655
16S_227_Oscarsson	Filtered	51.499398825942436
16S_227_Oscarsson	Filtered	48.64345805774672
16S_227_Oscarsson	Filtered	57.11622125543816
16S_227_Oscarsson	Filtered	50.8992107646526
16S_227_Oscarsson	Filtered	52.89972198875025
16S_227_Oscarsson	Filtered	52.16837705610031
16S_227_Oscarsson	Filtered	56.068656578155085
16S_227_Oscarsson	Filtered	54.62766682782303
16S_227_Oscarsson	Filtered	53.62683468910225
16S_227_Oscarsson	Filtered	50.74659353097384
16S_227_Oscarsson	Filtered	51.46715172543257
16S_227_Oscarsson	Filtered	47.8742243968989
16S_227_Oscarsson	Filtered	50.34253199651826
16S_227_Oscarsson	Filtered	48.64275204221421
16S_227_Oscarsson	Filtered	46.88360244874482
16S_227_Oscarsson	Filtered	59.894749360765886
16S_227_Oscarsson	Filtered	53.653157909491014
16S_227_Oscarsson	Filtered	57.03056056122865
16S_227_Oscarsson	Filtered	47.555891549109695
16S_227_Oscarsson	Filtered	43.29088994351519
16S_227_Oscarsson	Filtered	55.19665983517202
16S_227_Oscarsson	Filtered	36.80911213995985
16S_227_Oscarsson	Filtered	35.79252390611417
16S_227_Oscarsson	Filtered	48.759302565269
16S_227_Oscarsson	Filtered	49.829785845578236
16S_227_Oscarsson	Filtered	48.899247041950524
16S_227_Oscarsson	Filtered	47.50811312007418
16S_227_Oscarsson	Filtered	45.436076774578275
16S_227_Oscarsson	Filtered	55.76318443376639
16S_227_Oscarsson	Filtered	32.59322033898305
16S_227_Oscarsson	Filtered	43.86727236816117
16S_227_Oscarsson	Filtered	52.21879306037921
16S_227_Oscarsson	Filtered	44.33532128692797
16S_227_Oscarsson	Filtered	47.06884159870004
16S_227_Oscarsson	Filtered	40.21830805148452
16S_227_Oscarsson	Filtered	41.125628904913384
16S_227_Oscarsson	Filtered	46.915840646505465
16S_227_Oscarsson	Filtered	44.66193568660312
16S_227_Oscarsson	Filtered	58.4665527246711
16S_227_Oscarsson	Filtered	47.523044960364686
16S_227_Oscarsson	Filtered	46.605587441921266
16S_227_Oscarsson	Filtered	45.47259516833553
16S_227_Oscarsson	Filtered	41.46906789794154
16S_227_Oscarsson	Filtered	52.92160311976771
16S_227_Oscarsson	Filtered	53.759645192677574
16S_227_Oscarsson	Filtered	54.616722425787266
16S_227_Oscarsson	Filtered	44.33070916172649
16S_227_Oscarsson	Filtered	48.06496589667257
16S_227_Oscarsson	Filtered	51.335698255266784
16S_227_Oscarsson	Filtered	58.768947663901194
16S_227_Oscarsson	Filtered	54.31565081119548
16S_227_Oscarsson	Filtered	53.423320673964426
16S_227_Oscarsson	Filtered	54.96709817166439
16S_227_Oscarsson	Filtered	43.680489419057
16S_227_Oscarsson	Filtered	48.87655584891427
16S_227_Oscarsson	Filtered	45.88794469249604
16S_227_Oscarsson	Filtered	45.07852809434711
16S_227_Oscarsson	Filtered	44.50836381915161
16S_227_Oscarsson	Filtered	44.19009228810862
16S_227_Oscarsson	Filtered	52.047408040147346
16S_227_Oscarsson	Filtered	57.26703243572765
16S_227_Oscarsson	Filtered	40.136986301369866
16S_227_Oscarsson	Filtered	50.95434271175976
16S_227_Oscarsson	Filtered	51.68332720403864
16S_227_Oscarsson	Filtered	52.420676801473064
16S_227_Oscarsson	Filtered	45.49875132071847
16S_227_Oscarsson	Filtered	38.727929578181445
16S_227_Oscarsson	Filtered	44.55968912509286
16S_227_Oscarsson	Filtered	45.53056035042783
16S_227_Oscarsson	Filtered	46.8244674919148
16S_227_Oscarsson	Filtered	49.41447516295796
16S_227_Oscarsson	Filtered	56.36437633322107
16S_227_Oscarsson	Filtered	51.88916022249356
16S_227_Oscarsson	Filtered	43.52267154664084
16S_24_Giacomin	Filtered	48.38489717663707
16S_24_Giacomin	Filtered	44.9401908436936
16S_24_Giacomin	Filtered	46.46730328198085
16S_24_Giacomin	Filtered	46.32304508817193
16S_24_Giacomin	Filtered	39.33390571651059
16S_24_Giacomin	Filtered	44.974678731964566
16S_24_Giacomin	Filtered	46.014477855031934
16S_24_Giacomin	Filtered	47.1069589906106
16S_24_Giacomin	Filtered	37.669365101431914
16S_24_Giacomin	Filtered	45.03415053070864
16S_24_Giacomin	Filtered	47.76988338171315
16S_24_Giacomin	Filtered	46.70828157137333
16S_24_Giacomin	Filtered	46.59553430439338
16S_24_Giacomin	Filtered	49.637197422650495
16S_24_Giacomin	Filtered	39.80034737451534
16S_24_Giacomin	Filtered	46.59702893466351
16S_24_Giacomin	Filtered	47.49660982563292
16S_24_Giacomin	Filtered	41.54392008512486
16S_24_Giacomin	Filtered	44.88906351681544
16S_24_Giacomin	Filtered	46.107599381935664
16S_24_Giacomin	Filtered	40.1844673746148
16S_24_Giacomin	Filtered	47.50587431354995
16S_24_Giacomin	Filtered	49.24294858228036
16S_24_Giacomin	Filtered	49.78778017142596
16S_25_Francavilla	Filtered	57.47413485551195
16S_25_Francavilla	Filtered	50.61207260447447
16S_25_Francavilla	Filtered	55.23255813953488
16S_25_Francavilla	Filtered	66.54423018059383
16S_25_Francavilla	Filtered	57.82163742690059
16S_25_Francavilla	Filtered	51.31459655485041
16S_25_Francavilla	Filtered	56.14617940199336
16S_25_Francavilla	Filtered	44.15931569099171
16S_25_Francavilla	Filtered	57.94805194805195
16S_25_Francavilla	Filtered	39.58202716823406
16S_25_Francavilla	Filtered	48.86927744070601
16S_25_Francavilla	Filtered	61.03160405485987
16S_25_Francavilla	Filtered	59.25337569499602
16S_25_Francavilla	Filtered	57.10219922380336
16S_25_Francavilla	Filtered	47.3817353908424
16S_25_Francavilla	Filtered	47.78431210138325
16S_25_Francavilla	Filtered	45.1482781803242
16S_25_Francavilla	Filtered	49.1970802919708
16S_25_Francavilla	Filtered	50.1197474417592
16S_25_Francavilla	Filtered	46.95351959593376
16S_25_Francavilla	Filtered	47.3817353908424
16S_25_Francavilla	Filtered	47.78431210138325
16S_25_Francavilla	Filtered	45.1482781803242
16S_25_Francavilla	Filtered	50.1197474417592
16S_25_Francavilla	Filtered	46.95351959593376
16S_27_Federica	Filtered	80.33492822966507
16S_27_Federica	Filtered	79.8461715794658
16S_27_Federica	Filtered	78.59841978701478
16S_27_Federica	Filtered	77.43589743589745
16S_27_Federica	Filtered	79.62385933674605
16S_27_Federica	Filtered	80.2505404356743
16S_27_Federica	Filtered	76.38137064651211
16S_27_Federica	Filtered	78.06130812523907
16S_27_Federica	Filtered	79.295824072991
16S_27_Federica	Filtered	79.71688147052609
16S_27_Federica	Filtered	79.28500932119749
16S_27_Federica	Filtered	78.55083388297372
16S_27_Federica	Filtered	79.94064245810057
16S_27_Federica	Filtered	77.69617317356011
16S_27_Federica	Filtered	80.70750263786304
16S_27_Federica	Filtered	80.58015722957508
16S_27_Federica	Filtered	79.09967845659163
16S_27_Federica	Filtered	78.0714035701785
16S_27_Federica	Filtered	74.8668842322226
16S_27_Federica	Filtered	79.06334730096131
16S_27_Federica	Filtered	79.26030319189456
16S_27_Federica	Filtered	79.33419486358093
16S_27_Federica	Filtered	79.35723114956737
16S_27_Federica	Filtered	42.9430689606938
16S_27_Federica	Filtered	80.1619785770269
16S_27_Federica	Filtered	80.07561918518203
16S_27_Federica	Filtered	79.00837089504186
16S_27_Fornasaro	Filtered	79.22591840189605
16S_27_Fornasaro	Filtered	80.94902756778029
16S_27_Fornasaro	Filtered	76.41589659277737
16S_27_Fornasaro	Filtered	73.43165790412203
16S_27_Fornasaro	Filtered	83.19578437199945
16S_27_Fornasaro	Filtered	81.9448050115695
16S_27_Fornasaro	Filtered	76.74309871227914
16S_27_Fornasaro	Filtered	80.959919727967
16S_27_Fornasaro	Filtered	74.02961752903157
16S_27_Fornasaro	Filtered	79.66149969874569
16S_27_Fornasaro	Filtered	82.59234290174928
16S_27_Fornasaro	Filtered	77.44897541821751
16S_27_Fornasaro	Filtered	83.03726733595387
16S_27_Fornasaro	Filtered	77.27306508910921
16S_27_Fornasaro	Filtered	77.12219308819326
16S_27_Fornasaro	Filtered	81.64519493699433
16S_27_Fornasaro	Filtered	76.09731094748159
16S_27_Fornasaro	Filtered	64.5179189866636
16S_27_Fornasaro	Filtered	73.7689334586859
16S_27_Fornasaro	Filtered	80.53792626955534
16S_27_Fornasaro	Filtered	70.18675956808758
16S_27_Fornasaro	Filtered	84.47109230085952
16S_27_Fornasaro	Filtered	80.55437233125201
16S_27_Fornasaro	Filtered	75.3761217249426
16S_27_Fornasaro	Filtered	72.40542751558577
16S_27_Fornasaro	Filtered	74.72133757961782
16S_27_Fornasaro	Filtered	62.644821654334805
16S_49_Turjeman	Filtered	95.2286282306163
16S_49_Turjeman	Filtered	96.47290156077179
16S_49_Turjeman	Filtered	95.09517485613102
16S_49_Turjeman	Filtered	93.3289372458512
16S_49_Turjeman	Filtered	93.73681648547785
16S_49_Turjeman	Filtered	95.28106991410242
16S_49_Turjeman	Filtered	94.75182481751825
16S_49_Turjeman	Filtered	94.3902326226703
16S_49_Turjeman	Filtered	92.71761480466073
16S_49_Turjeman	Filtered	96.6713429409514
16S_49_Turjeman	Filtered	94.94895217624932
16S_49_Turjeman	Filtered	94.9138237384506
16S_49_Turjeman	Filtered	94.38245184958728
16S_49_Turjeman	Filtered	92.46088853813657
16S_49_Turjeman	Filtered	96.21163023625758
16S_49_Turjeman	Filtered	93.979509612064
16S_49_Turjeman	Filtered	95.55359678762059
16S_49_Turjeman	Filtered	93.82533305138507
16S_49_Turjeman	Filtered	93.89506447309915
16S_49_Turjeman	Filtered	94.5293607701784
16S_49_Turjeman	Filtered	94.76466735285861
16S_49_Turjeman	Filtered	94.20485803533964
16S_49_Turjeman	Filtered	95.32695500909306
16S_49_Turjeman	Filtered	94.44551312878716
16S_49_Turjeman	Filtered	94.46900617113383
16S_49_Turjeman	Filtered	96.3714881366028
16S_49_Turjeman	Filtered	93.70987690676719
16S_49_Turjeman	Filtered	94.25204108506716
16S_49_Turjeman	Filtered	95.42644027873196
16S_49_Turjeman	Filtered	95.37257969880696
16S_49_Turjeman	Filtered	94.90762898439743
16S_49_Turjeman	Filtered	92.99122724271295
16S_49_Turjeman	Filtered	93.7938248169527
16S_49_Turjeman	Filtered	94.82229372388032
16S_49_Turjeman	Filtered	93.8032491929936
16S_49_Turjeman	Filtered	94.30576502816338
16S_49_Turjeman	Filtered	94.4653749551489
16S_49_Turjeman	Filtered	92.84157856508757
16S_49_Turjeman	Filtered	95.2630277044855
16S_49_Turjeman	Filtered	96.1767204757859
16S_49_Turjeman	Filtered	95.23772709702358
16S_49_Turjeman	Filtered	92.01070525846261
16S_49_Turjeman	Filtered	93.20214669051879
16S_49_Turjeman	Filtered	94.977487135506
16S_49_Turjeman	Filtered	94.96518601925685
16S_49_Turjeman	Filtered	93.48112490499113
16S_49_Turjeman	Filtered	94.76106194690266
16S_49_Turjeman	Filtered	94.78578186241384
16S_49_Turjeman	Filtered	93.26183512078865
16S_50_Bibbo	Filtered	91.45762981208534
16S_50_Bibbo	Filtered	91.41849123171112
16S_50_Bibbo	Filtered	91.69194218489017
16S_50_Bibbo	Filtered	92.09902744580894
16S_50_Bibbo	Filtered	91.56380316930776
16S_50_Bibbo	Filtered	91.96613725633706
16S_50_Bibbo	Filtered	91.71258810090023
16S_50_Bibbo	Filtered	93.45111290678028
16S_50_Bibbo	Filtered	92.60431912542191
16S_50_Bibbo	Filtered	92.18119179630726
16S_50_Bibbo	Filtered	92.74427086986583
16S_50_Bibbo	Filtered	91.87288044194658
16S_50_Bibbo	Filtered	91.43375367075488
16S_50_Bibbo	Filtered	92.37038793595588
16S_50_Bibbo	Filtered	92.42391291906556
16S_50_Bibbo	Filtered	92.95816766161991
16S_50_Bibbo	Filtered	93.52820571778952
16S_50_Bibbo	Filtered	92.31252933726563
16S_50_Bibbo	Filtered	92.25835897355189
16S_50_Bibbo	Filtered	93.65478807512824
16S_50_Bibbo	Filtered	92.0148338114962
16S_50_Bibbo	Filtered	89.87952772464625
16S_50_Bibbo	Filtered	93.2373790157677
16S_50_Bibbo	Filtered	92.19731466975122
16S_50_Bibbo	Filtered	91.56741227170122
16S_50_Bibbo	Filtered	92.22857495582663
16S_50_Bibbo	Filtered	93.06469112361836
16S_50_Bibbo	Filtered	84.96183367517392
16S_50_Bibbo	Filtered	92.34679699887212
16S_50_Bibbo	Filtered	91.77435387673957
16S_50_Bibbo	Filtered	93.16110606257301
16S_50_Bibbo	Filtered	92.89451546053307
16S_50_Bibbo	Filtered	92.07946596717782
16S_50_Bibbo	Filtered	92.42606094262221
16S_50_Bibbo	Filtered	92.59265719019795
16S_50_Bibbo	Filtered	92.11427781671718
16S_50_Bibbo	Filtered	91.42753044866234
16S_50_Bibbo	Filtered	93.38576158940397
16S_50_Bibbo	Filtered	92.41481986941889
16S_50_Bibbo	Filtered	92.63900827941909
16S_50_Bibbo	Filtered	93.10669887468333
16S_50_Bibbo	Filtered	91.76138430864611
16S_50_Bibbo	Filtered	91.31446217189912
16S_50_Bibbo	Filtered	92.90014914105798
16S_50_Bibbo	Filtered	92.8491902834008
16S_50_Bibbo	Filtered	93.35502927183006
16S_50_Bibbo	Filtered	93.24211050950365
16S_50_Bibbo	Filtered	92.6506938156188
16S_50_Bibbo	Filtered	91.87388610710346
16S_50_Bibbo	Filtered	93.21941098495763
16S_56_Laffaldano	Filtered	8.965342588594773
16S_56_Laffaldano	Filtered	11.588224648197535
16S_56_Laffaldano	Filtered	9.400807152311428
16S_56_Laffaldano	Filtered	5.1227751071846175
16S_56_Laffaldano	Filtered	11.74812978130074
16S_56_Laffaldano	Filtered	6.532718610050506
16S_56_Laffaldano	Filtered	8.237569078230207
16S_56_Laffaldano	Filtered	6.92325438540413
16S_56_Laffaldano	Filtered	14.219141180289457
16S_56_Laffaldano	Filtered	8.951331676244802
16S_56_Laffaldano	Filtered	9.693216405991018
16S_56_Laffaldano	Filtered	4.3421888403585855
16S_56_Laffaldano	Filtered	5.983045321160743
16S_56_Laffaldano	Filtered	6.965870146941458
16S_56_Laffaldano	Filtered	8.000345841258861
16S_56_Laffaldano	Filtered	9.394106657608695
16S_56_Laffaldano	Filtered	12.681540728267734
16S_56_Laffaldano	Filtered	6.562355025093838
16S_56_Laffaldano	Filtered	4.965768007435137
16S_56_Laffaldano	Filtered	12.596859878861705
16S_56_Laffaldano	Filtered	9.656849468316867
16S_56_Laffaldano	Filtered	17.091394955148953
16S_56_Laffaldano	Filtered	14.310489292464778
16S_56_Laffaldano	Filtered	17.97849739264791
16S_56_Laffaldano	Filtered	14.456463675213676
16S_56_Laffaldano	Filtered	14.379378884222078
16S_56_Laffaldano	Filtered	18.539403802242997
16S_56_Laffaldano	Filtered	15.0369532593746
16S_56_Laffaldano	Filtered	10.581157989327593
16S_56_Laffaldano	Filtered	12.617043788063164
16S_56_Laffaldano	Filtered	7.760333897979497
16S_56_Laffaldano	Filtered	12.510445266801959
16S_56_Laffaldano	Filtered	11.224815841515756
16S_56_Laffaldano	Filtered	7.027316171757227
16S_56_Laffaldano	Filtered	7.816775728732897
16S_56_Laffaldano	Filtered	8.420695163288535
16S_56_Laffaldano	Filtered	3.781430668991465
16S_56_Laffaldano	Filtered	6.894002961825072
16S_56_Laffaldano	Filtered	14.934389808805665
16S_56_Laffaldano	Filtered	10.350293391240822
16S_56_Laffaldano	Filtered	13.31793258927329
16S_56_Laffaldano	Filtered	10.576693289730207
16S_56_Laffaldano	Filtered	17.20203475445992
16S_56_Laffaldano	Filtered	16.589714191275963
16S_56_Laffaldano	Filtered	8.182828695478687
16S_56_Laffaldano	Filtered	15.060303381962864
16S_56_Laffaldano	Filtered	13.79910408550482
16S_56_Laffaldano	Filtered	14.084005574600978
16S_56_Laffaldano	Filtered	12.457399686127388
16S_56_Laffaldano	Filtered	7.323674092977184
16S_56_Laffaldano	Filtered	6.383226156582864
16S_56_Laffaldano	Filtered	13.393214984558078
16S_56_Laffaldano	Filtered	10.63652069249965
16S_56_Laffaldano	Filtered	13.818866458467195
16S_56_Laffaldano	Filtered	11.478822568779155
16S_56_Laffaldano	Filtered	9.160349433253916
16S_68_Girdhar	Filtered	77.97244258872651
16S_68_Girdhar	Filtered	63.40481903619276
16S_68_Girdhar	Filtered	77.91018204789525
16S_68_Girdhar	Filtered	74.14829659318637
16S_68_Girdhar	Filtered	83.55579489941147
16S_68_Girdhar	Filtered	80.04793510324484
16S_68_Girdhar	Filtered	69.81410111085921
16S_68_Girdhar	Filtered	77.80307510348906
16S_68_Girdhar	Filtered	78.66564764492753
16S_68_Girdhar	Filtered	80.23643640675957
16S_68_Girdhar	Filtered	77.97946461312797
16S_68_Girdhar	Filtered	77.1124104111656
16S_68_Girdhar	Filtered	81.32472292521162
16S_68_Girdhar	Filtered	79.67886740331491
16S_68_Girdhar	Filtered	80.28676643422394
16S_68_Girdhar	Filtered	76.9804618117229
16S_68_Girdhar	Filtered	80.83416638898146
16S_68_Girdhar	Filtered	80.96436870642913
16S_68_Girdhar	Filtered	75.58817362130425
16S_68_Girdhar	Filtered	73.8041679045881
16S_68_Girdhar	Filtered	79.64128983018509
16S_68_Girdhar	Filtered	78.06191726260523
16S_68_Girdhar	Filtered	82.57612816436347
16S_68_Girdhar	Filtered	80.83595555679318
16S_68_Girdhar	Filtered	81.6622846603618
16S_68_Girdhar	Filtered	82.1795527453624
16S_68_Girdhar	Filtered	82.824135291252
16S_68_Girdhar	Filtered	79.63159759121503
16S_68_Girdhar	Filtered	79.18734635187161
16S_68_Girdhar	Filtered	81.3382316519442
16S_68_Girdhar	Filtered	74.7461780837904
16S_68_Girdhar	Filtered	64.91776380044536
16S_68_Girdhar	Filtered	76.69853796731927
16S_68_Girdhar	Filtered	80.24286183130948
16S_68_Girdhar	Filtered	78.02660043265765
16S_68_Girdhar	Filtered	84.45656891313783
16S_68_Girdhar	Filtered	81.59262206825522
16S_68_Girdhar	Filtered	81.33871853187985
16S_68_Girdhar	Filtered	83.66027741616914
16S_68_Girdhar	Filtered	80.533162330524
16S_68_Girdhar	Filtered	79.67843170972873
16S_68_Girdhar	Filtered	66.98403709340602
16S_68_Girdhar	Filtered	69.99904012286427
16S_68_Girdhar	Filtered	73.31216846166211
16S_68_Girdhar	Filtered	74.94298312300441
16S_68_Girdhar	Filtered	73.05865293264662
16S_68_Girdhar	Filtered	79.52008212498396
16S_68_Girdhar	Filtered	76.94747526008628
16S_68_Girdhar	Filtered	72.28333780520526
16S_68_Girdhar	Filtered	80.50731658840775
16S_68_Girdhar	Filtered	67.51936851337523
16S_68_Girdhar	Filtered	80.61203028603478
16S_68_Girdhar	Filtered	72.77024365539361
16S_68_Girdhar	Filtered	73.31945111858616
16S_68_Girdhar	Filtered	74.2087631138147
16S_68_Girdhar	Filtered	74.33091143198749
16S_68_Girdhar	Filtered	76.34282248587999
16S_68_Girdhar	Filtered	77.17590016691837
16S_68_Girdhar	Filtered	79.68389609407495
16S_68_Girdhar	Filtered	81.567473294092
16S_68_Girdhar	Filtered	82.69016402144487
16S_68_Girdhar	Filtered	79.32256235827666
16S_68_Girdhar	Filtered	83.55153641966977
16S_68_Girdhar	Filtered	80.6910486967064
16S_68_Girdhar	Filtered	77.49175204028477
16S_68_Girdhar	Filtered	81.24006359300478
16S_68_Girdhar	Filtered	75.0966429298067
16S_68_Girdhar	Filtered	79.07550077041603
16S_5_Senicar	Filtered	24.938161394111848
16S_5_Senicar	Filtered	61.35552603474773
16S_5_Senicar	Filtered	58.187151657377534
16S_5_Senicar	Filtered	23.327197422917624
16S_5_Senicar	Filtered	60.030409001064314
16S_60_Shi	Filtered	93.82937934339803
16S_60_Shi	Filtered	94.15201913712735
16S_60_Shi	Filtered	93.83743611922645
16S_60_Shi	Filtered	92.26607232640687
16S_60_Shi	Filtered	94.19276669204292
16S_60_Shi	Filtered	94.10342442654716
16S_60_Shi	Filtered	93.99327537636688
16S_60_Shi	Filtered	93.85694787542441
16S_60_Shi	Filtered	94.27850734314013
16S_60_Shi	Filtered	94.2388588880243
16S_60_Shi	Filtered	94.00542928620855
16S_60_Shi	Filtered	93.87509195606403
16S_60_Shi	Filtered	93.51697837640472
16S_60_Shi	Filtered	93.61477601116968
16S_60_Shi	Filtered	94.12824015755017
16S_60_Shi	Filtered	93.88500663954767
16S_60_Shi	Filtered	89.47144153991515
16S_60_Shi	Filtered	93.61261473287833
16S_60_Shi	Filtered	93.36738429994142
16S_60_Shi	Filtered	94.01352574684488
16S_60_Shi	Filtered	93.9944554932803
16S_60_Shi	Filtered	93.33280749180763
16S_60_Shi	Filtered	93.73450109656982
16S_60_Shi	Filtered	93.78146115822412
16S_60_Shi	Filtered	93.47228399304572
16S_60_Shi	Filtered	93.47219607373304
16S_60_Shi	Filtered	94.01594935167712
16S_60_Shi	Filtered	93.60985008590829
16S_60_Shi	Filtered	93.96195412812955
16S_60_Shi	Filtered	93.90586245772266
16S_60_Shi	Filtered	93.16935371831936
16S_60_Shi	Filtered	93.7527050326023
16S_60_Shi	Filtered	94.07823862106113
16S_60_Shi	Filtered	93.70130506744484
16S_60_Shi	Filtered	91.62797049986342
16S_60_Shi	Filtered	94.45048099211868
16S_60_Shi	Filtered	93.01647258666547
16S_60_Shi	Filtered	94.09848791683542
16S_60_Shi	Filtered	94.33566475840432
16S_60_Shi	Filtered	93.48307304888202
16S_60_Shi	Filtered	93.05683644699745
16S_60_Shi	Filtered	93.94889634728926
16S_60_Shi	Filtered	93.83320300809947
16S_60_Shi	Filtered	93.83694327082046
16S_60_Shi	Filtered	94.09325395593685
16S_60_Shi	Filtered	92.7361630681316
16S_60_Shi	Filtered	93.81942032694194
16S_60_Shi	Filtered	93.50833765087407
16S_60_Shi	Filtered	92.23851669128908
16S_60_Shi	Filtered	92.75846271315856
16S_60_Shi	Filtered	93.55617666482112
16S_60_Shi	Filtered	93.82615015709324
16S_60_Shi	Filtered	93.09384281929839
16S_60_Shi	Filtered	93.27503741306963
16S_60_Shi	Filtered	93.93509140202816
16S_60_Shi	Filtered	93.78465711892129
16S_60_Shi	Filtered	91.51425489652895
16S_60_Shi	Filtered	93.86258788997888
16S_60_Shi	Filtered	93.80521483357674
16S_60_Shi	Filtered	93.94447041030138
16S_62_Tian	Filtered	98.44258237873002
16S_62_Tian	Filtered	97.78847018616781
16S_62_Tian	Filtered	98.24892241379311
16S_62_Tian	Filtered	98.085362538351
16S_62_Tian	Filtered	97.74724615832663
16S_62_Tian	Filtered	98.22193165808785
16S_62_Tian	Filtered	97.98871916337141
16S_62_Tian	Filtered	98.28897760035484
16S_62_Tian	Filtered	98.29592994068757
16S_62_Tian	Filtered	98.30891350045493
16S_62_Tian	Filtered	97.0
16S_62_Tian	Filtered	98.11440601067112
16S_62_Tian	Filtered	98.01422188874868
16S_62_Tian	Filtered	97.18423789530449
16S_62_Tian	Filtered	95.93382440299393
16S_62_Tian	Filtered	97.42782008436969
16S_62_Tian	Filtered	97.31103236107325
16S_62_Tian	Filtered	98.17801570793694
16S_62_Tian	Filtered	98.13635681033188
16S_62_Tian	Filtered	97.78970271344589
16S_62_Tian	Filtered	98.4171998189133
16S_62_Tian	Filtered	97.98019801980197
16S_62_Tian	Filtered	98.48256423702149
16S_62_Tian	Filtered	97.62744651797907
16S_62_Tian	Filtered	98.16000839939105
16S_62_Tian	Filtered	98.32894736842105
16S_62_Tian	Filtered	98.08595760221783
16S_62_Tian	Filtered	97.20967607858351
16S_62_Tian	Filtered	96.81927562164498
16S_62_Tian	Filtered	97.62569832402235
16S_62_Tian	Filtered	97.03141879726324
16S_62_Tian	Filtered	98.45428237520174
16S_62_Tian	Filtered	98.15144200228687
16S_62_Tian	Filtered	98.27209357277883
16S_62_Tian	Filtered	97.54597633829214
16S_62_Tian	Filtered	98.07745124965669
16S_62_Tian	Filtered	98.27733544541249
16S_62_Tian	Filtered	97.67382974054254
16S_62_Tian	Filtered	97.91518914506698
16S_62_Tian	Filtered	98.10394079617781
16S_62_Tian	Filtered	98.18750204232792
16S_62_Tian	Filtered	98.29696438155328
16S_62_Tian	Filtered	98.43883054215158
16S_62_Tian	Filtered	98.10635503497815
16S_62_Tian	Filtered	98.49342514783692
16S_62_Tian	Filtered	97.80561939357996
16S_62_Tian	Filtered	98.21192868833705
16S_62_Tian	Filtered	98.29260317595713
16S_62_Tian	Filtered	97.34133102074902
16S_62_Tian	Filtered	97.83798355573528
16S_62_Tian	Filtered	97.40032130860232
16S_62_Tian	Filtered	97.85513222059231
16S_62_Tian	Filtered	97.46021505376345
16S_62_Tian	Filtered	97.67513885160945
16S_62_Tian	Filtered	98.62070305920157
16S_62_Tian	Filtered	97.89023111020879
16S_62_Tian	Filtered	97.41902834008097
16S_62_Tian	Filtered	97.94130601458377
16S_62_Tian	Filtered	97.97277034726804
16S_62_Tian	Filtered	98.05451707742006
16S_62_Tian	Filtered	97.84913965586234
16S_62_Tian	Filtered	97.87716670233254
16S_80_Garcia	Filtered	98.68410992651744
16S_80_Garcia	Filtered	98.69627386659938
16S_80_Garcia	Filtered	98.56913466191544
16S_80_Garcia	Filtered	98.69347172585469
16S_80_Garcia	Filtered	98.69305221626287
16S_80_Garcia	Filtered	98.8572678312693
16S_80_Garcia	Filtered	98.70224229281706
16S_80_Garcia	Filtered	98.75013282329189
16S_80_Garcia	Filtered	98.62164272189668
16S_80_Garcia	Filtered	98.68341474761573
16S_80_Garcia	Filtered	98.66479460120476
16S_80_Garcia	Filtered	98.56652041692783
16S_80_Garcia	Filtered	98.58669424336436
16S_80_Garcia	Filtered	98.49671751609527
16S_80_Garcia	Filtered	98.70249594100002
16S_80_Garcia	Filtered	98.44373900828457
16S_80_Garcia	Filtered	98.8390460854229
16S_80_Garcia	Filtered	98.68046243324949
16S_80_Garcia	Filtered	98.75451807228916
16S_80_Garcia	Filtered	98.76486907612207
16S_80_Garcia	Filtered	98.8003712719567
16S_80_Garcia	Filtered	98.70504661832175
16S_80_Garcia	Filtered	98.76319358452739
16S_80_Garcia	Filtered	98.65122676250056
16S_80_Garcia	Filtered	98.73445764448506
16S_80_Garcia	Filtered	98.85837909801964
16S_80_Garcia	Filtered	98.72464677421301
16S_80_Garcia	Filtered	98.64750487969185
16S_80_Garcia	Filtered	98.51771755536032
16S_80_Garcia	Filtered	98.56532051921734
16S_80_Garcia	Filtered	98.42123831363556
16S_80_Garcia	Filtered	98.7251757863076
16S_80_Garcia	Filtered	98.85747537540095
16S_80_Garcia	Filtered	98.58988753354012
16S_80_Garcia	Filtered	98.52325065829359
16S_80_Garcia	Filtered	98.80088478404284
16S_80_Garcia	Filtered	98.69891589620046
16S_80_Garcia	Filtered	98.7311603413837
16S_80_Garcia	Filtered	98.49299617019044
16S_80_Garcia	Filtered	98.56843209229156
16S_80_Garcia	Filtered	98.61491026958653
16S_80_Garcia	Filtered	98.64596778048664
16S_80_Garcia	Filtered	98.63882763190772
16S_80_Garcia	Filtered	98.62723579583742
16S_80_Garcia	Filtered	98.6140228278593
16S_80_Garcia	Filtered	98.61310086262078
16S_80_Garcia	Filtered	98.47202462181703
16S_80_Garcia	Filtered	98.76084044278362
16S_80_Garcia	Filtered	98.60771475901238
16S_80_Garcia	Filtered	98.61428053826937
16S_80_Garcia	Filtered	98.59400845432825
16S_80_Garcia	Filtered	98.7359291967976
16S_80_Garcia	Filtered	98.68777723016264
16S_80_Garcia	Filtered	98.68038958702748
16S_80_Garcia	Filtered	98.81275863788204
16S_80_Garcia	Filtered	98.70164877128353
16S_80_Garcia	Filtered	98.80517017859562
16S_80_Garcia	Filtered	98.53897128431683
16S_80_Garcia	Filtered	98.52292705421219
16S_80_Garcia	Filtered	98.72911135405279
16S_80_Garcia	Filtered	98.44030315234504
16S_80_Garcia	Filtered	98.56812764950968
16S_80_Garcia	Filtered	98.57144666354276
16S_80_Garcia	Filtered	98.76339043293676
16S_80_Garcia	Filtered	98.48741889949365
16S_80_Garcia	Filtered	98.55296086469224
16S_80_Garcia	Filtered	98.7572970703363
16S_80_Garcia	Filtered	98.58866644573968
16S_80_Garcia	Filtered	98.66000335261084
16S_80_Garcia	Filtered	98.47611153868925
16S_80_Garcia	Filtered	98.33449728059594
16S_80_Garcia	Filtered	98.75536847503258
16S_80_Garcia	Filtered	98.48436915820655
16S_80_Garcia	Filtered	98.4959334943117
16S_80_Garcia	Filtered	98.77812487642849
16S_80_Garcia	Filtered	98.69133950154205
16S_80_Garcia	Filtered	98.69914919990985
16S_80_Garcia	Filtered	98.73762719609618
16S_80_Garcia	Filtered	98.59527447984013
16S_80_Garcia	Filtered	98.58008676649477
16S_96_Quagliariello	Filtered	48.12215685688974
16S_96_Quagliariello	Filtered	47.157908152427886
16S_96_Quagliariello	Filtered	47.33929221015434
16S_96_Quagliariello	Filtered	50.08140880071983
16S_96_Quagliariello	Filtered	51.647860311334405
16S_96_Quagliariello	Filtered	45.53290538451747
16S_96_Quagliariello	Filtered	44.48641921077678
16S_96_Quagliariello	Filtered	46.33124638100753
16S_96_Quagliariello	Filtered	49.49121184088806
16S_96_Quagliariello	Filtered	45.26117737100581
16S_96_Quagliariello	Filtered	51.60852668613609
16S_96_Quagliariello	Filtered	51.94972409564684
16S_96_Quagliariello	Filtered	50.72613654571674
16S_96_Quagliariello	Filtered	49.39160061187596
16S_96_Quagliariello	Filtered	54.77273724709979
16S_96_Quagliariello	Filtered	47.184387814879905
16S_96_Quagliariello	Filtered	51.609684912740484
16S_96_Quagliariello	Filtered	49.59923081901134
16S_96_Quagliariello	Filtered	44.07377347401416
16S_96_Quagliariello	Filtered	41.709190143345545
16S_96_Quagliariello	Filtered	54.15320241942165
16S_96_Quagliariello	Filtered	46.27528416494597
16S_96_Quagliariello	Filtered	46.617715981877836
16S_96_Quagliariello	Filtered	51.07919726809187
16S_96_Quagliariello	Filtered	51.182686485536266
16S_96_Quagliariello	Filtered	53.591800628374465
16S_96_Quagliariello	Filtered	50.638291792574805
16S_96_Quagliariello	Filtered	52.391105696009745
16S_96_Quagliariello	Filtered	53.509869668918064
16S_96_Quagliariello	Filtered	49.371719421027514
16S_96_Quagliariello	Filtered	52.93186745770038
16S_96_Quagliariello	Filtered	51.74602472521397
16S_96_Quagliariello	Filtered	54.02298850574713
16S_96_Quagliariello	Filtered	49.3509750301525
16S_96_Quagliariello	Filtered	50.447377211123666
16S_96_Quagliariello	Filtered	47.134734074179526
16S_96_Quagliariello	Filtered	44.7999547920434
16S_96_Quagliariello	Filtered	43.623414675877406
16S_96_Quagliariello	Filtered	44.3846750993196
16S_96_Quagliariello	Filtered	37.736252002135615
16S_96_Quagliariello	Filtered	46.271369921771274
16S_96_Quagliariello	Filtered	38.78805470657537
16S_96_Quagliariello	Filtered	41.20184441469582
16S_96_Quagliariello	Filtered	48.359711325107654
16S_96_Quagliariello	Filtered	39.62678375411636
16S_96_Quagliariello	Filtered	40.97908603132942
16S_96_Quagliariello	Filtered	40.83721824386024
16S_96_Quagliariello	Filtered	44.78473898984765
16S_96_Quagliariello	Filtered	49.36997398547593
16S_96_Quagliariello	Filtered	55.02612270534159
16S_96_Quagliariello	Filtered	49.588019214467366
16S_96_Quagliariello	Filtered	42.561242003432675
16S_96_Quagliariello	Filtered	46.18616907627662
16S_96_Quagliariello	Filtered	53.79470437344979
16S_96_Quagliariello	Filtered	46.40151800370465
16S_96_Quagliariello	Filtered	53.01567867628704
16S_96_Quagliariello	Filtered	55.54843618597574
16S_96_Quagliariello	Filtered	48.45942441309102
16S_96_Quagliariello	Filtered	43.607997576491975
16S_96_Quagliariello	Filtered	47.918001281229984
16S_96_Quagliariello	Filtered	47.74749977062116
16S_96_Quagliariello	Filtered	48.283895897261054
16S_96_Quagliariello	Filtered	46.618337739259985
16S_96_Quagliariello	Filtered	53.192224464931904
16S_96_Quagliariello	Filtered	50.24860391221273
16S_96_Quagliariello	Filtered	48.05255013500899
16S_96_Quagliariello	Filtered	51.09994591859876
16S_96_Quagliariello	Filtered	46.63753088954559
16S_96_Quagliariello	Filtered	53.41569159175747
16S_96_Quagliariello	Filtered	49.21516992556037
16S_96_Quagliariello	Filtered	52.63614556219057
16S_96_Quagliariello	Filtered	52.59722517380613
16S_96_Quagliariello	Filtered	46.526020756003334
16S_96_Quagliariello	Filtered	53.07005919250817
16S_96_Quagliariello	Filtered	50.98688018522092
16S_96_Quagliariello	Filtered	20.009799487411428
16S_96_Quagliariello	Filtered	53.96919374707551
16S_96_Quagliariello	Filtered	45.002725116738105
16S_96_Quagliariello	Filtered	54.71005042601287
16S_96_Quagliariello	Filtered	45.41603993835761
16S_96_Quagliariello	Filtered	52.628683124592776
16S_96_Quagliariello	Filtered	44.22227388979307
16S_96_Quagliariello	Filtered	52.64956587241804
16S_96_Quagliariello	Filtered	45.68250640053634
16S_96_Quagliariello	Filtered	38.09069758572028
16S_96_Quagliariello	Filtered	48.04055499777803
16S_96_Quagliariello	Filtered	46.98560465326626
16S_96_Quagliariello	Filtered	43.86537915364953
16S_96_Quagliariello	Filtered	50.66446326516561
16S_96_Quagliariello	Filtered	42.09046168268104
16S_96_Quagliariello	Filtered	41.76945874278584
16S_96_Quagliariello	Filtered	45.60826948430365
16S_96_Quagliariello	Filtered	54.48098001289491
16S_96_Quagliariello	Filtered	47.906259636139374
16S_96_Quagliariello	Filtered	49.24561825293045
16S_96_Quagliariello	Filtered	6.87593423019432
16S_99_Lionetti	Filtered	79.91469561845676
16S_99_Lionetti	Filtered	81.0531337036638
16S_99_Lionetti	Filtered	80.2275538828777
16S_99_Lionetti	Filtered	79.8741691252266
16S_99_Lionetti	Filtered	81.33082387226034
16S_99_Lionetti	Filtered	79.09367330874069
16S_99_Lionetti	Filtered	46.66998630648575
16S_99_Lionetti	Filtered	80.68352809348487
16S_99_Lionetti	Filtered	81.2818092647086
16S_99_Lionetti	Filtered	76.14758025874461
16S_99_Lionetti	Filtered	80.19555023446074
16S_99_Lionetti	Filtered	79.44682796455199
16S_99_Lionetti	Filtered	78.23344390780495
16S_99_Lionetti	Filtered	82.23568436297946
16S_99_Lionetti	Filtered	77.87962754132165
16S_99_Lionetti	Filtered	80.10198495252693
16S_99_Lionetti	Filtered	78.25636777800787
16S_99_Lionetti	Filtered	79.0096911906765
16S_99_Lionetti	Filtered	80.71919260452887
16S_99_Lionetti	Filtered	82.01378034387061
16S_99_Lionetti	Filtered	79.92787238064768
16S_99_Lionetti	Filtered	79.98065764023211
16S_99_Lionetti	Filtered	81.19579258165713
16S_99_Lionetti	Filtered	82.7142750485292
16S_99_Lionetti	Filtered	78.21997229395768
16S_99_Lionetti	Filtered	82.6231925876054
16S_99_Lionetti	Filtered	82.23541622149638
16S_99_Lionetti	Filtered	80.90999161649265
16S_99_Lionetti	Filtered	82.33606312391655
16S_99_Lionetti	Filtered	82.51240992794236
16S_99_Lionetti	Filtered	83.57677126050163
16S_99_Lionetti	Filtered	83.54476925905497
16S_99_Lionetti	Filtered	74.04006041097772
16S_99_Lionetti	Filtered	74.33950379675963
16S_99_Lionetti	Filtered	79.13421896472744
16S_99_Lionetti	Filtered	77.07240529029366
16S_99_Lionetti	Filtered	81.11015225297417
16S_99_Lionetti	Filtered	81.13198764991544
16S_99_Lionetti	Filtered	83.6858558648442
16S_99_Lionetti	Filtered	83.45959067509312
16S_99_Lionetti	Filtered	82.5346149842107
16S_99_Lionetti	Filtered	83.04201498208663
16S_99_Lionetti	Filtered	80.8632456448387
16S_99_Lionetti	Filtered	77.20397369088744
16S_99_Lionetti	Filtered	84.13125738472354
16S_99_Lionetti	Filtered	81.55659676744219
16S_99_Lionetti	Filtered	84.55149032349202
16S_99_Lionetti	Filtered	80.70759712390614
16S_99_Lionetti	Filtered	78.9573694646398
16S_99_Lionetti	Filtered	82.13674385556955
16S_99_Lionetti	Filtered	82.58514971131899
16S_99_Lionetti	Filtered	82.65616992198622
16S_99_Lionetti	Filtered	81.14035712758833
16S_99_Lionetti	Filtered	76.60998092816274
16S_99_Lionetti	Filtered	79.02104150224115
16S_99_Lionetti	Filtered	83.16280047655758
16S_99_Lionetti	Filtered	83.39245765420262
16S_99_Lionetti	Filtered	82.11823216909687
16S_99_Lionetti	Filtered	81.07986790214498
16S_99_Lionetti	Filtered	83.09043076873415
16S_99_Lionetti	Filtered	83.47560884450358
16S_99_Lionetti	Filtered	84.26667916334723
16S_99_Lionetti	Filtered	83.20940310838829
16S_99_Lionetti	Filtered	83.71902853871944
16S_99_Lionetti	Filtered	83.78433263948824
16S_99_Lionetti	Filtered	80.96935841616693
16S_99_Lionetti	Filtered	81.19280580095626
16S_99_Lionetti	Filtered	83.11214430744785
16S_99_Lionetti	Filtered	80.09080590238365
16S_99_Lionetti	Filtered	82.1516864616289
16S_99_Lionetti	Filtered	83.80517098568217
16S_99_Lionetti	Filtered	80.67096919334655
16S_99_Lionetti	Filtered	81.94530932719643
16S_99_Lionetti	Filtered	81.63245315757804
16S_99_Lionetti	Filtered	79.58149491066358
16S_99_Lionetti	Filtered	83.3304078169797
16S_99_Lionetti	Filtered	83.71496981755641
16S_99_Lionetti	Filtered	83.56401099353225
16S_99_Lionetti	Filtered	82.94827140401844
16S_99_Lionetti	Filtered	78.01338965031749
16S_99_Lionetti	Filtered	80.50597523885595
16S_99_Lionetti	Filtered	80.29236895216276
16S_99_Lionetti	Filtered	81.4348421642488
16S_99_Lionetti	Filtered	80.8199121522694
16S_99_Lionetti	Filtered	79.05049343681134
16S_99_Lionetti	Filtered	82.02733923758181
16S_99_Lionetti	Filtered	81.62798813470599
16S_99_Lionetti	Filtered	80.25382904149929
16S_99_Lionetti	Filtered	83.27773326535072
16S_99_Lionetti	Filtered	81.43519820073095
16S_99_Lionetti	Filtered	83.13070592291663
16S_99_Lionetti	Filtered	82.15820266049373
16S_99_Lionetti	Filtered	83.2524600015023
16S_99_Lionetti	Filtered	83.53826809712764
16S_99_Lionetti	Filtered	83.33333333333334
16S_99_Lionetti	Filtered	84.23013788575182
16S_99_Lionetti	Filtered	83.12689604143544
16S_99_Lionetti	Filtered	79.22699533325356
16S_99_Lionetti	Filtered	80.97487880123403
16S_39_Olivares	Filtered	70.96082634963945
16S_39_Olivares	Filtered	70.96082634963945
16S_39_Olivares	Filtered	80.88986141502554
16S_39_Olivares	Filtered	84.58047697209616
16S_39_Olivares	Filtered	82.01708689310273
16S_39_Olivares	Filtered	74.34983317336258
16S_39_Olivares	Filtered	68.33978121664887
16S_39_Olivares	Filtered	75.20692567567568
16S_39_Olivares	Filtered	75.71019693280363
16S_39_Olivares	Filtered	76.28321805606116
16S_39_Olivares	Filtered	76.18639397464943
16S_39_Olivares	Filtered	81.85451638689048
16S_39_Olivares	Filtered	73.8803565675008
16S_39_Olivares	Filtered	78.0007326305507
16S_39_Olivares	Filtered	76.14461809377063
16S_39_Olivares	Filtered	73.1721814939568
16S_39_Olivares	Filtered	76.7529298828047
16S_39_Olivares	Filtered	76.6333401346664
16S_39_Olivares	Filtered	76.797157982725
16S_39_Olivares	Filtered	74.71612864871292
16S_39_Olivares	Filtered	43.183101773410144
16S_39_Olivares	Filtered	55.281471783917866
16S_39_Olivares	Filtered	84.59742200635158
16S_39_Olivares	Filtered	84.73466574776016
16S_39_Olivares	Filtered	70.70387338608913
16S_39_Olivares	Filtered	58.056032018296165
16S_39_Olivares	Filtered	81.16563643244608
16S_39_Olivares	Filtered	77.26247179744297
16S_39_Olivares	Filtered	81.66888171634706
16S_39_Olivares	Filtered	82.07885304659499
16S_39_Olivares	Filtered	86.1938044697558
16S_39_Olivares	Filtered	85.39640155127472
16S_39_Olivares	Filtered	83.8722371614088
16S_39_Olivares	Filtered	76.77868891311562
16S_39_Olivares	Filtered	77.2811059907834
16S_39_Olivares	Filtered	78.9552417424605
16S_39_Olivares	Filtered	74.73695687728289
16S_39_Olivares	Filtered	77.9362613566822
16S_39_Olivares	Filtered	71.45026925024163
16S_102_Bodkhe	DenoisedF	87.70069490082409
16S_102_Bodkhe	DenoisedF	81.65895558576392
16S_102_Bodkhe	DenoisedF	48.47309743092584
16S_102_Bodkhe	DenoisedF	85.9525282532322
16S_102_Bodkhe	DenoisedF	87.95952717952642
16S_102_Bodkhe	DenoisedF	86.80979400573224
16S_102_Bodkhe	DenoisedF	62.39793140990746
16S_102_Bodkhe	DenoisedF	87.16082482978928
16S_102_Bodkhe	DenoisedF	85.19287719703088
16S_102_Bodkhe	DenoisedF	81.38650226274021
16S_102_Bodkhe	DenoisedF	83.62810524371066
16S_102_Bodkhe	DenoisedF	81.71669773131025
16S_102_Bodkhe	DenoisedF	89.0653315382493
16S_102_Bodkhe	DenoisedF	89.29544708085892
16S_102_Bodkhe	DenoisedF	83.01861897279925
16S_102_Bodkhe	DenoisedF	88.32301494417143
16S_102_Bodkhe	DenoisedF	90.6586281832499
16S_102_Bodkhe	DenoisedF	89.27320607870107
16S_102_Bodkhe	DenoisedF	89.39983257789211
16S_102_Bodkhe	DenoisedF	88.42005510607646
16S_102_Bodkhe	DenoisedF	87.6880544152848
16S_102_Bodkhe	DenoisedF	89.51021753048367
16S_102_Bodkhe	DenoisedF	88.7430457005372
16S_102_Bodkhe	DenoisedF	87.73937273035699
16S_102_Bodkhe	DenoisedF	90.00919553041491
16S_102_Bodkhe	DenoisedF	80.3722276192669
16S_102_Bodkhe	DenoisedF	89.4317949872958
16S_102_Bodkhe	DenoisedF	86.8592289675555
16S_102_Bodkhe	DenoisedF	89.5464254090992
16S_102_Bodkhe	DenoisedF	69.78063460403968
16S_102_Bodkhe	DenoisedF	86.49517092498029
16S_102_Bodkhe	DenoisedF	83.01585162020812
16S_102_Bodkhe	DenoisedF	88.05345268816053
16S_102_Bodkhe	DenoisedF	81.88835420233873
16S_102_Bodkhe	DenoisedF	82.5937086820996
16S_102_Bodkhe	DenoisedF	82.88868339510918
16S_102_Bodkhe	DenoisedF	81.26506052246675
16S_102_Bodkhe	DenoisedF	82.00639092668438
16S_102_Bodkhe	DenoisedF	79.88379942056692
16S_102_Bodkhe	DenoisedF	84.22292189263615
16S_102_Bodkhe	DenoisedF	78.33195142705259
16S_102_Bodkhe	DenoisedF	84.86190430097119
16S_102_Bodkhe	DenoisedF	82.67455992838248
16S_102_Bodkhe	DenoisedF	82.30671844516905
16S_102_Bodkhe	DenoisedF	82.42429651041304
16S_102_Bodkhe	DenoisedF	84.39091296780812
16S_102_Bodkhe	DenoisedF	81.41082164328657
16S_102_Bodkhe	DenoisedF	85.09304479289518
16S_102_Bodkhe	DenoisedF	83.61935800519169
16S_102_Bodkhe	DenoisedF	83.37976350963953
16S_102_Bodkhe	DenoisedF	87.82363718871434
16S_102_Bodkhe	DenoisedF	82.78803169945239
16S_102_Bodkhe	DenoisedF	77.17025665617541
16S_102_Bodkhe	DenoisedF	86.32336638729168
16S_102_Bodkhe	DenoisedF	88.80330913986658
16S_102_Bodkhe	DenoisedF	89.79703621351194
16S_102_Bodkhe	DenoisedF	89.62358636230856
16S_102_Bodkhe	DenoisedF	89.76750675596287
16S_102_Bodkhe	DenoisedF	79.79002259303444
16S_102_Bodkhe	DenoisedF	89.90643219932048
16S_102_Bodkhe	DenoisedF	88.68719992911731
16S_102_Bodkhe	DenoisedF	87.11676733142536
16S_102_Bodkhe	DenoisedF	86.67548146285444
16S_102_Bodkhe	DenoisedF	87.57499238034777
16S_102_Bodkhe	DenoisedF	83.7105426386641
16S_102_Bodkhe	DenoisedF	81.84867900303527
16S_102_Bodkhe	DenoisedF	84.20890154418068
16S_102_Bodkhe	DenoisedF	77.8169439729995
16S_102_Bodkhe	DenoisedF	80.52409114973345
16S_102_Bodkhe	DenoisedF	84.0263984554011
16S_102_Bodkhe	DenoisedF	79.50353361799876
16S_102_Bodkhe	DenoisedF	81.20335490572337
16S_102_Bodkhe	DenoisedF	83.12539894388674
16S_102_Bodkhe	DenoisedF	78.42467979293731
16S_102_Bodkhe	DenoisedF	84.72913264405037
16S_102_Bodkhe	DenoisedF	83.10644386271969
16S_102_Bodkhe	DenoisedF	82.69798822990771
16S_102_Bodkhe	DenoisedF	88.14609470705022
16S_102_Bodkhe	DenoisedF	88.30596094719678
16S_102_Bodkhe	DenoisedF	87.9320489575627
16S_102_Bodkhe	DenoisedF	81.44320353205075
16S_102_Bodkhe	DenoisedF	84.32916246342396
16S_102_Bodkhe	DenoisedF	90.99781911962371
16S_102_Bodkhe	DenoisedF	89.43539864450112
16S_102_Bodkhe	DenoisedF	77.61094209639705
16S_102_Bodkhe	DenoisedF	82.7312026712778
16S_102_Bodkhe	DenoisedF	91.35074358899708
16S_102_Bodkhe	DenoisedF	90.46943355829895
16S_102_Bodkhe	DenoisedF	89.01928307249268
16S_102_Bodkhe	DenoisedF	89.9895931120151
16S_102_Bodkhe	DenoisedF	87.43021346469622
16S_102_Bodkhe	DenoisedF	87.45684705473225
16S_102_Bodkhe	DenoisedF	89.46006096371843
16S_102_Bodkhe	DenoisedF	89.86675811673537
16S_102_Bodkhe	DenoisedF	89.69153692608924
16S_102_Bodkhe	DenoisedF	86.54412357400737
16S_102_Bodkhe	DenoisedF	88.23277829897606
16S_102_Bodkhe	DenoisedF	86.72772995429249
16S_102_Bodkhe	DenoisedF	90.03714014301923
16S_102_Bodkhe	DenoisedF	85.39230623915311
16S_102_Bodkhe	DenoisedF	83.66337004009814
16S_102_Bodkhe	DenoisedF	85.66190950662718
16S_119_Salamon	DenoisedF	64.23727539282761
16S_119_Salamon	DenoisedF	62.1753034851847
16S_119_Salamon	DenoisedF	63.91683880855601
16S_119_Salamon	DenoisedF	65.62405233288567
16S_119_Salamon	DenoisedF	62.01767889953816
16S_119_Salamon	DenoisedF	62.53269552513137
16S_119_Salamon	DenoisedF	64.42981280863607
16S_119_Salamon	DenoisedF	63.97737032749543
16S_119_Salamon	DenoisedF	65.24068647969862
16S_119_Salamon	DenoisedF	60.034279471870114
16S_119_Salamon	DenoisedF	63.697751944610644
16S_119_Salamon	DenoisedF	62.00874138298629
16S_119_Salamon	DenoisedF	65.07117804827729
16S_119_Salamon	DenoisedF	61.34815551813868
16S_119_Salamon	DenoisedF	63.75967687647257
16S_119_Salamon	DenoisedF	62.48328169705588
16S_119_Salamon	DenoisedF	63.171455340412244
16S_119_Salamon	DenoisedF	31.48873740897787
16S_119_Salamon	DenoisedF	27.99869554055273
16S_119_Salamon	DenoisedF	28.00499431736326
16S_119_Salamon	DenoisedF	64.24855967078189
16S_119_Salamon	DenoisedF	30.231174682326184
16S_119_Salamon	DenoisedF	29.564218281747866
16S_119_Salamon	DenoisedF	60.5991540388485
16S_119_Salamon	DenoisedF	26.961502978638197
16S_119_Salamon	DenoisedF	25.135992747053493
16S_119_Salamon	DenoisedF	59.99601593625498
16S_119_Salamon	DenoisedF	23.53059379081684
16S_119_Salamon	DenoisedF	59.72836445053014
16S_119_Salamon	DenoisedF	21.507046304285304
16S_119_Salamon	DenoisedF	25.38346838047461
16S_119_Salamon	DenoisedF	23.73097181223592
16S_119_Salamon	DenoisedF	27.414860017435295
16S_119_Salamon	DenoisedF	32.454123401824816
16S_119_Salamon	DenoisedF	29.0262213513573
16S_119_Salamon	DenoisedF	26.226453875786525
16S_119_Salamon	DenoisedF	63.81939762768071
16S_119_Salamon	DenoisedF	60.51312399916452
16S_119_Salamon	DenoisedF	62.658628260950465
16S_119_Salamon	DenoisedF	63.032482643229415
16S_119_Salamon	DenoisedF	66.1467004062063
16S_119_Salamon	DenoisedF	63.42882345528626
16S_119_Salamon	DenoisedF	62.957700295114215
16S_119_Salamon	DenoisedF	61.77850040647864
16S_119_Salamon	DenoisedF	63.69869628198938
16S_119_Salamon	DenoisedF	62.8079772079772
16S_119_Salamon	DenoisedF	60.85704768249738
16S_119_Salamon	DenoisedF	60.875108136411235
16S_119_Salamon	DenoisedF	61.79446277560474
16S_119_Salamon	DenoisedF	61.124582338902144
16S_119_Salamon	DenoisedF	60.22748653040281
16S_119_Salamon	DenoisedF	61.556807576647884
16S_119_Salamon	DenoisedF	57.8900496660387
16S_119_Salamon	DenoisedF	56.890658854405075
16S_119_Salamon	DenoisedF	59.20103443582415
16S_119_Salamon	DenoisedF	58.21172237825137
16S_119_Salamon	DenoisedF	56.18301111890214
16S_119_Salamon	DenoisedF	61.938768613845774
16S_119_Salamon	DenoisedF	59.948276230576866
16S_119_Salamon	DenoisedF	59.65422427946907
16S_119_Salamon	DenoisedF	63.82988414995218
16S_119_Salamon	DenoisedF	59.11558752997602
16S_119_Salamon	DenoisedF	60.97645543704389
16S_119_Salamon	DenoisedF	62.404232723962686
16S_119_Salamon	DenoisedF	61.61348684210526
16S_119_Salamon	DenoisedF	61.50471907265471
16S_119_Salamon	DenoisedF	63.45687922057838
16S_119_Salamon	DenoisedF	61.985380752468004
16S_119_Salamon	DenoisedF	63.628434365460095
16S_119_Salamon	DenoisedF	55.110674198045174
16S_119_Salamon	DenoisedF	64.37427449430709
16S_119_Salamon	DenoisedF	54.75422585146046
16S_119_Salamon	DenoisedF	64.05437887277779
16S_119_Salamon	DenoisedF	61.835535138528265
16S_119_Salamon	DenoisedF	65.85810851229287
16S_119_Salamon	DenoisedF	62.035144018011955
16S_119_Salamon	DenoisedF	57.095137633112316
16S_119_Salamon	DenoisedF	61.830364034952304
16S_119_Salamon	DenoisedF	50.208358549617
16S_119_Salamon	DenoisedF	63.70616027621298
16S_119_Salamon	DenoisedF	62.61323905951468
16S_119_Salamon	DenoisedF	61.90905174102072
16S_119_Salamon	DenoisedF	62.97353893013516
16S_119_Salamon	DenoisedF	59.54320639639178
16S_119_Salamon	DenoisedF	61.56793431780603
16S_119_Salamon	DenoisedF	63.3020633693106
16S_119_Salamon	DenoisedF	62.26766293509187
16S_119_Salamon	DenoisedF	64.74776127704544
16S_119_Salamon	DenoisedF	63.82941444440551
16S_119_Salamon	DenoisedF	61.46847303657257
16S_119_Salamon	DenoisedF	63.98175598631699
16S_119_Salamon	DenoisedF	46.7977966382184
16S_119_Salamon	DenoisedF	54.47694765208697
16S_119_Salamon	DenoisedF	62.7728566909206
16S_119_Salamon	DenoisedF	62.6679704750489
16S_119_Salamon	DenoisedF	44.923965828931976
16S_119_Salamon	DenoisedF	63.2408850961407
16S_119_Salamon	DenoisedF	62.59905791077861
16S_119_Salamon	DenoisedF	63.271907612593495
16S_119_Salamon	DenoisedF	61.16234911162349
16S_119_Salamon	DenoisedF	62.515324887617496
16S_119_Salamon	DenoisedF	63.7613038369182
16S_119_Salamon	DenoisedF	61.60315230676615
16S_119_Salamon	DenoisedF	38.69005079867885
16S_119_Salamon	DenoisedF	61.930065476545856
16S_119_Salamon	DenoisedF	65.07495743872002
16S_119_Salamon	DenoisedF	63.36120049318858
16S_119_Salamon	DenoisedF	63.38213471629416
16S_119_Salamon	DenoisedF	61.88104869680987
16S_119_Salamon	DenoisedF	63.873623977250915
16S_119_Salamon	DenoisedF	64.21013444824673
16S_119_Salamon	DenoisedF	55.10664727625281
16S_119_Salamon	DenoisedF	60.9405476801155
16S_119_Salamon	DenoisedF	64.20942777371175
16S_119_Salamon	DenoisedF	60.10553708255024
16S_119_Salamon	DenoisedF	62.602650848086014
16S_119_Salamon	DenoisedF	60.75189293889769
16S_119_Salamon	DenoisedF	61.450287592440425
16S_119_Salamon	DenoisedF	59.95426888346317
16S_1211_Milletich	DenoisedF	75.46935432250785
16S_1211_Milletich	DenoisedF	83.32744058141819
16S_1211_Milletich	DenoisedF	75.1614235492027
16S_1211_Milletich	DenoisedF	67.87261930237534
16S_1211_Milletich	DenoisedF	64.30121822177605
16S_1211_Milletich	DenoisedF	40.539673166536154
16S_1211_Milletich	DenoisedF	69.07535902655167
16S_1211_Milletich	DenoisedF	63.14421165315798
16S_1211_Milletich	DenoisedF	63.968598057586554
16S_1211_Milletich	DenoisedF	57.36606785147674
16S_1211_Milletich	DenoisedF	64.08089520923184
16S_1211_Milletich	DenoisedF	46.300631578947375
16S_1211_Milletich	DenoisedF	86.51211636728424
16S_1211_Milletich	DenoisedF	58.34121903701642
16S_1211_Milletich	DenoisedF	66.48020370199347
16S_1211_Milletich	DenoisedF	57.82369093108547
16S_1211_Milletich	DenoisedF	64.68381394461578
16S_1211_Milletich	DenoisedF	64.26810616284301
16S_1211_Milletich	DenoisedF	64.80836738217184
16S_1211_Milletich	DenoisedF	30.764612954186415
16S_1211_Milletich	DenoisedF	64.09695201037614
16S_1211_Milletich	DenoisedF	67.45083969726478
16S_1211_Milletich	DenoisedF	20.737058754999808
16S_1211_Milletich	DenoisedF	84.07868138703157
16S_1211_Milletich	DenoisedF	64.55566905005107
16S_1211_Milletich	DenoisedF	58.38261602798573
16S_1211_Milletich	DenoisedF	66.6155293996313
16S_1211_Milletich	DenoisedF	64.33665183929959
16S_1211_Milletich	DenoisedF	64.17787582936828
16S_1211_Milletich	DenoisedF	34.17175132704913
16S_1211_Milletich	DenoisedF	66.55487172394717
16S_1211_Milletich	DenoisedF	70.05705001569336
16S_1211_Milletich	DenoisedF	65.53226935799309
16S_1211_Milletich	DenoisedF	66.02086866538274
16S_1211_Milletich	DenoisedF	76.70377634741291
16S_1211_Milletich	DenoisedF	29.300929751085025
16S_1211_Milletich	DenoisedF	61.851057723151726
16S_1211_Milletich	DenoisedF	65.98618437024122
16S_1211_Milletich	DenoisedF	79.00650502661148
16S_1211_Milletich	DenoisedF	63.540385711286405
16S_1211_Milletich	DenoisedF	57.84959561701017
16S_1211_Milletich	DenoisedF	63.61886612672701
16S_1211_Milletich	DenoisedF	39.445877603369624
16S_1211_Milletich	DenoisedF	63.29822374571518
16S_1211_Milletich	DenoisedF	61.87845303867403
16S_1211_Milletich	DenoisedF	87.07323384801174
16S_1211_Milletich	DenoisedF	66.78131788559016
16S_1211_Milletich	DenoisedF	63.19637883008357
16S_1211_Milletich	DenoisedF	55.81187889168406
16S_1211_Milletich	DenoisedF	36.79565723148507
16S_1211_Milletich	DenoisedF	38.05043495536918
16S_1211_Milletich	DenoisedF	41.0025547535779
16S_1211_Milletich	DenoisedF	64.83786610878661
16S_1211_Milletich	DenoisedF	37.84512095594463
16S_1211_Milletich	DenoisedF	77.40367745104919
16S_1211_Milletich	DenoisedF	66.4231840252998
16S_1211_Milletich	DenoisedF	61.43757336967521
16S_1211_Milletich	DenoisedF	65.94436785337766
16S_1211_Milletich	DenoisedF	63.93158261413561
16S_1211_Milletich	DenoisedF	35.80237828928004
16S_1211_Milletich	DenoisedF	81.67568063067192
16S_1211_Milletich	DenoisedF	79.61547479484173
16S_1211_Milletich	DenoisedF	78.59172216287475
16S_1211_Milletich	DenoisedF	79.38113839973381
16S_1211_Milletich	DenoisedF	46.757925072046106
16S_1211_Milletich	DenoisedF	78.87343462594805
16S_1211_Milletich	DenoisedF	77.50239818609924
16S_1211_Milletich	DenoisedF	79.13444564660327
16S_1211_Milletich	DenoisedF	42.34020967196483
16S_1211_Milletich	DenoisedF	80.49654744355652
16S_1211_Milletich	DenoisedF	79.18979266347688
16S_1211_Milletich	DenoisedF	77.83678935944211
16S_1211_Milletich	DenoisedF	78.01051459966372
16S_1211_Milletich	DenoisedF	55.37633286730797
16S_1211_Milletich	DenoisedF	54.70432333940699
16S_1211_Milletich	DenoisedF	73.90925627033536
16S_1211_Milletich	DenoisedF	77.94610564922826
16S_1211_Milletich	DenoisedF	77.10382270481955
16S_1211_Milletich	DenoisedF	77.99553525075278
16S_1211_Milletich	DenoisedF	76.59923084106596
16S_1211_Milletich	DenoisedF	54.67139589276994
16S_1211_Milletich	DenoisedF	85.54731792411687
16S_1211_Milletich	DenoisedF	79.53145622525297
16S_1211_Milletich	DenoisedF	75.33086539485045
16S_1211_Milletich	DenoisedF	47.99514587652323
16S_1211_Milletich	DenoisedF	80.17434874282993
16S_1211_Milletich	DenoisedF	75.23036262768161
16S_1211_Milletich	DenoisedF	77.30811135147084
16S_1211_Milletich	DenoisedF	50.995903894357156
16S_1211_Milletich	DenoisedF	77.7815239379636
16S_1211_Milletich	DenoisedF	79.61408848787912
16S_1211_Milletich	DenoisedF	78.43316266732465
16S_1211_Milletich	DenoisedF	76.7236774816751
16S_1211_Milletich	DenoisedF	24.20500042335466
16S_1211_Milletich	DenoisedF	32.00985232857742
16S_1211_Milletich	DenoisedF	31.445207285064242
16S_1211_Milletich	DenoisedF	82.61390887290167
16S_1211_Milletich	DenoisedF	78.8180648049695
16S_1211_Milletich	DenoisedF	79.19865084903466
16S_1211_Milletich	DenoisedF	60.90828907253657
16S_1211_Milletich	DenoisedF	24.085540029336833
16S_1211_Milletich	DenoisedF	59.670881800333554
16S_1211_Milletich	DenoisedF	77.54463990840837
16S_1211_Milletich	DenoisedF	32.296472808399365
16S_1211_Milletich	DenoisedF	54.51787547839074
16S_1211_Milletich	DenoisedF	82.76626636202997
16S_1211_Milletich	DenoisedF	79.53637475090733
16S_1211_Milletich	DenoisedF	78.96615566911058
16S_1211_Milletich	DenoisedF	78.17761749126564
16S_1211_Milletich	DenoisedF	73.22201607915893
16S_1211_Milletich	DenoisedF	79.21623167820717
16S_1211_Milletich	DenoisedF	37.42422919879348
16S_1211_Milletich	DenoisedF	81.7845480962224
16S_1211_Milletich	DenoisedF	61.67381655431129
16S_1211_Milletich	DenoisedF	59.69293260933619
16S_1211_Milletich	DenoisedF	80.4033569137484
16S_1211_Milletich	DenoisedF	69.60498137638086
16S_1211_Milletich	DenoisedF	62.94620919068079
16S_1211_Milletich	DenoisedF	54.20827777626602
16S_1211_Milletich	DenoisedF	49.37282347770227
16S_1211_Milletich	DenoisedF	56.33140461479278
16S_1211_Milletich	DenoisedF	77.43019856418692
16S_1211_Milletich	DenoisedF	25.763047242146918
16S_1211_Milletich	DenoisedF	82.30922349964654
16S_1211_Milletich	DenoisedF	80.37384339866679
16S_1211_Milletich	DenoisedF	79.19903434758706
16S_1211_Milletich	DenoisedF	86.80133878371764
16S_1211_Milletich	DenoisedF	82.0812516704702
16S_1211_Milletich	DenoisedF	77.63966671219778
16S_1211_Milletich	DenoisedF	65.08112933433688
16S_1211_Milletich	DenoisedF	72.96150348590483
16S_1211_Milletich	DenoisedF	76.63810451973826
16S_1211_Milletich	DenoisedF	80.68636908415914
16S_1211_Milletich	DenoisedF	77.65937101572462
16S_1211_Milletich	DenoisedF	28.36788225808098
16S_1211_Milletich	DenoisedF	77.69972167191317
16S_1211_Milletich	DenoisedF	70.3246985794437
16S_1211_Milletich	DenoisedF	74.72815406786323
16S_1211_Milletich	DenoisedF	75.90072057646117
16S_1211_Milletich	DenoisedF	77.88753089460586
16S_1211_Milletich	DenoisedF	75.6849220835206
16S_1211_Milletich	DenoisedF	77.55312322056417
16S_1211_Milletich	DenoisedF	79.1064526695054
16S_1211_Milletich	DenoisedF	77.54068651837112
16S_1211_Milletich	DenoisedF	82.67188425103612
16S_1211_Milletich	DenoisedF	57.86703755215578
16S_1211_Milletich	DenoisedF	81.48280328865624
16S_1211_Milletich	DenoisedF	73.75153059536022
16S_1211_Milletich	DenoisedF	83.15495867768595
16S_1211_Milletich	DenoisedF	59.83123147316126
16S_1211_Milletich	DenoisedF	77.0926011844655
16S_1211_Milletich	DenoisedF	76.94712058887205
16S_1211_Milletich	DenoisedF	30.180649451401976
16S_1211_Milletich	DenoisedF	74.64936259356718
16S_1211_Milletich	DenoisedF	80.59696189037932
16S_1211_Milletich	DenoisedF	77.99974186516756
16S_1211_Milletich	DenoisedF	19.029728131092952
16S_1211_Milletich	DenoisedF	79.33078949213312
16S_1211_Milletich	DenoisedF	79.06462607414035
16S_1211_Milletich	DenoisedF	75.43471995388606
16S_1211_Milletich	DenoisedF	78.18358466296286
16S_1211_Milletich	DenoisedF	81.12497778479889
16S_1211_Milletich	DenoisedF	23.680754865343033
16S_1211_Milletich	DenoisedF	80.48624978947622
16S_1211_Milletich	DenoisedF	73.24940991345397
16S_1211_Milletich	DenoisedF	79.73625350430638
16S_1211_Milletich	DenoisedF	79.67219888437435
16S_1211_Milletich	DenoisedF	80.59639814975273
16S_1211_Milletich	DenoisedF	78.24451810300866
16S_1211_Milletich	DenoisedF	81.88539673462805
16S_1211_Milletich	DenoisedF	78.58477308423576
16S_1211_Milletich	DenoisedF	74.20641301900748
16S_1211_Milletich	DenoisedF	78.98859742457628
16S_1211_Milletich	DenoisedF	80.52167829523323
16S_1211_Milletich	DenoisedF	54.711386534791615
16S_1211_Milletich	DenoisedF	48.343653501042795
16S_1211_Milletich	DenoisedF	25.924797286554668
16S_1211_Milletich	DenoisedF	81.4954810884156
16S_1211_Milletich	DenoisedF	74.06610847863091
16S_1211_Milletich	DenoisedF	56.68448593483346
16S_1211_Milletich	DenoisedF	80.38263366838414
16S_1211_Milletich	DenoisedF	80.54747278801595
16S_1211_Milletich	DenoisedF	46.74938725490196
16S_1211_Milletich	DenoisedF	80.22913357901716
16S_1211_Milletich	DenoisedF	74.61645071875202
16S_1211_Milletich	DenoisedF	75.66514233115618
16S_1211_Milletich	DenoisedF	78.06490384615384
16S_1211_Milletich	DenoisedF	86.57456140350878
16S_1211_Milletich	DenoisedF	80.05491396114104
16S_1211_Milletich	DenoisedF	86.68717118575475
16S_1211_Milletich	DenoisedF	86.16277339681595
16S_1211_Milletich	DenoisedF	73.07873367070731
16S_1211_Milletich	DenoisedF	84.38806074115352
16S_1211_Milletich	DenoisedF	86.8965377113134
16S_1211_Milletich	DenoisedF	82.4149529334748
16S_1211_Milletich	DenoisedF	81.45070561531628
16S_1211_Milletich	DenoisedF	86.55309894889453
16S_1211_Milletich	DenoisedF	86.12149084986108
16S_1211_Milletich	DenoisedF	80.03073847575853
16S_1211_Milletich	DenoisedF	86.77759885489354
16S_1211_Milletich	DenoisedF	85.42138441765101
16S_1211_Milletich	DenoisedF	23.085200309016667
16S_1211_Milletich	DenoisedF	84.12501795203217
16S_1211_Milletich	DenoisedF	86.46445708475007
16S_1211_Milletich	DenoisedF	85.83847183722727
16S_1211_Milletich	DenoisedF	86.06977601731911
16S_1211_Milletich	DenoisedF	82.4805264571582
16S_1211_Milletich	DenoisedF	76.95579396329369
16S_1211_Milletich	DenoisedF	76.88931101755827
16S_1211_Milletich	DenoisedF	85.2094608842342
16S_1211_Milletich	DenoisedF	75.21788106954408
16S_1211_Milletich	DenoisedF	27.569018783374293
16S_1211_Milletich	DenoisedF	73.68325791855203
16S_1211_Milletich	DenoisedF	31.861096685764878
16S_1211_Milletich	DenoisedF	86.29055831628179
16S_1211_Milletich	DenoisedF	86.27311794950504
16S_1211_Milletich	DenoisedF	86.0396618854526
16S_1211_Milletich	DenoisedF	85.94592166726555
16S_1211_Milletich	DenoisedF	85.17893138563836
16S_1211_Milletich	DenoisedF	70.4096904871186
16S_1211_Milletich	DenoisedF	86.57806530934852
16S_1211_Milletich	DenoisedF	86.6019866019866
16S_1211_Milletich	DenoisedF	85.09753348901515
16S_1211_Milletich	DenoisedF	59.347785343912044
16S_1211_Milletich	DenoisedF	30.860140302091892
16S_1211_Milletich	DenoisedF	36.672210719255965
16S_1211_Milletich	DenoisedF	76.85157624137464
16S_1211_Milletich	DenoisedF	85.58149511994566
16S_1211_Milletich	DenoisedF	81.92150810274501
16S_1211_Milletich	DenoisedF	83.2091707091707
16S_1211_Milletich	DenoisedF	84.94725963352417
16S_1211_Milletich	DenoisedF	32.812150993969176
16S_1211_Milletich	DenoisedF	75.54480705857341
16S_1211_Milletich	DenoisedF	26.181055441674218
16S_1211_Milletich	DenoisedF	82.20532710040325
16S_1211_Milletich	DenoisedF	29.031974701335205
16S_1211_Milletich	DenoisedF	84.80516653363325
16S_1211_Milletich	DenoisedF	76.301095593996
16S_1211_Milletich	DenoisedF	79.39467766116941
16S_1211_Milletich	DenoisedF	27.00791004772178
16S_1211_Milletich	DenoisedF	82.94621026894865
16S_1211_Milletich	DenoisedF	51.290789518675126
16S_1211_Milletich	DenoisedF	80.02620524875718
16S_1211_Milletich	DenoisedF	80.73576256701112
16S_1211_Milletich	DenoisedF	80.76777104623213
16S_1211_Milletich	DenoisedF	82.14674241508521
16S_1211_Milletich	DenoisedF	82.0456909658318
16S_1211_Milletich	DenoisedF	30.10218649684615
16S_1211_Milletich	DenoisedF	78.93326001787064
16S_1211_Milletich	DenoisedF	59.22623442416257
16S_1211_Milletich	DenoisedF	75.21648540906408
16S_1211_Milletich	DenoisedF	80.0809006736596
16S_1211_Milletich	DenoisedF	78.60247558401603
16S_1211_Milletich	DenoisedF	80.36519604462895
16S_1211_Milletich	DenoisedF	81.46357232331668
16S_1211_Milletich	DenoisedF	69.86110918014099
16S_1211_Milletich	DenoisedF	81.89908869901477
16S_1211_Milletich	DenoisedF	56.1620131756214
16S_1211_Milletich	DenoisedF	73.57717677036464
16S_1211_Milletich	DenoisedF	79.71769255559137
16S_1211_Milletich	DenoisedF	76.66475815887082
16S_1211_Milletich	DenoisedF	81.16981972782801
16S_1211_Milletich	DenoisedF	82.45450392141932
16S_1211_Milletich	DenoisedF	82.22705739781865
16S_1211_Milletich	DenoisedF	81.45600458584121
16S_1211_Milletich	DenoisedF	58.563923853115575
16S_1211_Milletich	DenoisedF	78.23013020679903
16S_1211_Milletich	DenoisedF	80.35915234361119
16S_1211_Milletich	DenoisedF	78.30285143268806
16S_1211_Milletich	DenoisedF	79.04846174789
16S_1211_Milletich	DenoisedF	67.49204879178193
16S_1211_Milletich	DenoisedF	80.64393269583906
16S_1211_Milletich	DenoisedF	77.55088247788979
16S_1211_Milletich	DenoisedF	79.80551348766241
16S_1211_Milletich	DenoisedF	77.69010043041607
16S_1211_Milletich	DenoisedF	70.3892773892774
16S_1211_Milletich	DenoisedF	70.98520061489762
16S_1211_Milletich	DenoisedF	79.78973859392758
16S_1211_Milletich	DenoisedF	58.244565274995495
16S_1211_Milletich	DenoisedF	78.60263936090391
16S_1211_Milletich	DenoisedF	63.553793015223235
16S_1211_Milletich	DenoisedF	55.71210421078386
16S_1211_Milletich	DenoisedF	78.79279829111992
16S_1211_Milletich	DenoisedF	79.61256491192343
16S_1211_Milletich	DenoisedF	77.98816264828717
16S_1211_Milletich	DenoisedF	79.46749478185613
16S_1211_Milletich	DenoisedF	77.54186602870813
16S_1211_Milletich	DenoisedF	78.36866480634652
16S_1211_Milletich	DenoisedF	38.06112785191563
16S_1211_Milletich	DenoisedF	78.08938632944957
16S_1211_Milletich	DenoisedF	75.10095205963289
16S_1211_Milletich	DenoisedF	75.98259871302982
16S_1211_Milletich	DenoisedF	75.37689369475763
16S_1211_Milletich	DenoisedF	71.49408002033339
16S_1211_Milletich	DenoisedF	46.50407333707502
16S_1211_Milletich	DenoisedF	76.28566912441539
16S_1211_Milletich	DenoisedF	15.034911693950596
16S_1211_Milletich	DenoisedF	78.00068828507516
16S_1211_Milletich	DenoisedF	76.72371453398314
16S_1211_Milletich	DenoisedF	80.59496728500739
16S_1211_Milletich	DenoisedF	71.73397186987661
16S_1211_Milletich	DenoisedF	62.02594251586413
16S_1211_Milletich	DenoisedF	80.22025508734254
16S_1211_Milletich	DenoisedF	76.01150527325024
16S_1211_Milletich	DenoisedF	73.2492376308118
16S_1211_Milletich	DenoisedF	78.17707091937336
16S_1211_Milletich	DenoisedF	79.00839664134345
16S_1211_Milletich	DenoisedF	79.40200696293263
16S_1211_Milletich	DenoisedF	76.78907220152563
16S_1211_Milletich	DenoisedF	66.02139897334406
16S_1211_Milletich	DenoisedF	73.58676768403632
16S_1211_Milletich	DenoisedF	76.96924062440296
16S_1211_Milletich	DenoisedF	57.667908922041654
16S_1211_Milletich	DenoisedF	77.04189885518431
16S_1211_Milletich	DenoisedF	73.40368925150763
16S_1211_Milletich	DenoisedF	74.95045032587552
16S_1211_Milletich	DenoisedF	77.82821139256782
16S_1211_Milletich	DenoisedF	79.50691980662734
16S_1211_Milletich	DenoisedF	78.21793430905808
16S_1211_Milletich	DenoisedF	59.62203816313693
16S_1211_Milletich	DenoisedF	78.05479981564902
16S_1211_Milletich	DenoisedF	80.46518999881127
16S_1211_Milletich	DenoisedF	78.55871269044921
16S_1211_Milletich	DenoisedF	85.55548148395053
16S_1211_Milletich	DenoisedF	75.44640779410167
16S_1211_Milletich	DenoisedF	79.6426440363323
16S_1211_Milletich	DenoisedF	80.67929844088312
16S_1211_Milletich	DenoisedF	79.26931189557051
16S_1211_Milletich	DenoisedF	81.11450532124557
16S_1211_Milletich	DenoisedF	78.48183667538507
16S_1211_Milletich	DenoisedF	79.16435390763765
16S_1211_Milletich	DenoisedF	50.63767635854426
16S_1211_Milletich	DenoisedF	79.15387789194031
16S_1211_Milletich	DenoisedF	80.51781453025643
16S_1211_Milletich	DenoisedF	84.26007162684999
16S_1211_Milletich	DenoisedF	59.83696444045674
16S_1211_Milletich	DenoisedF	56.515514102800104
16S_1211_Milletich	DenoisedF	80.8764639926129
16S_1211_Milletich	DenoisedF	81.03153777601743
16S_1211_Milletich	DenoisedF	57.89198284529989
16S_1211_Milletich	DenoisedF	81.9915761259752
16S_1211_Milletich	DenoisedF	80.82542457542458
16S_1211_Milletich	DenoisedF	82.98410586681987
16S_1211_Milletich	DenoisedF	75.25092948595938
16S_1211_Milletich	DenoisedF	79.327126742525
16S_1211_Milletich	DenoisedF	84.88345452133753
16S_1211_Milletich	DenoisedF	75.78563447930445
16S_1211_Milletich	DenoisedF	26.036887008890165
16S_1211_Milletich	DenoisedF	78.66331646654238
16S_1211_Milletich	DenoisedF	85.63142982105843
16S_1211_Milletich	DenoisedF	87.11886265237817
16S_1211_Milletich	DenoisedF	79.9997073841607
16S_1211_Milletich	DenoisedF	36.306992749170455
16S_1211_Milletich	DenoisedF	42.11562835136979
16S_1211_Milletich	DenoisedF	77.09672929714684
16S_1211_Milletich	DenoisedF	86.48233486943164
16S_1211_Milletich	DenoisedF	75.03879528029016
16S_1211_Milletich	DenoisedF	76.25517522887631
16S_1211_Milletich	DenoisedF	85.26364072305735
16S_1211_Milletich	DenoisedF	81.19355049072354
16S_1211_Milletich	DenoisedF	86.70127176724395
16S_1211_Milletich	DenoisedF	79.77012995494024
16S_1211_Milletich	DenoisedF	86.5190611635188
16S_1211_Milletich	DenoisedF	84.16176167282765
16S_1211_Milletich	DenoisedF	84.94628844402358
16S_1211_Milletich	DenoisedF	56.52035406284843
16S_1211_Milletich	DenoisedF	35.70081508710244
16S_1211_Milletich	DenoisedF	77.3455043891627
16S_1211_Milletich	DenoisedF	21.86079295154185
16S_1211_Milletich	DenoisedF	25.558456008216364
16S_1211_Milletich	DenoisedF	86.32707399103138
16S_1211_Milletich	DenoisedF	77.08418032501248
16S_1211_Milletich	DenoisedF	78.86015030463953
16S_1211_Milletich	DenoisedF	35.983453356055186
16S_1211_Milletich	DenoisedF	24.236307189124965
16S_1211_Milletich	DenoisedF	78.79662384410103
16S_1211_Milletich	DenoisedF	86.65113806903452
16S_1211_Milletich	DenoisedF	33.13971451523203
16S_1211_Milletich	DenoisedF	85.299638150893
16S_1211_Milletich	DenoisedF	46.696385818434415
16S_1211_Milletich	DenoisedF	76.93130751123475
16S_1211_Milletich	DenoisedF	45.0802327631811
16S_1211_Milletich	DenoisedF	81.86245279268535
16S_1211_Milletich	DenoisedF	32.38016271959372
16S_1211_Milletich	DenoisedF	65.00358716818694
16S_1211_Milletich	DenoisedF	33.45182663262071
16S_1211_Milletich	DenoisedF	79.58702700116044
16S_1211_Milletich	DenoisedF	65.5685468328408
16S_1211_Milletich	DenoisedF	83.37163561076605
16S_1211_Milletich	DenoisedF	62.820956719817765
16S_1211_Milletich	DenoisedF	61.29436132063806
16S_1211_Milletich	DenoisedF	36.19684649237854
16S_1211_Milletich	DenoisedF	61.085334227193336
16S_1211_Milletich	DenoisedF	32.51071515216864
16S_1211_Milletich	DenoisedF	30.20739577548402
16S_1211_Milletich	DenoisedF	61.39199356017214
16S_1211_Milletich	DenoisedF	68.07436918990703
16S_1211_Milletich	DenoisedF	64.94566934108282
16S_1211_Milletich	DenoisedF	64.44500949788355
16S_1211_Milletich	DenoisedF	63.62566561736931
16S_1211_Milletich	DenoisedF	50.78712733351909
16S_1211_Milletich	DenoisedF	63.92145273043707
16S_1211_Milletich	DenoisedF	62.93699937510652
16S_1211_Milletich	DenoisedF	44.85437699945989
16S_1211_Milletich	DenoisedF	62.15174712284539
16S_1211_Milletich	DenoisedF	39.833770951375044
16S_1211_Milletich	DenoisedF	62.11251037918627
16S_1211_Milletich	DenoisedF	42.33194983974122
16S_1211_Milletich	DenoisedF	33.287517017488746
16S_1211_Milletich	DenoisedF	63.491627779302775
16S_1211_Milletich	DenoisedF	63.044623884402895
16S_1211_Milletich	DenoisedF	48.6131443852355
16S_1211_Milletich	DenoisedF	42.92260142217996
16S_1211_Milletich	DenoisedF	65.16121071094894
16S_1211_Milletich	DenoisedF	63.37969505392339
16S_1211_Milletich	DenoisedF	64.65234515982236
16S_1211_Milletich	DenoisedF	31.366191421342098
16S_1211_Milletich	DenoisedF	64.8462408721588
16S_1211_Milletich	DenoisedF	72.66200669870395
16S_1211_Milletich	DenoisedF	68.71370910635888
16S_1211_Milletich	DenoisedF	52.111965125616614
16S_1211_Milletich	DenoisedF	79.74832915622389
16S_1211_Milletich	DenoisedF	72.196937772159
16S_1211_Milletich	DenoisedF	21.11804228416207
16S_1211_Milletich	DenoisedF	80.10253676585872
16S_1211_Milletich	DenoisedF	74.5573021346817
16S_1211_Milletich	DenoisedF	52.125013782879826
16S_1211_Milletich	DenoisedF	50.165871692881545
16S_1211_Milletich	DenoisedF	86.28237373394059
16S_1211_Milletich	DenoisedF	74.20150183403695
16S_1211_Milletich	DenoisedF	78.6295704975528
16S_1211_Milletich	DenoisedF	76.45906299172631
16S_1211_Milletich	DenoisedF	77.21152104341526
16S_1211_Milletich	DenoisedF	78.81354641154157
16S_1211_Milletich	DenoisedF	79.88627965552087
16S_1211_Milletich	DenoisedF	75.68816773648831
16S_1211_Milletich	DenoisedF	79.74086035889694
16S_1211_Milletich	DenoisedF	79.20438501785566
16S_1211_Milletich	DenoisedF	74.88660046585754
16S_1211_Milletich	DenoisedF	62.36266818562341
16S_1211_Milletich	DenoisedF	81.08934989308949
16S_1211_Milletich	DenoisedF	55.16536889985352
16S_1211_Milletich	DenoisedF	76.72683947576567
16S_1211_Milletich	DenoisedF	78.42165761623528
16S_1211_Milletich	DenoisedF	72.92330112808334
16S_1211_Milletich	DenoisedF	71.08632024695972
16S_1211_Milletich	DenoisedF	74.28978424264885
16S_1211_Milletich	DenoisedF	47.903148001182636
16S_1211_Milletich	DenoisedF	75.82978252448675
16S_1211_Milletich	DenoisedF	78.50138295197385
16S_1211_Milletich	DenoisedF	76.91217712177122
16S_1211_Milletich	DenoisedF	40.931610435891116
16S_1211_Milletich	DenoisedF	78.16193295127736
16S_1211_Milletich	DenoisedF	74.39497353561788
16S_1211_Milletich	DenoisedF	52.00899205070216
16S_1211_Milletich	DenoisedF	50.76971344906923
16S_1211_Milletich	DenoisedF	76.25267942043934
16S_1211_Milletich	DenoisedF	76.92648939223923
16S_1211_Milletich	DenoisedF	57.864935261032045
16S_1211_Milletich	DenoisedF	78.77299344614072
16S_1211_Milletich	DenoisedF	73.79854157930802
16S_1211_Milletich	DenoisedF	77.82251647197377
16S_1211_Milletich	DenoisedF	51.505875118638635
16S_1211_Milletich	DenoisedF	46.581414918555026
16S_1211_Milletich	DenoisedF	76.28550275945618
16S_1211_Milletich	DenoisedF	73.15668519213689
16S_1211_Milletich	DenoisedF	74.83529213022179
16S_1211_Milletich	DenoisedF	69.60323820924594
16S_1211_Milletich	DenoisedF	79.47253358270254
16S_1211_Milletich	DenoisedF	85.25158401549007
16S_1211_Milletich	DenoisedF	73.13777468186245
16S_1211_Milletich	DenoisedF	70.97191267192868
16S_1211_Milletich	DenoisedF	71.27092581511529
16S_1211_Milletich	DenoisedF	31.754301146972523
16S_1211_Milletich	DenoisedF	76.29251172840243
16S_1211_Milletich	DenoisedF	79.986057628469
16S_1211_Milletich	DenoisedF	71.80783452738618
16S_1211_Milletich	DenoisedF	70.24880471947644
16S_1211_Milletich	DenoisedF	77.11297264775304
16S_1211_Milletich	DenoisedF	76.94658382291585
16S_1211_Milletich	DenoisedF	87.67687323649284
16S_1211_Milletich	DenoisedF	45.1677740517798
16S_1211_Milletich	DenoisedF	42.56162618072663
16S_1211_Milletich	DenoisedF	78.32137655752737
16S_1211_Milletich	DenoisedF	47.85213256755485
16S_1211_Milletich	DenoisedF	76.83012519174626
16S_1211_Milletich	DenoisedF	75.61597928329334
16S_1211_Milletich	DenoisedF	76.71968366663718
16S_1211_Milletich	DenoisedF	73.74509211718514
16S_1211_Milletich	DenoisedF	75.41673926932683
16S_1211_Milletich	DenoisedF	72.57224696872231
16S_1211_Milletich	DenoisedF	72.14474558007242
16S_1211_Milletich	DenoisedF	61.30612125553721
16S_1211_Milletich	DenoisedF	68.67356373977215
16S_1211_Milletich	DenoisedF	35.569304941743674
16S_1211_Milletich	DenoisedF	33.69518774667777
16S_1211_Milletich	DenoisedF	63.29566936519618
16S_1211_Milletich	DenoisedF	62.618274978650724
16S_1211_Milletich	DenoisedF	63.12879379770418
16S_1211_Milletich	DenoisedF	77.74167343623071
16S_1211_Milletich	DenoisedF	82.67000638238943
16S_1211_Milletich	DenoisedF	43.874462629884526
16S_1211_Milletich	DenoisedF	65.64506436410792
16S_1211_Milletich	DenoisedF	62.57481992492645
16S_1211_Milletich	DenoisedF	38.685750493868575
16S_1211_Milletich	DenoisedF	39.166781287729435
16S_1211_Milletich	DenoisedF	66.47669264270668
16S_1211_Milletich	DenoisedF	61.45625218025561
16S_1211_Milletich	DenoisedF	62.600286422642796
16S_1211_Milletich	DenoisedF	45.99508965106763
16S_1211_Milletich	DenoisedF	86.60364361891641
16S_1211_Milletich	DenoisedF	39.922462182475506
16S_1211_Milletich	DenoisedF	82.23869108354367
16S_1211_Milletich	DenoisedF	64.2553008472754
16S_1211_Milletich	DenoisedF	58.37596827549364
16S_1211_Milletich	DenoisedF	28.548137034258563
16S_1211_Milletich	DenoisedF	64.29381613519219
16S_1211_Milletich	DenoisedF	64.75279408978973
16S_1211_Milletich	DenoisedF	65.03472222222221
16S_1211_Milletich	DenoisedF	65.05796545105567
16S_1211_Milletich	DenoisedF	67.70306882717657
16S_1211_Milletich	DenoisedF	33.77093441853185
16S_1211_Milletich	DenoisedF	76.84181820791412
16S_1211_Milletich	DenoisedF	46.047128129602356
16S_1211_Milletich	DenoisedF	62.92615807980431
16S_1211_Milletich	DenoisedF	66.35903287925255
16S_1211_Milletich	DenoisedF	57.543124519868705
16S_1211_Milletich	DenoisedF	64.86154551558124
16S_1211_Milletich	DenoisedF	70.19227608874282
16S_1211_Milletich	DenoisedF	73.71656359436703
16S_1211_Milletich	DenoisedF	55.06606385588617
16S_1211_Milletich	DenoisedF	62.0120414449734
16S_1211_Milletich	DenoisedF	56.7529001890219
16S_1211_Milletich	DenoisedF	77.77027150395297
16S_1211_Milletich	DenoisedF	32.591019341217276
16S_1211_Milletich	DenoisedF	51.84665871121719
16S_1211_Milletich	DenoisedF	32.807930302004124
16S_1211_Milletich	DenoisedF	78.2068080692272
16S_1211_Milletich	DenoisedF	79.5153284671533
16S_1211_Milletich	DenoisedF	53.13118453793183
16S_1211_Milletich	DenoisedF	79.79488127136653
16S_1211_Milletich	DenoisedF	80.72699885043802
16S_1211_Milletich	DenoisedF	58.42168379166554
16S_1211_Milletich	DenoisedF	75.5245206341015
16S_1211_Milletich	DenoisedF	78.10828407654697
16S_1211_Milletich	DenoisedF	78.99930188698904
16S_1211_Milletich	DenoisedF	80.37478747258704
16S_1211_Milletich	DenoisedF	18.002512834954402
16S_1211_Milletich	DenoisedF	49.0121390041326
16S_1211_Milletich	DenoisedF	80.10878447076729
16S_1211_Milletich	DenoisedF	78.26923370536055
16S_1211_Milletich	DenoisedF	76.66564365827799
16S_1211_Milletich	DenoisedF	77.76029003126087
16S_1211_Milletich	DenoisedF	58.86091074997828
16S_1211_Milletich	DenoisedF	78.37382213443708
16S_1211_Milletich	DenoisedF	76.79994611948005
16S_1211_Milletich	DenoisedF	75.07880765402058
16S_1211_Milletich	DenoisedF	78.22427874910717
16S_1211_Milletich	DenoisedF	76.27153744201458
16S_1211_Milletich	DenoisedF	76.64465164465165
16S_1211_Milletich	DenoisedF	46.93496167214207
16S_1211_Milletich	DenoisedF	77.90971219272515
16S_1211_Milletich	DenoisedF	53.3361957137376
16S_1211_Milletich	DenoisedF	60.25383334290473
16S_1211_Milletich	DenoisedF	79.29298349162062
16S_1211_Milletich	DenoisedF	76.2630121761221
16S_1211_Milletich	DenoisedF	79.65175488710598
16S_1211_Milletich	DenoisedF	58.02813232612659
16S_1211_Milletich	DenoisedF	78.79655340222712
16S_1211_Milletich	DenoisedF	82.23234624145786
16S_1211_Milletich	DenoisedF	82.96716666956355
16S_1211_Milletich	DenoisedF	61.80988792049047
16S_1211_Milletich	DenoisedF	74.94689869468483
16S_1211_Milletich	DenoisedF	82.67254218928866
16S_1211_Milletich	DenoisedF	78.56908114950643
16S_1211_Milletich	DenoisedF	79.8071923934403
16S_1211_Milletich	DenoisedF	82.26269488881299
16S_1211_Milletich	DenoisedF	82.26208749040676
16S_1211_Milletich	DenoisedF	37.468095080999426
16S_1211_Milletich	DenoisedF	83.84184267198138
16S_1211_Milletich	DenoisedF	69.76387140356803
16S_1211_Milletich	DenoisedF	79.21461259688385
16S_1211_Milletich	DenoisedF	78.93669536600345
16S_1211_Milletich	DenoisedF	80.0715102657206
16S_1211_Milletich	DenoisedF	79.59846749051572
16S_1211_Milletich	DenoisedF	78.90893980766947
16S_1211_Milletich	DenoisedF	80.72295867216219
16S_1211_Milletich	DenoisedF	42.226991139314784
16S_1211_Milletich	DenoisedF	79.60598865453967
16S_1211_Milletich	DenoisedF	79.00921258473839
16S_1211_Milletich	DenoisedF	81.84061291559969
16S_1211_Milletich	DenoisedF	80.87173691118565
16S_1211_Milletich	DenoisedF	77.36252763711575
16S_1211_Milletich	DenoisedF	45.87199301229088
16S_1211_Milletich	DenoisedF	78.11053098216925
16S_1211_Milletich	DenoisedF	79.05854568779522
16S_1211_Milletich	DenoisedF	77.31246684350133
16S_1211_Milletich	DenoisedF	80.53143121613896
16S_1211_Milletich	DenoisedF	61.796274258513364
16S_1211_Milletich	DenoisedF	80.74635223514744
16S_1211_Milletich	DenoisedF	86.6992380414844
16S_1211_Milletich	DenoisedF	80.92677026146832
16S_1211_Milletich	DenoisedF	80.09197602796738
16S_1211_Milletich	DenoisedF	79.44842321845448
16S_1211_Milletich	DenoisedF	27.737592598653706
16S_1211_Milletich	DenoisedF	82.01344966852092
16S_1211_Milletich	DenoisedF	62.2956736477181
16S_1211_Milletich	DenoisedF	81.27602916815036
16S_1211_Milletich	DenoisedF	78.7297235549463
16S_1211_Milletich	DenoisedF	76.33067303462578
16S_1211_Milletich	DenoisedF	59.98114638194971
16S_1211_Milletich	DenoisedF	81.04089868795751
16S_1211_Milletich	DenoisedF	80.92025114797113
16S_1211_Milletich	DenoisedF	27.472828318777893
16S_1211_Milletich	DenoisedF	56.45392962719278
16S_1211_Milletich	DenoisedF	30.111037240640226
16S_1211_Milletich	DenoisedF	78.29549701046338
16S_1211_Milletich	DenoisedF	78.54028284024398
16S_1211_Milletich	DenoisedF	79.01709372042383
16S_1211_Milletich	DenoisedF	78.28914095802327
16S_1211_Milletich	DenoisedF	80.19746646795826
16S_1211_Milletich	DenoisedF	35.53852534084429
16S_1211_Milletich	DenoisedF	80.71430248667434
16S_1211_Milletich	DenoisedF	82.8672960644956
16S_1211_Milletich	DenoisedF	81.34803632503834
16S_1211_Milletich	DenoisedF	77.73404142844362
16S_1211_Milletich	DenoisedF	79.23301952023829
16S_1211_Milletich	DenoisedF	78.76359576460419
16S_1211_Milletich	DenoisedF	78.51838933813069
16S_1211_Milletich	DenoisedF	62.18679933882133
16S_1211_Milletich	DenoisedF	78.45735800393778
16S_1211_Milletich	DenoisedF	55.0956965216893
16S_1211_Milletich	DenoisedF	29.003946583451885
16S_1211_Milletich	DenoisedF	85.60606060606061
16S_1211_Milletich	DenoisedF	59.37307928703135
16S_1211_Milletich	DenoisedF	82.6733750082751
16S_1211_Milletich	DenoisedF	86.55060195970337
16S_1211_Milletich	DenoisedF	85.50797186694365
16S_1211_Milletich	DenoisedF	87.14871597258539
16S_1211_Milletich	DenoisedF	78.69776797959992
16S_1211_Milletich	DenoisedF	46.80133579573003
16S_1211_Milletich	DenoisedF	76.74024005229413
16S_1211_Milletich	DenoisedF	78.42414468379218
16S_1211_Milletich	DenoisedF	80.96948145375428
16S_1211_Milletich	DenoisedF	73.55883411299028
16S_1211_Milletich	DenoisedF	84.8789869370832
16S_1211_Milletich	DenoisedF	82.2785086760785
16S_1211_Milletich	DenoisedF	23.534060376165638
16S_1211_Milletich	DenoisedF	60.647036759189795
16S_1211_Milletich	DenoisedF	76.67578659370726
16S_1211_Milletich	DenoisedF	87.66476396419314
16S_1211_Milletich	DenoisedF	70.80498554339123
16S_1211_Milletich	DenoisedF	46.83061053966059
16S_1211_Milletich	DenoisedF	85.89008085528006
16S_1211_Milletich	DenoisedF	81.91032051512644
16S_1211_Milletich	DenoisedF	31.784656246807643
16S_1211_Milletich	DenoisedF	84.12145260070733
16S_1211_Milletich	DenoisedF	85.31045487597963
16S_1211_Milletich	DenoisedF	79.18120355587092
16S_1211_Milletich	DenoisedF	80.04332658237891
16S_1211_Milletich	DenoisedF	83.23418362648495
16S_1211_Milletich	DenoisedF	79.65645042582274
16S_1211_Milletich	DenoisedF	83.4404199687861
16S_1211_Milletich	DenoisedF	79.75598687057384
16S_1211_Milletich	DenoisedF	85.05686081114118
16S_1211_Milletich	DenoisedF	76.37556111066311
16S_1211_Milletich	DenoisedF	84.17197405386324
16S_1211_Milletich	DenoisedF	84.98722316865417
16S_1211_Milletich	DenoisedF	86.58271677527888
16S_1211_Milletich	DenoisedF	85.59936752643542
16S_1211_Milletich	DenoisedF	36.79610807054122
16S_1211_Milletich	DenoisedF	85.17887209761574
16S_1211_Milletich	DenoisedF	43.69144975092235
16S_1211_Milletich	DenoisedF	61.46947630708425
16S_1211_Milletich	DenoisedF	73.3163913595934
16S_1211_Milletich	DenoisedF	85.33258271262774
16S_1211_Milletich	DenoisedF	86.13000640575909
16S_1211_Milletich	DenoisedF	81.14862060877253
16S_1211_Milletich	DenoisedF	80.51586261143157
16S_1211_Milletich	DenoisedF	79.2701566679404
16S_1211_Milletich	DenoisedF	79.87984306032368
16S_1211_Milletich	DenoisedF	86.57015590200446
16S_1211_Milletich	DenoisedF	83.08465061308908
16S_1211_Milletich	DenoisedF	78.93814401837247
16S_1211_Milletich	DenoisedF	80.7165622412019
16S_1211_Milletich	DenoisedF	86.61562101889915
16S_1211_Milletich	DenoisedF	79.92244947862994
16S_1211_Milletich	DenoisedF	77.24812895797352
16S_1211_Milletich	DenoisedF	80.25878126663119
16S_1211_Milletich	DenoisedF	79.32726637395359
16S_1211_Milletich	DenoisedF	82.76575729068674
16S_1211_Milletich	DenoisedF	73.37662337662337
16S_1211_Milletich	DenoisedF	75.55675999255766
16S_1211_Milletich	DenoisedF	85.12470060130983
16S_1211_Milletich	DenoisedF	54.59854893578589
16S_1211_Milletich	DenoisedF	86.41703377386197
16S_1211_Milletich	DenoisedF	80.1078055353996
16S_1211_Milletich	DenoisedF	58.10173115027636
16S_1211_Milletich	DenoisedF	67.15142849385978
16S_1211_Milletich	DenoisedF	68.21771193630491
16S_1211_Milletich	DenoisedF	79.62960770150738
16S_1211_Milletich	DenoisedF	51.51728801853264
16S_1211_Milletich	DenoisedF	80.13221019747853
16S_1211_Milletich	DenoisedF	79.12362026316336
16S_1211_Milletich	DenoisedF	77.91363552396618
16S_1211_Milletich	DenoisedF	66.95195372447172
16S_1211_Milletich	DenoisedF	79.87991667687784
16S_1211_Milletich	DenoisedF	80.36461731892477
16S_1211_Milletich	DenoisedF	80.45964648094368
16S_1211_Milletich	DenoisedF	78.80657227346612
16S_1211_Milletich	DenoisedF	82.02154966571156
16S_1211_Milletich	DenoisedF	79.65358931552588
16S_1211_Milletich	DenoisedF	82.93836620784259
16S_1211_Milletich	DenoisedF	69.85689505637468
16S_1211_Milletich	DenoisedF	81.12242388470808
16S_1211_Milletich	DenoisedF	80.50619531387633
16S_1211_Milletich	DenoisedF	57.70982089828025
16S_1211_Milletich	DenoisedF	79.24049802691269
16S_1211_Milletich	DenoisedF	80.07556315939549
16S_1211_Milletich	DenoisedF	83.79201100375435
16S_1211_Milletich	DenoisedF	73.5548305148066
16S_1211_Milletich	DenoisedF	57.467636889925224
16S_1211_Milletich	DenoisedF	75.55163283318623
16S_1211_Milletich	DenoisedF	85.66750487914727
16S_1211_Milletich	DenoisedF	83.15301159745604
16S_1211_Milletich	DenoisedF	67.22067870609247
16S_1211_Milletich	DenoisedF	70.5215467284796
16S_1211_Milletich	DenoisedF	82.78748336695712
16S_1211_Milletich	DenoisedF	78.3914515632558
16S_1211_Milletich	DenoisedF	67.94357277155328
16S_1211_Milletich	DenoisedF	70.10525371862845
16S_1211_Milletich	DenoisedF	80.75127660040764
16S_1211_Milletich	DenoisedF	78.87625157966364
16S_1211_Milletich	DenoisedF	78.0680453287378
16S_1211_Milletich	DenoisedF	75.05514803915389
16S_1211_Milletich	DenoisedF	78.77613406845352
16S_1211_Milletich	DenoisedF	82.19669410938796
16S_1211_Milletich	DenoisedF	80.13654388618617
16S_1211_Milletich	DenoisedF	80.5134078965099
16S_1211_Milletich	DenoisedF	79.93998743923146
16S_1211_Milletich	DenoisedF	67.71344904371168
16S_1211_Milletich	DenoisedF	67.39039478796211
16S_1211_Milletich	DenoisedF	64.68842306539763
16S_1211_Milletich	DenoisedF	64.97003032226219
16S_1211_Milletich	DenoisedF	62.80206171765178
16S_1211_Milletich	DenoisedF	78.37673253739537
16S_1211_Milletich	DenoisedF	41.18927360935734
16S_1211_Milletich	DenoisedF	62.85431723088627
16S_1211_Milletich	DenoisedF	54.40906252787441
16S_1211_Milletich	DenoisedF	65.23044322797104
16S_1211_Milletich	DenoisedF	62.07220318294916
16S_1211_Milletich	DenoisedF	64.91358336756295
16S_1211_Milletich	DenoisedF	59.36884678835613
16S_1211_Milletich	DenoisedF	39.856362408691915
16S_1211_Milletich	DenoisedF	62.375716670295375
16S_1211_Milletich	DenoisedF	77.14573413206355
16S_1211_Milletich	DenoisedF	79.81989994441356
16S_1211_Milletich	DenoisedF	78.07534823580119
16S_1211_Milletich	DenoisedF	78.47769752439764
16S_1211_Milletich	DenoisedF	80.11660391108951
16S_1211_Milletich	DenoisedF	63.255603350690514
16S_1211_Milletich	DenoisedF	78.58816471999718
16S_1211_Milletich	DenoisedF	79.4002849885385
16S_1211_Milletich	DenoisedF	66.12934827137845
16S_1211_Milletich	DenoisedF	80.3238810119544
16S_1211_Milletich	DenoisedF	78.37198496177079
16S_1211_Milletich	DenoisedF	56.25626074605666
16S_1211_Milletich	DenoisedF	80.26418614031108
16S_1211_Milletich	DenoisedF	68.69492698892246
16S_1211_Milletich	DenoisedF	24.78828764173963
16S_1211_Milletich	DenoisedF	66.8726855137353
16S_1211_Milletich	DenoisedF	65.77220170614892
16S_1211_Milletich	DenoisedF	59.63391447262415
16S_1211_Milletich	DenoisedF	28.981456043956044
16S_1211_Milletich	DenoisedF	75.81976086799625
16S_1211_Milletich	DenoisedF	28.524935612268788
16S_1211_Milletich	DenoisedF	27.202455382516767
16S_1211_Milletich	DenoisedF	30.393607576205977
16S_1211_Milletich	DenoisedF	69.79772521649218
16S_1211_Milletich	DenoisedF	65.7547557136992
16S_1211_Milletich	DenoisedF	31.78120131556171
16S_1211_Milletich	DenoisedF	63.09636212163288
16S_1211_Milletich	DenoisedF	68.55888670962922
16S_1211_Milletich	DenoisedF	31.42006166372317
16S_1211_Milletich	DenoisedF	26.981306821403596
16S_1211_Milletich	DenoisedF	30.820040291951518
16S_1211_Milletich	DenoisedF	69.59808551776602
16S_1211_Milletich	DenoisedF	65.68595342066958
16S_1211_Milletich	DenoisedF	69.74574412444534
16S_1211_Milletich	DenoisedF	29.189828872175767
16S_1211_Milletich	DenoisedF	66.26527829727675
16S_1211_Milletich	DenoisedF	67.36037690352975
16S_1211_Milletich	DenoisedF	22.086833077014077
16S_1211_Milletich	DenoisedF	64.67336344636958
16S_1211_Milletich	DenoisedF	25.420213631187984
16S_1211_Milletich	DenoisedF	65.07086614173228
16S_1211_Milletich	DenoisedF	25.110414033116406
16S_1211_Milletich	DenoisedF	65.93626874956799
16S_1211_Milletich	DenoisedF	64.35632648561244
16S_1211_Milletich	DenoisedF	67.47952874956962
16S_1211_Milletich	DenoisedF	80.10224948875255
16S_1211_Milletich	DenoisedF	66.11671785870996
16S_1211_Milletich	DenoisedF	34.99453870239569
16S_1211_Milletich	DenoisedF	46.270482140752094
16S_1211_Milletich	DenoisedF	67.8243512974052
16S_1211_Milletich	DenoisedF	26.232514435536423
16S_1211_Milletich	DenoisedF	66.79647947659475
16S_1211_Milletich	DenoisedF	64.76697242471361
16S_1211_Milletich	DenoisedF	26.104357122298218
16S_1211_Milletich	DenoisedF	67.26727157870556
16S_1211_Milletich	DenoisedF	20.509096190856603
16S_1211_Milletich	DenoisedF	56.05579030026549
16S_1211_Milletich	DenoisedF	70.77800434342933
16S_1211_Milletich	DenoisedF	62.70070041346568
16S_1211_Milletich	DenoisedF	70.71158815344862
16S_1211_Milletich	DenoisedF	69.118697328953
16S_1211_Milletich	DenoisedF	67.94827511765467
16S_1211_Milletich	DenoisedF	64.85266067188292
16S_1211_Milletich	DenoisedF	67.21508960691772
16S_1211_Milletich	DenoisedF	66.69616815850347
16S_1211_Milletich	DenoisedF	66.45575495049505
16S_1211_Milletich	DenoisedF	62.81566110767371
16S_1211_Milletich	DenoisedF	38.10519108452405
16S_1211_Milletich	DenoisedF	22.35220962517353
16S_1211_Milletich	DenoisedF	15.41953802017095
16S_1211_Milletich	DenoisedF	68.05662207493029
16S_1211_Milletich	DenoisedF	69.51937024300405
16S_1211_Milletich	DenoisedF	64.93341788205453
16S_1211_Milletich	DenoisedF	63.17193072647238
16S_1211_Milletich	DenoisedF	69.18522195433272
16S_1211_Milletich	DenoisedF	69.23330911972528
16S_1211_Milletich	DenoisedF	62.83157096972103
16S_1211_Milletich	DenoisedF	64.28264516921062
16S_1211_Milletich	DenoisedF	79.40058946770357
16S_1211_Milletich	DenoisedF	85.29545068268088
16S_1211_Milletich	DenoisedF	67.65573858453614
16S_1211_Milletich	DenoisedF	23.042350336258036
16S_1211_Milletich	DenoisedF	70.09408308976428
16S_1211_Milletich	DenoisedF	62.79409736588056
16S_1211_Milletich	DenoisedF	79.9348094464132
16S_1211_Milletich	DenoisedF	85.26551982049364
16S_1211_Milletich	DenoisedF	79.82168162494095
16S_1211_Milletich	DenoisedF	77.61006486877032
16S_1211_Milletich	DenoisedF	84.67036006216144
16S_1211_Milletich	DenoisedF	78.55600333282321
16S_1211_Milletich	DenoisedF	79.47451156523691
16S_1211_Milletich	DenoisedF	86.04028656428171
16S_1211_Milletich	DenoisedF	86.96897535551412
16S_1211_Milletich	DenoisedF	77.34606110323912
16S_1211_Milletich	DenoisedF	82.92799335961818
16S_1211_Milletich	DenoisedF	87.05845999343363
16S_1211_Milletich	DenoisedF	50.678750118002455
16S_1211_Milletich	DenoisedF	79.21226478881704
16S_1211_Milletich	DenoisedF	85.76338501489346
16S_1211_Milletich	DenoisedF	87.5937108351373
16S_1211_Milletich	DenoisedF	59.779485007041366
16S_1211_Milletich	DenoisedF	87.29745042492918
16S_1211_Milletich	DenoisedF	75.08212230310357
16S_1211_Milletich	DenoisedF	79.06017208116823
16S_1211_Milletich	DenoisedF	35.341645702113595
16S_1211_Milletich	DenoisedF	33.716069769842086
16S_1211_Milletich	DenoisedF	77.9954804581172
16S_1211_Milletich	DenoisedF	78.69110607205845
16S_1211_Milletich	DenoisedF	78.47045362270697
16S_1211_Milletich	DenoisedF	22.434436259807566
16S_1211_Milletich	DenoisedF	76.64147106926579
16S_1211_Milletich	DenoisedF	30.396897931658668
16S_1211_Milletich	DenoisedF	75.99783823684488
16S_1211_Milletich	DenoisedF	78.96119693467948
16S_1211_Milletich	DenoisedF	87.01647303624068
16S_1211_Milletich	DenoisedF	78.92504874955037
16S_1211_Milletich	DenoisedF	80.52848373130337
16S_1211_Milletich	DenoisedF	75.06319797766471
16S_1211_Milletich	DenoisedF	58.660036973289984
16S_1211_Milletich	DenoisedF	63.553699770128325
16S_1211_Milletich	DenoisedF	80.6777058888036
16S_1211_Milletich	DenoisedF	81.30709414399678
16S_1211_Milletich	DenoisedF	79.08304596076657
16S_1211_Milletich	DenoisedF	61.85457587752706
16S_1211_Milletich	DenoisedF	72.61744966442953
16S_1211_Milletich	DenoisedF	55.34262878162909
16S_1211_Milletich	DenoisedF	74.98559409934309
16S_1211_Milletich	DenoisedF	79.13159825629073
16S_1211_Milletich	DenoisedF	77.22199128600681
16S_1211_Milletich	DenoisedF	78.25134846485913
16S_1211_Milletich	DenoisedF	76.23758844164338
16S_1211_Milletich	DenoisedF	73.87347208457217
16S_1211_Milletich	DenoisedF	42.397573090642396
16S_1211_Milletich	DenoisedF	78.47463492283204
16S_1211_Milletich	DenoisedF	68.12314479453174
16S_1211_Milletich	DenoisedF	59.939035654904856
16S_1211_Milletich	DenoisedF	79.97486584196452
16S_1211_Milletich	DenoisedF	77.86040731237973
16S_1211_Milletich	DenoisedF	79.27461139896373
16S_1211_Milletich	DenoisedF	79.48169489552413
16S_1211_Milletich	DenoisedF	81.44111590317442
16S_1211_Milletich	DenoisedF	71.77177450971453
16S_1211_Milletich	DenoisedF	53.56266057664859
16S_1211_Milletich	DenoisedF	76.58638357058715
16S_1211_Milletich	DenoisedF	77.85306136890335
16S_1211_Milletich	DenoisedF	81.47332516475146
16S_1211_Milletich	DenoisedF	34.456745111037456
16S_1211_Milletich	DenoisedF	19.93993935434806
16S_1211_Milletich	DenoisedF	79.48397979293786
16S_1211_Milletich	DenoisedF	81.22974008369187
16S_1211_Milletich	DenoisedF	79.65119026987854
16S_1211_Milletich	DenoisedF	81.17608282601108
16S_1211_Milletich	DenoisedF	80.32674707039604
16S_1211_Milletich	DenoisedF	70.2061819210638
16S_1211_Milletich	DenoisedF	82.1488519398258
16S_1211_Milletich	DenoisedF	76.31739938823247
16S_1211_Milletich	DenoisedF	61.51989722797716
16S_1211_Milletich	DenoisedF	79.53537984152491
16S_1211_Milletich	DenoisedF	80.15023246656874
16S_1211_Milletich	DenoisedF	64.87144188116196
16S_1211_Milletich	DenoisedF	79.78695804782761
16S_1211_Milletich	DenoisedF	75.2192021043402
16S_1211_Milletich	DenoisedF	80.18783848632344
16S_1211_Milletich	DenoisedF	75.64188117403813
16S_1211_Milletich	DenoisedF	78.14867570859396
16S_1211_Milletich	DenoisedF	79.13059047716489
16S_1211_Milletich	DenoisedF	74.25956648263482
16S_1211_Milletich	DenoisedF	47.427246562200196
16S_1211_Milletich	DenoisedF	80.02073042766105
16S_1211_Milletich	DenoisedF	78.87800186348471
16S_1211_Milletich	DenoisedF	79.15353756888437
16S_1211_Milletich	DenoisedF	81.06254260395364
16S_1211_Milletich	DenoisedF	27.65647743813683
16S_1211_Milletich	DenoisedF	65.25233644859813
16S_1211_Milletich	DenoisedF	78.67999761947272
16S_1211_Milletich	DenoisedF	61.89592457872467
16S_1211_Milletich	DenoisedF	66.30455387217663
16S_1211_Milletich	DenoisedF	35.243811282592446
16S_1211_Milletich	DenoisedF	60.14135281282611
16S_1211_Milletich	DenoisedF	66.78325113473366
16S_1211_Milletich	DenoisedF	68.14176853468804
16S_1211_Milletich	DenoisedF	28.214933245426078
16S_1211_Milletich	DenoisedF	65.93703813183565
16S_1211_Milletich	DenoisedF	79.39195979899498
16S_1211_Milletich	DenoisedF	83.62798161394728
16S_1211_Milletich	DenoisedF	66.63848638046768
16S_1211_Milletich	DenoisedF	73.20364208139833
16S_1211_Milletich	DenoisedF	66.2539269021531
16S_1211_Milletich	DenoisedF	62.026658953407086
16S_1211_Milletich	DenoisedF	66.36247016222009
16S_1211_Milletich	DenoisedF	66.12310201067643
16S_1211_Milletich	DenoisedF	27.613278878525303
16S_1211_Milletich	DenoisedF	69.4058387210713
16S_1211_Milletich	DenoisedF	68.03230715205432
16S_1211_Milletich	DenoisedF	68.46572912707462
16S_1211_Milletich	DenoisedF	63.32995335631718
16S_1211_Milletich	DenoisedF	69.46774460570609
16S_1211_Milletich	DenoisedF	70.90413780501986
16S_1211_Milletich	DenoisedF	85.90547208373597
16S_1211_Milletich	DenoisedF	25.593754409067394
16S_1211_Milletich	DenoisedF	69.22324096013186
16S_1211_Milletich	DenoisedF	65.27924036625198
16S_1211_Milletich	DenoisedF	30.250603424535484
16S_1211_Milletich	DenoisedF	68.98954703832753
16S_1211_Milletich	DenoisedF	63.642752188078966
16S_1211_Milletich	DenoisedF	67.26203355823515
16S_1211_Milletich	DenoisedF	30.34496295205849
16S_1211_Milletich	DenoisedF	62.758620689655174
16S_1211_Milletich	DenoisedF	33.86326419213974
16S_1211_Milletich	DenoisedF	74.50484506442339
16S_1211_Milletich	DenoisedF	62.17822391920187
16S_1211_Milletich	DenoisedF	64.20352785043357
16S_1211_Milletich	DenoisedF	59.93622488467849
16S_1211_Milletich	DenoisedF	65.57328459220471
16S_1211_Milletich	DenoisedF	63.01648379345689
16S_1211_Milletich	DenoisedF	69.70822988352523
16S_1211_Milletich	DenoisedF	61.73141259681337
16S_1211_Milletich	DenoisedF	66.85233558696989
16S_1211_Milletich	DenoisedF	15.106971153846155
16S_1211_Milletich	DenoisedF	61.559411095624874
16S_1211_Milletich	DenoisedF	76.77333785414402
16S_1211_Milletich	DenoisedF	27.623032037872953
16S_1211_Milletich	DenoisedF	67.65743475137681
16S_1211_Milletich	DenoisedF	66.86072548141514
16S_1211_Milletich	DenoisedF	27.346280605966307
16S_1211_Milletich	DenoisedF	66.7186236306154
16S_1211_Milletich	DenoisedF	34.00886337470626
16S_1211_Milletich	DenoisedF	63.232285661149334
16S_1211_Milletich	DenoisedF	85.61055040488206
16S_1211_Milletich	DenoisedF	66.87452815944435
16S_1211_Milletich	DenoisedF	63.187103320460125
16S_1211_Milletich	DenoisedF	58.192705498094725
16S_1211_Milletich	DenoisedF	75.50075986801572
16S_1211_Milletich	DenoisedF	77.26737649626347
16S_1211_Milletich	DenoisedF	75.09103919853702
16S_1211_Milletich	DenoisedF	79.83877578904222
16S_1211_Milletich	DenoisedF	78.2389558610573
16S_1211_Milletich	DenoisedF	80.13763863713172
16S_1211_Milletich	DenoisedF	80.08272113719165
16S_1211_Milletich	DenoisedF	75.08195360803353
16S_1211_Milletich	DenoisedF	77.68961176789989
16S_1211_Milletich	DenoisedF	80.73880848199259
16S_1211_Milletich	DenoisedF	79.64357101492593
16S_1211_Milletich	DenoisedF	38.592860427866846
16S_1211_Milletich	DenoisedF	77.8684984472369
16S_1211_Milletich	DenoisedF	78.85060837615485
16S_1211_Milletich	DenoisedF	64.31254495564377
16S_1211_Milletich	DenoisedF	80.81112435951145
16S_1211_Milletich	DenoisedF	76.06355938357856
16S_1211_Milletich	DenoisedF	65.94663278271918
16S_1211_Milletich	DenoisedF	23.51563576250172
16S_1211_Milletich	DenoisedF	79.70478018462663
16S_1211_Milletich	DenoisedF	79.74524578399713
16S_1211_Milletich	DenoisedF	81.33397698929922
16S_1211_Milletich	DenoisedF	63.808306203951446
16S_1211_Milletich	DenoisedF	77.93095144929717
16S_1211_Milletich	DenoisedF	77.9324055666004
16S_1211_Milletich	DenoisedF	65.89001114973438
16S_1211_Milletich	DenoisedF	77.81478684018276
16S_1211_Milletich	DenoisedF	77.14215866031047
16S_1211_Milletich	DenoisedF	77.2575829192654
16S_1211_Milletich	DenoisedF	87.30848751524147
16S_1211_Milletich	DenoisedF	81.11258597803788
16S_1211_Milletich	DenoisedF	62.67742346126918
16S_1211_Milletich	DenoisedF	32.11351990540008
16S_1211_Milletich	DenoisedF	66.63591635916359
16S_1211_Milletich	DenoisedF	34.591571799480725
16S_1211_Milletich	DenoisedF	81.59391414598804
16S_1211_Milletich	DenoisedF	69.73934845253407
16S_1211_Milletich	DenoisedF	68.70462361482613
16S_1211_Milletich	DenoisedF	70.51012638952338
16S_1211_Milletich	DenoisedF	69.60176438766594
16S_1211_Milletich	DenoisedF	64.16229221347332
16S_1211_Milletich	DenoisedF	68.17684594348222
16S_1211_Milletich	DenoisedF	66.35128415337267
16S_1211_Milletich	DenoisedF	32.37116285574435
16S_1211_Milletich	DenoisedF	30.7044604025488
16S_1211_Milletich	DenoisedF	33.98858845279104
16S_1211_Milletich	DenoisedF	85.08508508508508
16S_1211_Milletich	DenoisedF	66.34223492913193
16S_1211_Milletich	DenoisedF	62.12825798616105
16S_1211_Milletich	DenoisedF	73.08995994127136
16S_1211_Milletich	DenoisedF	68.90126206384558
16S_1211_Milletich	DenoisedF	68.84190609382391
16S_1211_Milletich	DenoisedF	74.21880012832852
16S_1211_Milletich	DenoisedF	65.98843470912796
16S_1211_Milletich	DenoisedF	35.804440284640684
16S_1211_Milletich	DenoisedF	68.28586026312428
16S_1211_Milletich	DenoisedF	76.6605421149982
16S_1211_Milletich	DenoisedF	85.31982713104014
16S_1211_Milletich	DenoisedF	67.39804395115017
16S_1211_Milletich	DenoisedF	68.27320131416343
16S_1211_Milletich	DenoisedF	64.06752178822713
16S_1211_Milletich	DenoisedF	64.97456153183467
16S_1211_Milletich	DenoisedF	68.97042053245858
16S_1211_Milletich	DenoisedF	67.436765893978
16S_1211_Milletich	DenoisedF	68.61998187836313
16S_1211_Milletich	DenoisedF	78.33427782425272
16S_1211_Milletich	DenoisedF	23.305948077555044
16S_1211_Milletich	DenoisedF	67.46930984361592
16S_1211_Milletich	DenoisedF	86.90799529365194
16S_1211_Milletich	DenoisedF	63.6057095934448
16S_1211_Milletich	DenoisedF	71.54036572706221
16S_1211_Milletich	DenoisedF	69.39448532779627
16S_1211_Milletich	DenoisedF	68.29471238382317
16S_1211_Milletich	DenoisedF	63.41037837321032
16S_1211_Milletich	DenoisedF	32.253213206522496
16S_1211_Milletich	DenoisedF	79.51167021654241
16S_1211_Milletich	DenoisedF	76.79316401961502
16S_1211_Milletich	DenoisedF	72.0751458029022
16S_1211_Milletich	DenoisedF	80.4557469252773
16S_1211_Milletich	DenoisedF	84.72027057147564
16S_1211_Milletich	DenoisedF	81.91074178304041
16S_1211_Milletich	DenoisedF	81.52160440268723
16S_1211_Milletich	DenoisedF	75.8381563716721
16S_1211_Milletich	DenoisedF	66.84689180946043
16S_1211_Milletich	DenoisedF	77.3129093446906
16S_1211_Milletich	DenoisedF	80.19140650782126
16S_1211_Milletich	DenoisedF	78.91317138057761
16S_1211_Milletich	DenoisedF	77.58677499979909
16S_1211_Milletich	DenoisedF	80.48202959830867
16S_1211_Milletich	DenoisedF	70.52684112311765
16S_1211_Milletich	DenoisedF	86.25405656003709
16S_1211_Milletich	DenoisedF	80.53761228828088
16S_1211_Milletich	DenoisedF	79.9829994121292
16S_1211_Milletich	DenoisedF	65.73437623449475
16S_1211_Milletich	DenoisedF	82.06491871864418
16S_1211_Milletich	DenoisedF	78.86003137528324
16S_1211_Milletich	DenoisedF	80.56430987542282
16S_1211_Milletich	DenoisedF	80.10735467909565
16S_1211_Milletich	DenoisedF	78.14939700476928
16S_1211_Milletich	DenoisedF	80.10319657689404
16S_1211_Milletich	DenoisedF	79.28790034053192
16S_1211_Milletich	DenoisedF	78.81162159690254
16S_1211_Milletich	DenoisedF	53.33645475670239
16S_1211_Milletich	DenoisedF	57.08344119423592
16S_1211_Milletich	DenoisedF	79.99455408621118
16S_1211_Milletich	DenoisedF	79.52391154979941
16S_1211_Milletich	DenoisedF	50.39580848958466
16S_1211_Milletich	DenoisedF	83.18711492097509
16S_1211_Milletich	DenoisedF	77.77013440575722
16S_1211_Milletich	DenoisedF	78.19065226359456
16S_1211_Milletich	DenoisedF	79.14687048130553
16S_1211_Milletich	DenoisedF	79.2084077082802
16S_1211_Milletich	DenoisedF	80.58914438252236
16S_1211_Milletich	DenoisedF	72.61549468520033
16S_1211_Milletich	DenoisedF	30.177309074052612
16S_1211_Milletich	DenoisedF	79.94163351797464
16S_1211_Milletich	DenoisedF	62.38954420286876
16S_1211_Milletich	DenoisedF	77.6938969342694
16S_1211_Milletich	DenoisedF	69.00734509768066
16S_1211_Milletich	DenoisedF	69.28296270355455
16S_1211_Milletich	DenoisedF	77.13934315967485
16S_1211_Milletich	DenoisedF	53.42139454309225
16S_1211_Milletich	DenoisedF	81.4968152866242
16S_1211_Milletich	DenoisedF	79.09672866575936
16S_1211_Milletich	DenoisedF	79.05637551415437
16S_1211_Milletich	DenoisedF	58.139399241761446
16S_1211_Milletich	DenoisedF	45.752708004963274
16S_1211_Milletich	DenoisedF	51.6022397625312
16S_1211_Milletich	DenoisedF	68.49855954139308
16S_1211_Milletich	DenoisedF	79.89216973489398
16S_1211_Milletich	DenoisedF	78.28834984625897
16S_1211_Milletich	DenoisedF	78.9219021698042
16S_1211_Milletich	DenoisedF	76.95292217158021
16S_1211_Milletich	DenoisedF	81.01605590926202
16S_1211_Milletich	DenoisedF	80.87596602158779
16S_1211_Milletich	DenoisedF	62.98574479347291
16S_1211_Milletich	DenoisedF	33.0897798885743
16S_1211_Milletich	DenoisedF	74.73195241029529
16S_1211_Milletich	DenoisedF	78.95422943221321
16S_1211_Milletich	DenoisedF	66.26683890016608
16S_1211_Milletich	DenoisedF	79.7049441786284
16S_1211_Milletich	DenoisedF	85.57796862170738
16S_1211_Milletich	DenoisedF	78.07494730464855
16S_1211_Milletich	DenoisedF	77.66132683434319
16S_1211_Milletich	DenoisedF	78.90563997837708
16S_1211_Milletich	DenoisedF	56.130314505949016
16S_1211_Milletich	DenoisedF	80.03309519642318
16S_1211_Milletich	DenoisedF	79.94149603008776
16S_1211_Milletich	DenoisedF	79.29561365909416
16S_1211_Milletich	DenoisedF	61.496242672227254
16S_1211_Milletich	DenoisedF	56.29016135941739
16S_1211_Milletich	DenoisedF	61.789200196615404
16S_1211_Milletich	DenoisedF	72.67150027886224
16S_1211_Milletich	DenoisedF	73.94376753249534
16S_1211_Milletich	DenoisedF	78.74724666289524
16S_1211_Milletich	DenoisedF	78.02307340349043
16S_1211_Milletich	DenoisedF	79.48683503492747
16S_1211_Milletich	DenoisedF	77.30617468273435
16S_1211_Milletich	DenoisedF	79.61420429636125
16S_1211_Milletich	DenoisedF	65.79672262993867
16S_1211_Milletich	DenoisedF	58.28698553948832
16S_1211_Milletich	DenoisedF	78.16308961017384
16S_1211_Milletich	DenoisedF	79.50895036153331
16S_1211_Milletich	DenoisedF	76.64584665322383
16S_1211_Milletich	DenoisedF	67.90586683831263
16S_1211_Milletich	DenoisedF	68.08073371982455
16S_1211_Milletich	DenoisedF	68.780988500548
16S_1211_Milletich	DenoisedF	87.22557204700063
16S_1211_Milletich	DenoisedF	69.16275167785236
16S_1211_Milletich	DenoisedF	16.64775133395443
16S_1211_Milletich	DenoisedF	29.158293218675514
16S_1211_Milletich	DenoisedF	23.57964581381418
16S_1211_Milletich	DenoisedF	61.936015539924064
16S_1211_Milletich	DenoisedF	60.94434646642788
16S_1211_Milletich	DenoisedF	68.33108621197329
16S_1211_Milletich	DenoisedF	67.2384747031768
16S_1211_Milletich	DenoisedF	64.4703452862218
16S_1211_Milletich	DenoisedF	60.02775850104094
16S_1211_Milletich	DenoisedF	85.7597006724404
16S_1211_Milletich	DenoisedF	63.98913958177863
16S_1211_Milletich	DenoisedF	76.28108925523262
16S_1211_Milletich	DenoisedF	64.79698789050575
16S_1211_Milletich	DenoisedF	31.618251801164586
16S_1211_Milletich	DenoisedF	65.17602173536042
16S_1211_Milletich	DenoisedF	39.29308393796179
16S_1211_Milletich	DenoisedF	38.159386462154046
16S_1211_Milletich	DenoisedF	68.47449908925319
16S_1211_Milletich	DenoisedF	33.120388829872375
16S_1211_Milletich	DenoisedF	62.63700838168923
16S_1211_Milletich	DenoisedF	77.10549560274971
16S_1211_Milletich	DenoisedF	63.344122305626335
16S_1211_Milletich	DenoisedF	65.66013707123346
16S_1211_Milletich	DenoisedF	27.19378427787934
16S_1211_Milletich	DenoisedF	59.59824959139558
16S_1211_Milletich	DenoisedF	65.22803239024935
16S_1211_Milletich	DenoisedF	68.49797729348819
16S_1211_Milletich	DenoisedF	69.24226825931828
16S_1211_Milletich	DenoisedF	31.236659159894252
16S_1211_Milletich	DenoisedF	66.59110500941861
16S_1211_Milletich	DenoisedF	58.04273710772865
16S_1211_Milletich	DenoisedF	78.5137924563708
16S_1211_Milletich	DenoisedF	80.26500159787605
16S_1211_Milletich	DenoisedF	80.67186314409878
16S_1211_Milletich	DenoisedF	81.52895530967092
16S_1211_Milletich	DenoisedF	80.2743402415387
16S_1211_Milletich	DenoisedF	79.51176983435047
16S_1211_Milletich	DenoisedF	78.76163704509733
16S_1211_Milletich	DenoisedF	79.20919895127697
16S_1211_Milletich	DenoisedF	34.13097435244702
16S_1211_Milletich	DenoisedF	79.1520625505527
16S_1211_Milletich	DenoisedF	65.54428341384863
16S_1211_Milletich	DenoisedF	63.46522517992395
16S_1211_Milletich	DenoisedF	79.2153537268204
16S_1211_Milletich	DenoisedF	80.29613496733089
16S_1211_Milletich	DenoisedF	80.38429380980399
16S_1211_Milletich	DenoisedF	77.2850418489201
16S_1211_Milletich	DenoisedF	80.6560359589041
16S_1211_Milletich	DenoisedF	76.99171609736143
16S_1211_Milletich	DenoisedF	80.73162908107052
16S_1211_Milletich	DenoisedF	28.399470137649026
16S_1211_Milletich	DenoisedF	79.04861365774327
16S_1211_Milletich	DenoisedF	79.32842228951054
16S_1211_Milletich	DenoisedF	79.3429558436228
16S_1211_Milletich	DenoisedF	64.32265973031961
16S_136_Nobel	DenoisedF	60.67488157342448
16S_136_Nobel	DenoisedF	64.64846099644251
16S_136_Nobel	DenoisedF	64.77234714737038
16S_136_Nobel	DenoisedF	66.66922163032231
16S_136_Nobel	DenoisedF	67.23602350111189
16S_136_Nobel	DenoisedF	66.65559807738605
16S_136_Nobel	DenoisedF	58.845260977010064
16S_136_Nobel	DenoisedF	62.37104597936736
16S_136_Nobel	DenoisedF	64.13404431956063
16S_136_Nobel	DenoisedF	65.18420318169133
16S_136_Nobel	DenoisedF	62.32260720764767
16S_136_Nobel	DenoisedF	66.15778587609573
16S_136_Nobel	DenoisedF	66.94882940593304
16S_136_Nobel	DenoisedF	68.50853326737571
16S_136_Nobel	DenoisedF	68.81295893140475
16S_136_Nobel	DenoisedF	63.12296821686682
16S_136_Nobel	DenoisedF	66.67723056770404
16S_136_Nobel	DenoisedF	62.66747963666495
16S_136_Nobel	DenoisedF	62.02159129029307
16S_136_Nobel	DenoisedF	63.50290770333095
16S_136_Nobel	DenoisedF	62.93387113894491
16S_136_Nobel	DenoisedF	69.2128017967434
16S_136_Nobel	DenoisedF	64.96315379545862
16S_136_Nobel	DenoisedF	68.62348178137651
16S_136_Nobel	DenoisedF	65.6256378852827
16S_136_Nobel	DenoisedF	66.4121957541057
16S_136_Nobel	DenoisedF	62.16389832063871
16S_136_Nobel	DenoisedF	61.49421559087469
16S_136_Nobel	DenoisedF	61.999418562395526
16S_136_Nobel	DenoisedF	65.71977254588987
16S_136_Nobel	DenoisedF	61.86574588868731
16S_136_Nobel	DenoisedF	63.874317667421124
16S_136_Nobel	DenoisedF	65.97834028106064
16S_136_Nobel	DenoisedF	63.040767386091126
16S_136_Nobel	DenoisedF	67.03631349115146
16S_136_Nobel	DenoisedF	61.33898719726005
16S_136_Nobel	DenoisedF	60.7110497475946
16S_136_Nobel	DenoisedF	62.69714993539569
16S_136_Nobel	DenoisedF	59.93316446061817
16S_136_Nobel	DenoisedF	63.61811360494964
16S_136_Nobel	DenoisedF	62.01689599352489
16S_136_Nobel	DenoisedF	67.72231784279977
16S_136_Nobel	DenoisedF	62.465753424657535
16S_136_Nobel	DenoisedF	63.05581898566792
16S_136_Nobel	DenoisedF	60.11714146260163
16S_136_Nobel	DenoisedF	64.1540856200542
16S_136_Nobel	DenoisedF	62.570164236286416
16S_136_Nobel	DenoisedF	63.392135583827844
16S_136_Nobel	DenoisedF	64.160580768562
16S_136_Nobel	DenoisedF	60.513060471773414
16S_136_Nobel	DenoisedF	62.12259407376225
16S_136_Nobel	DenoisedF	64.12833338447848
16S_136_Nobel	DenoisedF	66.12037116590773
16S_136_Nobel	DenoisedF	60.51979085034495
16S_136_Nobel	DenoisedF	63.02701625530219
16S_136_Nobel	DenoisedF	65.6183079690489
16S_136_Nobel	DenoisedF	63.01563221423388
16S_136_Nobel	DenoisedF	64.86108303922636
16S_136_Nobel	DenoisedF	61.98561041531844
16S_136_Nobel	DenoisedF	65.40713586677062
16S_136_Nobel	DenoisedF	68.20376543722492
16S_136_Nobel	DenoisedF	63.55899862616394
16S_136_Nobel	DenoisedF	59.96871889663017
16S_136_Nobel	DenoisedF	69.35071551386905
16S_136_Nobel	DenoisedF	64.76413919109709
16S_136_Nobel	DenoisedF	62.348722545943524
16S_136_Nobel	DenoisedF	65.60678023946987
16S_136_Nobel	DenoisedF	62.934475832083194
16S_136_Nobel	DenoisedF	61.65325598802395
16S_136_Nobel	DenoisedF	63.594053005817706
16S_136_Nobel	DenoisedF	56.39501160092807
16S_136_Nobel	DenoisedF	56.37229628538459
16S_136_Nobel	DenoisedF	57.91094346262551
16S_136_Nobel	DenoisedF	59.184357776054654
16S_136_Nobel	DenoisedF	68.81865116856099
16S_136_Nobel	DenoisedF	61.49191167788405
16S_136_Nobel	DenoisedF	61.992812125631545
16S_136_Nobel	DenoisedF	59.94022388870774
16S_136_Nobel	DenoisedF	58.3828420364422
16S_136_Nobel	DenoisedF	63.9530568698395
16S_136_Nobel	DenoisedF	63.404110116787194
16S_136_Nobel	DenoisedF	57.3637739404083
16S_136_Nobel	DenoisedF	65.04856790154246
16S_136_Nobel	DenoisedF	68.23323243587701
16S_136_Nobel	DenoisedF	57.23692296886797
16S_136_Nobel	DenoisedF	57.29528736561312
16S_136_Nobel	DenoisedF	62.22760648278104
16S_136_Nobel	DenoisedF	61.66968261391131
16S_136_Nobel	DenoisedF	65.36052931012685
16S_136_Nobel	DenoisedF	59.48384966708854
16S_136_Nobel	DenoisedF	65.71286389649167
16S_136_Nobel	DenoisedF	64.35677383544683
16S_136_Nobel	DenoisedF	65.8877523472418
16S_136_Nobel	DenoisedF	62.34342596433016
16S_136_Nobel	DenoisedF	66.407712136728
16S_136_Nobel	DenoisedF	66.36942263577913
16S_136_Nobel	DenoisedF	63.79538258169634
16S_136_Nobel	DenoisedF	63.1072793529464
16S_136_Nobel	DenoisedF	63.004278208372575
16S_136_Nobel	DenoisedF	66.23502994011976
16S_136_Nobel	DenoisedF	64.71075324082005
16S_136_Nobel	DenoisedF	67.51080729361435
16S_136_Nobel	DenoisedF	56.16031993671582
16S_136_Nobel	DenoisedF	64.06870719987893
16S_136_Nobel	DenoisedF	64.22504957038996
16S_136_Nobel	DenoisedF	65.61266542837242
16S_136_Nobel	DenoisedF	62.01479157328552
16S_136_Nobel	DenoisedF	63.9740224320731
16S_136_Nobel	DenoisedF	61.74291938997821
16S_136_Nobel	DenoisedF	61.795105916727536
16S_136_Nobel	DenoisedF	64.74228838887949
16S_136_Nobel	DenoisedF	58.944436772084885
16S_136_Nobel	DenoisedF	62.8820256430933
16S_136_Nobel	DenoisedF	64.00357677161969
16S_136_Nobel	DenoisedF	64.38439131312549
16S_136_Nobel	DenoisedF	63.896164639850326
16S_136_Nobel	DenoisedF	65.54552156284555
16S_136_Nobel	DenoisedF	64.39746940940259
16S_136_Nobel	DenoisedF	65.79979006448019
16S_136_Nobel	DenoisedF	60.41833948932071
16S_136_Nobel	DenoisedF	61.211901306240925
16S_136_Nobel	DenoisedF	63.08026740217849
16S_136_Nobel	DenoisedF	66.01224934977766
16S_136_Nobel	DenoisedF	62.412732330023765
16S_136_Nobel	DenoisedF	62.04171460011004
16S_136_Nobel	DenoisedF	61.82748421136781
16S_136_Nobel	DenoisedF	63.46477989886715
16S_136_Nobel	DenoisedF	56.505475895823054
16S_136_Nobel	DenoisedF	64.53800944214278
16S_136_Nobel	DenoisedF	69.05559956934204
16S_136_Nobel	DenoisedF	70.1824339086738
16S_136_Nobel	DenoisedF	63.803691777085646
16S_136_Nobel	DenoisedF	66.35586114371961
16S_136_Nobel	DenoisedF	65.15739613828492
16S_136_Nobel	DenoisedF	63.14776384252158
16S_136_Nobel	DenoisedF	61.50179452669359
16S_179_Verdu	DenoisedF	94.52939472922097
16S_179_Verdu	DenoisedF	97.13604045473556
16S_179_Verdu	DenoisedF	95.66613845865494
16S_179_Verdu	DenoisedF	96.7530944265824
16S_179_Verdu	DenoisedF	96.41265465247064
16S_179_Verdu	DenoisedF	94.45909943961048
16S_179_Verdu	DenoisedF	95.89935602274403
16S_179_Verdu	DenoisedF	96.20149002813712
16S_179_Verdu	DenoisedF	96.91727535981329
16S_179_Verdu	DenoisedF	96.39800375348207
16S_179_Verdu	DenoisedF	95.36043392044792
16S_179_Verdu	DenoisedF	96.1421046042431
16S_179_Verdu	DenoisedF	98.24145785876993
16S_179_Verdu	DenoisedF	98.34128283619278
16S_179_Verdu	DenoisedF	96.59414874477567
16S_179_Verdu	DenoisedF	95.3391181158137
16S_179_Verdu	DenoisedF	98.51602645344148
16S_179_Verdu	DenoisedF	98.14688715953307
16S_179_Verdu	DenoisedF	98.30076353935317
16S_179_Verdu	DenoisedF	98.26421342163592
16S_179_Verdu	DenoisedF	97.89043664612912
16S_179_Verdu	DenoisedF	98.48138102503249
16S_179_Verdu	DenoisedF	98.4639097612667
16S_179_Verdu	DenoisedF	98.27784436996991
16S_179_Verdu	DenoisedF	98.15724653907454
16S_179_Verdu	DenoisedF	98.34125443470111
16S_179_Verdu	DenoisedF	98.14847366262379
16S_179_Verdu	DenoisedF	98.49880777798923
16S_179_Verdu	DenoisedF	96.84702575540008
16S_179_Verdu	DenoisedF	98.28231637272789
16S_179_Verdu	DenoisedF	98.55682043310627
16S_179_Verdu	DenoisedF	97.9621857245037
16S_179_Verdu	DenoisedF	96.37923473303366
16S_179_Verdu	DenoisedF	98.58679267161409
16S_179_Verdu	DenoisedF	95.98003252278485
16S_179_Verdu	DenoisedF	95.18545977398846
16S_179_Verdu	DenoisedF	97.11303762309569
16S_179_Verdu	DenoisedF	97.42498403915727
16S_179_Verdu	DenoisedF	93.46279831539542
16S_179_Verdu	DenoisedF	95.91062313396898
16S_179_Verdu	DenoisedF	97.94064203513022
16S_179_Verdu	DenoisedF	96.71384702269599
16S_179_Verdu	DenoisedF	90.68008501062633
16S_179_Verdu	DenoisedF	92.83259933213958
16S_179_Verdu	DenoisedF	94.19707659588833
16S_179_Verdu	DenoisedF	97.17444453976152
16S_179_Verdu	DenoisedF	92.92798620094868
16S_179_Verdu	DenoisedF	94.57493303256732
16S_179_Verdu	DenoisedF	96.2573461181565
16S_179_Verdu	DenoisedF	98.36819130623113
16S_179_Verdu	DenoisedF	98.26642104615519
16S_179_Verdu	DenoisedF	97.66923948648846
16S_179_Verdu	DenoisedF	98.51502756535658
16S_179_Verdu	DenoisedF	98.70300223527994
16S_179_Verdu	DenoisedF	97.88544405271044
16S_179_Verdu	DenoisedF	98.72981836528758
16S_179_Verdu	DenoisedF	97.4531811389145
16S_179_Verdu	DenoisedF	98.86571493117043
16S_179_Verdu	DenoisedF	95.05450108012731
16S_179_Verdu	DenoisedF	98.68224810738356
16S_179_Verdu	DenoisedF	98.20424493326743
16S_179_Verdu	DenoisedF	98.55106744632513
16S_179_Verdu	DenoisedF	96.216990299538
16S_179_Verdu	DenoisedF	95.61710236628369
16S_179_Verdu	DenoisedF	96.11592632719393
16S_179_Verdu	DenoisedF	86.74475955610357
16S_179_Verdu	DenoisedF	96.99687235966381
16S_179_Verdu	DenoisedF	93.01794119653455
16S_179_Verdu	DenoisedF	93.40172454926552
16S_179_Verdu	DenoisedF	95.82949701619779
16S_179_Verdu	DenoisedF	93.1917211328976
16S_179_Verdu	DenoisedF	95.43693111838746
16S_179_Verdu	DenoisedF	94.34173327638456
16S_179_Verdu	DenoisedF	97.1370207914364
16S_179_Verdu	DenoisedF	96.52194682786117
16S_179_Verdu	DenoisedF	94.43339351837685
16S_179_Verdu	DenoisedF	96.81484306345442
16S_179_Verdu	DenoisedF	96.45695969710985
16S_179_Verdu	DenoisedF	96.59652164775116
16S_179_Verdu	DenoisedF	96.05073045432654
16S_179_Verdu	DenoisedF	99.01856587731244
16S_179_Verdu	DenoisedF	93.49313116342701
16S_179_Verdu	DenoisedF	96.60663848881232
16S_179_Verdu	DenoisedF	94.08273618499142
16S_179_Verdu	DenoisedF	98.38646383970823
16S_179_Verdu	DenoisedF	97.54574678536103
16S_179_Verdu	DenoisedF	98.81142076680433
16S_179_Verdu	DenoisedF	93.39013174598698
16S_179_Verdu	DenoisedF	96.29315315903429
16S_179_Verdu	DenoisedF	93.70170224263713
16S_179_Verdu	DenoisedF	96.72701949860725
16S_179_Verdu	DenoisedF	98.38598164262726
16S_179_Verdu	DenoisedF	94.93080351325288
16S_179_Verdu	DenoisedF	96.11969499347848
16S_179_Verdu	DenoisedF	98.18901232689088
16S_179_Verdu	DenoisedF	97.87294839181796
16S_179_Verdu	DenoisedF	97.74433779617091
16S_179_Verdu	DenoisedF	97.41417367209881
16S_179_Verdu	DenoisedF	98.48092568852692
16S_179_Verdu	DenoisedF	98.37528331146368
16S_179_Verdu	DenoisedF	96.39292369744467
16S_179_Verdu	DenoisedF	98.3148764810656
16S_179_Verdu	DenoisedF	98.66748838216434
16S_179_Verdu	DenoisedF	97.68060749271605
16S_179_Verdu	DenoisedF	99.0014821152994
16S_179_Verdu	DenoisedF	98.24217787632422
16S_179_Verdu	DenoisedF	96.99946893255444
16S_179_Verdu	DenoisedF	98.34994942927324
16S_179_Verdu	DenoisedF	98.20688109380254
16S_179_Verdu	DenoisedF	93.33275495597103
16S_179_Verdu	DenoisedF	96.7861911119588
16S_179_Verdu	DenoisedF	95.28941375840704
16S_179_Verdu	DenoisedF	96.68038745878643
16S_179_Verdu	DenoisedF	98.76419589289142
16S_179_Verdu	DenoisedF	97.3683670116642
16S_179_Verdu	DenoisedF	94.95727013758409
16S_179_Verdu	DenoisedF	94.57765528505078
16S_179_Verdu	DenoisedF	98.52813032771358
16S_179_Verdu	DenoisedF	97.26916387612596
16S_179_Verdu	DenoisedF	93.36956888693832
16S_179_Verdu	DenoisedF	92.60848831664282
16S_179_Verdu	DenoisedF	97.37753587333003
16S_179_Verdu	DenoisedF	94.45294139590405
16S_179_Verdu	DenoisedF	77.70838989953842
16S_179_Verdu	DenoisedF	94.44109925576242
16S_179_Verdu	DenoisedF	85.28018194453219
16S_179_Verdu	DenoisedF	97.28127423106746
16S_179_Verdu	DenoisedF	95.11230105607615
16S_179_Verdu	DenoisedF	93.23103756151244
16S_179_Verdu	DenoisedF	96.8410155287158
16S_179_Verdu	DenoisedF	96.75300012121701
16S_179_Verdu	DenoisedF	96.90201572219762
16S_179_Verdu	DenoisedF	95.61437217792295
16S_179_Verdu	DenoisedF	98.33164812942367
16S_179_Verdu	DenoisedF	89.40304694787025
16S_179_Verdu	DenoisedF	98.0591473886251
16S_179_Verdu	DenoisedF	97.98602754378928
16S_179_Verdu	DenoisedF	98.42441309994902
16S_179_Verdu	DenoisedF	98.32704929479124
16S_179_Verdu	DenoisedF	98.45969150174622
16S_179_Verdu	DenoisedF	98.30475558540553
16S_179_Verdu	DenoisedF	96.90897794346071
16S_179_Verdu	DenoisedF	91.98673719717878
16S_179_Verdu	DenoisedF	98.48344990366685
16S_179_Verdu	DenoisedF	98.41963604226088
16S_179_Verdu	DenoisedF	98.29774003614388
16S_179_Verdu	DenoisedF	98.04403780623781
16S_179_Verdu	DenoisedF	97.68651216116616
16S_179_Verdu	DenoisedF	94.63482640762727
16S_179_Verdu	DenoisedF	97.72986928201553
16S_179_Verdu	DenoisedF	98.72630409489734
16S_179_Verdu	DenoisedF	97.79046179547353
16S_179_Verdu	DenoisedF	86.73178673178673
16S_179_Verdu	DenoisedF	95.23710748021445
16S_179_Verdu	DenoisedF	93.64031361506906
16S_179_Verdu	DenoisedF	98.34556949117977
16S_179_Verdu	DenoisedF	87.7505961317672
16S_179_Verdu	DenoisedF	91.49316922002532
16S_179_Verdu	DenoisedF	92.12688507540302
16S_179_Verdu	DenoisedF	98.8523405024399
16S_179_Verdu	DenoisedF	97.37649472341842
16S_179_Verdu	DenoisedF	95.36367205024675
16S_179_Verdu	DenoisedF	97.43684284134108
16S_179_Verdu	DenoisedF	98.58496597383039
16S_179_Verdu	DenoisedF	97.38426389835264
16S_179_Verdu	DenoisedF	97.43504083147737
16S_179_Verdu	DenoisedF	97.88001804239964
16S_179_Verdu	DenoisedF	95.68310601862609
16S_179_Verdu	DenoisedF	94.69824396151517
16S_179_Verdu	DenoisedF	96.06792252586894
16S_179_Verdu	DenoisedF	94.97695794981954
16S_179_Verdu	DenoisedF	94.75746563438142
16S_179_Verdu	DenoisedF	96.18623560158746
16S_179_Verdu	DenoisedF	93.49671848346713
16S_179_Verdu	DenoisedF	94.7636511817441
16S_179_Verdu	DenoisedF	90.05993787461172
16S_179_Verdu	DenoisedF	93.7179655670916
16S_179_Verdu	DenoisedF	96.58373106648969
16S_179_Verdu	DenoisedF	96.72197490894374
16S_20_Caminero	DenoisedF	97.77747828324287
16S_20_Caminero	DenoisedF	97.26887809108416
16S_20_Caminero	DenoisedF	97.97292681260552
16S_20_Caminero	DenoisedF	96.16878863736284
16S_20_Caminero	DenoisedF	98.90545961974534
16S_20_Caminero	DenoisedF	94.45198116105253
16S_20_Caminero	DenoisedF	98.42607008040265
16S_20_Caminero	DenoisedF	98.54092928684389
16S_20_Caminero	DenoisedF	98.68510005408328
16S_20_Caminero	DenoisedF	98.67035612893952
16S_20_Caminero	DenoisedF	98.74121359919667
16S_20_Caminero	DenoisedF	98.71929578780238
16S_20_Caminero	DenoisedF	98.46783925110616
16S_20_Caminero	DenoisedF	91.54322589379393
16S_20_Caminero	DenoisedF	88.37874183335275
16S_20_Caminero	DenoisedF	92.4469838479288
16S_20_Caminero	DenoisedF	98.65615843184804
16S_20_Caminero	DenoisedF	94.97567888467579
16S_20_Caminero	DenoisedF	92.72840077395475
16S_20_Caminero	DenoisedF	93.2687013764213
16S_20_Rawson	DenoisedF	67.54415569805377
16S_20_Rawson	DenoisedF	57.96146044624746
16S_20_Rawson	DenoisedF	61.75789624124624
16S_20_Rawson	DenoisedF	63.90724498377989
16S_20_Rawson	DenoisedF	61.89313107940181
16S_20_Rawson	DenoisedF	50.58772581044296
16S_20_Rawson	DenoisedF	66.94723618090453
16S_20_Rawson	DenoisedF	66.00718050569093
16S_20_Rawson	DenoisedF	68.23631530407421
16S_20_Rawson	DenoisedF	64.18884120171674
16S_20_Rawson	DenoisedF	62.6808458019043
16S_20_Rawson	DenoisedF	70.16770483948251
16S_20_Rawson	DenoisedF	63.296039996341804
16S_20_Rawson	DenoisedF	52.33634311512415
16S_20_Rawson	DenoisedF	68.63746647937684
16S_20_Rawson	DenoisedF	61.96103109122267
16S_20_Rawson	DenoisedF	63.027169505271694
16S_20_Rawson	DenoisedF	56.597375792422234
16S_20_Rawson	DenoisedF	56.40623365756719
16S_20_Rawson	DenoisedF	54.730191256830594
16S_227_Oscarsson	DenoisedF	50.137829912023456
16S_227_Oscarsson	DenoisedF	39.433907696054554
16S_227_Oscarsson	DenoisedF	31.825961546815407
16S_227_Oscarsson	DenoisedF	34.94737591936317
16S_227_Oscarsson	DenoisedF	35.104732350659425
16S_227_Oscarsson	DenoisedF	39.72927186302406
16S_227_Oscarsson	DenoisedF	40.905629192727744
16S_227_Oscarsson	DenoisedF	39.16470325636765
16S_227_Oscarsson	DenoisedF	50.53805502504276
16S_227_Oscarsson	DenoisedF	9.489477361044404
16S_227_Oscarsson	DenoisedF	36.51570083059983
16S_227_Oscarsson	DenoisedF	35.394118484762174
16S_227_Oscarsson	DenoisedF	33.37856589771307
16S_227_Oscarsson	DenoisedF	35.27283740808669
16S_227_Oscarsson	DenoisedF	41.265536049596136
16S_227_Oscarsson	DenoisedF	40.675735323622646
16S_227_Oscarsson	DenoisedF	35.359821943780396
16S_227_Oscarsson	DenoisedF	29.245301879248302
16S_227_Oscarsson	DenoisedF	38.8268401304485
16S_227_Oscarsson	DenoisedF	53.72164870770854
16S_227_Oscarsson	DenoisedF	40.81467295226871
16S_227_Oscarsson	DenoisedF	41.48529243009601
16S_227_Oscarsson	DenoisedF	44.646954669731784
16S_227_Oscarsson	DenoisedF	30.74305741092898
16S_227_Oscarsson	DenoisedF	42.70599635103402
16S_227_Oscarsson	DenoisedF	28.000757587714453
16S_227_Oscarsson	DenoisedF	32.42760606370509
16S_227_Oscarsson	DenoisedF	31.792371024438452
16S_227_Oscarsson	DenoisedF	29.965984278099267
16S_227_Oscarsson	DenoisedF	39.04221308801461
16S_227_Oscarsson	DenoisedF	57.30966154664539
16S_227_Oscarsson	DenoisedF	47.59345223552406
16S_227_Oscarsson	DenoisedF	33.600323823074845
16S_227_Oscarsson	DenoisedF	40.4618975304993
16S_227_Oscarsson	DenoisedF	34.62343407492635
16S_227_Oscarsson	DenoisedF	36.5318299817893
16S_227_Oscarsson	DenoisedF	21.006601026826395
16S_227_Oscarsson	DenoisedF	36.68464067348757
16S_227_Oscarsson	DenoisedF	41.66218050300636
16S_227_Oscarsson	DenoisedF	42.41108660238973
16S_227_Oscarsson	DenoisedF	30.158509182743447
16S_227_Oscarsson	DenoisedF	31.331422796306295
16S_227_Oscarsson	DenoisedF	44.991957401963504
16S_227_Oscarsson	DenoisedF	30.89677555916179
16S_227_Oscarsson	DenoisedF	35.01600960576346
16S_227_Oscarsson	DenoisedF	31.54943755779518
16S_227_Oscarsson	DenoisedF	34.711143006983356
16S_227_Oscarsson	DenoisedF	32.65308600009712
16S_227_Oscarsson	DenoisedF	32.76247956745882
16S_227_Oscarsson	DenoisedF	27.45090922289572
16S_227_Oscarsson	DenoisedF	33.644300125096485
16S_227_Oscarsson	DenoisedF	36.466832210003545
16S_227_Oscarsson	DenoisedF	38.652342207125365
16S_227_Oscarsson	DenoisedF	49.83050133703914
16S_227_Oscarsson	DenoisedF	35.292706788272795
16S_227_Oscarsson	DenoisedF	39.38039477228129
16S_227_Oscarsson	DenoisedF	38.57202022333185
16S_227_Oscarsson	DenoisedF	46.363789157950535
16S_227_Oscarsson	DenoisedF	39.269893742621015
16S_227_Oscarsson	DenoisedF	36.761350797781226
16S_227_Oscarsson	DenoisedF	32.90285871050666
16S_227_Oscarsson	DenoisedF	40.819950092776246
16S_227_Oscarsson	DenoisedF	38.32981342229516
16S_227_Oscarsson	DenoisedF	40.72597985010444
16S_227_Oscarsson	DenoisedF	54.20264758823395
16S_227_Oscarsson	DenoisedF	41.632169340038025
16S_227_Oscarsson	DenoisedF	45.42741955248389
16S_227_Oscarsson	DenoisedF	37.0923144842115
16S_227_Oscarsson	DenoisedF	37.03073550200192
16S_227_Oscarsson	DenoisedF	36.95108580661294
16S_227_Oscarsson	DenoisedF	36.83010758933109
16S_227_Oscarsson	DenoisedF	28.21701101432582
16S_227_Oscarsson	DenoisedF	36.750003112666064
16S_227_Oscarsson	DenoisedF	36.2728962746287
16S_227_Oscarsson	DenoisedF	39.953156155253886
16S_227_Oscarsson	DenoisedF	58.3015786608601
16S_227_Oscarsson	DenoisedF	39.28738584132394
16S_227_Oscarsson	DenoisedF	33.935484947600294
16S_227_Oscarsson	DenoisedF	35.46780970054168
16S_227_Oscarsson	DenoisedF	37.170494835825494
16S_227_Oscarsson	DenoisedF	51.298081771007055
16S_227_Oscarsson	DenoisedF	52.937004076151204
16S_227_Oscarsson	DenoisedF	48.18943013792668
16S_227_Oscarsson	DenoisedF	48.41613791452173
16S_227_Oscarsson	DenoisedF	57.942410280089206
16S_227_Oscarsson	DenoisedF	48.26140668753089
16S_227_Oscarsson	DenoisedF	55.88008912294916
16S_227_Oscarsson	DenoisedF	47.185732015924955
16S_227_Oscarsson	DenoisedF	51.55779169786512
16S_227_Oscarsson	DenoisedF	52.7113745989248
16S_227_Oscarsson	DenoisedF	49.40657457476003
16S_227_Oscarsson	DenoisedF	48.88581571406168
16S_227_Oscarsson	DenoisedF	49.00618767806268
16S_227_Oscarsson	DenoisedF	52.60793050511102
16S_227_Oscarsson	DenoisedF	51.67315333258813
16S_227_Oscarsson	DenoisedF	48.88788217946668
16S_227_Oscarsson	DenoisedF	43.58550365164668
16S_227_Oscarsson	DenoisedF	53.28156274155486
16S_227_Oscarsson	DenoisedF	18.11340118019328
16S_227_Oscarsson	DenoisedF	37.27140072640515
16S_227_Oscarsson	DenoisedF	51.29621601535889
16S_227_Oscarsson	DenoisedF	47.591961578707306
16S_227_Oscarsson	DenoisedF	50.53124268663702
16S_227_Oscarsson	DenoisedF	47.17957670544984
16S_227_Oscarsson	DenoisedF	48.641769391815
16S_227_Oscarsson	DenoisedF	51.087377453478176
16S_227_Oscarsson	DenoisedF	45.82564520380533
16S_227_Oscarsson	DenoisedF	50.55395855791113
16S_227_Oscarsson	DenoisedF	46.34971653772229
16S_227_Oscarsson	DenoisedF	54.371310836396034
16S_227_Oscarsson	DenoisedF	47.11607997967281
16S_227_Oscarsson	DenoisedF	50.5255267760473
16S_227_Oscarsson	DenoisedF	48.10066825425133
16S_227_Oscarsson	DenoisedF	51.54048508892161
16S_227_Oscarsson	DenoisedF	33.32057032418043
16S_227_Oscarsson	DenoisedF	51.54574734996137
16S_227_Oscarsson	DenoisedF	50.98067716235
16S_227_Oscarsson	DenoisedF	43.158211651362336
16S_227_Oscarsson	DenoisedF	57.18926381613676
16S_227_Oscarsson	DenoisedF	53.14682251097423
16S_227_Oscarsson	DenoisedF	53.26296903917179
16S_227_Oscarsson	DenoisedF	48.70973795950923
16S_227_Oscarsson	DenoisedF	60.62144224967866
16S_227_Oscarsson	DenoisedF	50.69809118946404
16S_227_Oscarsson	DenoisedF	55.85697375403078
16S_227_Oscarsson	DenoisedF	52.33729074930792
16S_227_Oscarsson	DenoisedF	55.7709080337242
16S_227_Oscarsson	DenoisedF	56.25443751550458
16S_227_Oscarsson	DenoisedF	43.48338722008825
16S_227_Oscarsson	DenoisedF	48.37380941633187
16S_227_Oscarsson	DenoisedF	47.784956556014464
16S_227_Oscarsson	DenoisedF	48.72809529263544
16S_227_Oscarsson	DenoisedF	49.62792527713152
16S_227_Oscarsson	DenoisedF	57.87243981604529
16S_227_Oscarsson	DenoisedF	57.01635295642623
16S_227_Oscarsson	DenoisedF	45.62745155010605
16S_227_Oscarsson	DenoisedF	50.32613566579808
16S_227_Oscarsson	DenoisedF	44.86653057712914
16S_227_Oscarsson	DenoisedF	49.97824045443093
16S_227_Oscarsson	DenoisedF	51.9630238791423
16S_227_Oscarsson	DenoisedF	33.73798749173743
16S_227_Oscarsson	DenoisedF	53.95677761345724
16S_227_Oscarsson	DenoisedF	52.0011813197396
16S_227_Oscarsson	DenoisedF	46.5337584876653
16S_227_Oscarsson	DenoisedF	49.91000190380588
16S_227_Oscarsson	DenoisedF	48.00227305014917
16S_227_Oscarsson	DenoisedF	49.51431011769475
16S_227_Oscarsson	DenoisedF	23.000807977952164
16S_227_Oscarsson	DenoisedF	51.09579983992762
16S_227_Oscarsson	DenoisedF	53.34663591393281
16S_227_Oscarsson	DenoisedF	51.1860797569765
16S_227_Oscarsson	DenoisedF	53.48655147346643
16S_227_Oscarsson	DenoisedF	48.12987180313083
16S_227_Oscarsson	DenoisedF	50.36600891152132
16S_227_Oscarsson	DenoisedF	47.39746304172678
16S_227_Oscarsson	DenoisedF	55.2827843380982
16S_227_Oscarsson	DenoisedF	49.27464743175055
16S_227_Oscarsson	DenoisedF	51.39041543644892
16S_227_Oscarsson	DenoisedF	50.85634804752645
16S_227_Oscarsson	DenoisedF	55.475785587147406
16S_227_Oscarsson	DenoisedF	53.58200999169425
16S_227_Oscarsson	DenoisedF	52.80897228069919
16S_227_Oscarsson	DenoisedF	49.71195565423069
16S_227_Oscarsson	DenoisedF	50.61786733815371
16S_227_Oscarsson	DenoisedF	47.45510356679041
16S_227_Oscarsson	DenoisedF	49.48176923820884
16S_227_Oscarsson	DenoisedF	47.589087895546875
16S_227_Oscarsson	DenoisedF	46.04646863059288
16S_227_Oscarsson	DenoisedF	58.59398227983588
16S_227_Oscarsson	DenoisedF	52.340282385041625
16S_227_Oscarsson	DenoisedF	55.65863534227681
16S_227_Oscarsson	DenoisedF	46.23548581242752
16S_227_Oscarsson	DenoisedF	42.53456788434974
16S_227_Oscarsson	DenoisedF	54.323464003837266
16S_227_Oscarsson	DenoisedF	35.87249559552587
16S_227_Oscarsson	DenoisedF	35.31440162271805
16S_227_Oscarsson	DenoisedF	48.27809250321636
16S_227_Oscarsson	DenoisedF	49.32240627345203
16S_227_Oscarsson	DenoisedF	47.923987092147726
16S_227_Oscarsson	DenoisedF	45.632437026734664
16S_227_Oscarsson	DenoisedF	44.46780339401045
16S_227_Oscarsson	DenoisedF	53.63498843210536
16S_227_Oscarsson	DenoisedF	31.672316384180792
16S_227_Oscarsson	DenoisedF	42.92460452839675
16S_227_Oscarsson	DenoisedF	51.68534798829967
16S_227_Oscarsson	DenoisedF	42.79836611973217
16S_227_Oscarsson	DenoisedF	44.639230024061746
16S_227_Oscarsson	DenoisedF	38.78573785921209
16S_227_Oscarsson	DenoisedF	39.881125882367854
16S_227_Oscarsson	DenoisedF	45.83622703453501
16S_227_Oscarsson	DenoisedF	43.3500052372473
16S_227_Oscarsson	DenoisedF	57.57144560594618
16S_227_Oscarsson	DenoisedF	46.02537466970571
16S_227_Oscarsson	DenoisedF	45.87596401791974
16S_227_Oscarsson	DenoisedF	44.654796784614234
16S_227_Oscarsson	DenoisedF	40.93927631942017
16S_227_Oscarsson	DenoisedF	51.95515333912638
16S_227_Oscarsson	DenoisedF	52.72705330406776
16S_227_Oscarsson	DenoisedF	53.542695555201526
16S_227_Oscarsson	DenoisedF	43.02243571414956
16S_227_Oscarsson	DenoisedF	45.756239715617184
16S_227_Oscarsson	DenoisedF	49.26880474914935
16S_227_Oscarsson	DenoisedF	57.83092133990394
16S_227_Oscarsson	DenoisedF	53.32162405650735
16S_227_Oscarsson	DenoisedF	52.59203517971993
16S_227_Oscarsson	DenoisedF	53.72904497438687
16S_227_Oscarsson	DenoisedF	41.74670303949896
16S_227_Oscarsson	DenoisedF	47.7148553262568
16S_227_Oscarsson	DenoisedF	43.34478714429744
16S_227_Oscarsson	DenoisedF	43.561830243238646
16S_227_Oscarsson	DenoisedF	42.58287022815493
16S_227_Oscarsson	DenoisedF	42.90230189880131
16S_227_Oscarsson	DenoisedF	50.671791860196116
16S_227_Oscarsson	DenoisedF	56.27062706270627
16S_227_Oscarsson	DenoisedF	39.09849967384214
16S_227_Oscarsson	DenoisedF	49.63220813506638
16S_227_Oscarsson	DenoisedF	50.371658141374965
16S_227_Oscarsson	DenoisedF	51.258617205218606
16S_227_Oscarsson	DenoisedF	44.9332436845644
16S_227_Oscarsson	DenoisedF	37.4467002493258
16S_227_Oscarsson	DenoisedF	43.219612549288534
16S_227_Oscarsson	DenoisedF	43.544555190526566
16S_227_Oscarsson	DenoisedF	45.449983271997326
16S_227_Oscarsson	DenoisedF	47.37469094178467
16S_227_Oscarsson	DenoisedF	55.856348939036714
16S_227_Oscarsson	DenoisedF	50.712250712250714
16S_227_Oscarsson	DenoisedF	42.80383221500592
16S_24_Giacomin	DenoisedF	48.310718279962565
16S_24_Giacomin	DenoisedF	44.824941337408255
16S_24_Giacomin	DenoisedF	46.360020212752175
16S_24_Giacomin	DenoisedF	46.25717707955437
16S_24_Giacomin	DenoisedF	39.13423716630394
16S_24_Giacomin	DenoisedF	44.78072859382084
16S_24_Giacomin	DenoisedF	45.70857997951146
16S_24_Giacomin	DenoisedF	46.831521034836186
16S_24_Giacomin	DenoisedF	37.20596150898468
16S_24_Giacomin	DenoisedF	44.86239147645693
16S_24_Giacomin	DenoisedF	47.49643485373852
16S_24_Giacomin	DenoisedF	46.4796733777545
16S_24_Giacomin	DenoisedF	46.47304496686885
16S_24_Giacomin	DenoisedF	49.271062436442364
16S_24_Giacomin	DenoisedF	39.6649064018667
16S_24_Giacomin	DenoisedF	46.436022657045015
16S_24_Giacomin	DenoisedF	47.2446157624422
16S_24_Giacomin	DenoisedF	41.36989811351642
16S_24_Giacomin	DenoisedF	44.0335572117923
16S_24_Giacomin	DenoisedF	45.479702205365925
16S_24_Giacomin	DenoisedF	39.63221056625113
16S_24_Giacomin	DenoisedF	47.34534473774124
16S_24_Giacomin	DenoisedF	49.04589213089811
16S_24_Giacomin	DenoisedF	49.695802967105166
16S_25_Francavilla	DenoisedF	55.76168391009632
16S_25_Francavilla	DenoisedF	49.76783452933727
16S_25_Francavilla	DenoisedF	54.83476132190942
16S_25_Francavilla	DenoisedF	66.05448423630241
16S_25_Francavilla	DenoisedF	56.94444444444444
16S_25_Francavilla	DenoisedF	49.28981565427621
16S_25_Francavilla	DenoisedF	55.511929930534585
16S_25_Francavilla	DenoisedF	43.571237636995455
16S_25_Francavilla	DenoisedF	57.246753246753244
16S_25_Francavilla	DenoisedF	38.808777429467085
16S_25_Francavilla	DenoisedF	46.93877551020408
16S_25_Francavilla	DenoisedF	59.60047704233751
16S_25_Francavilla	DenoisedF	58.98861530315065
16S_25_Francavilla	DenoisedF	56.86934023285899
16S_25_Francavilla	DenoisedF	44.908929926637995
16S_25_Francavilla	DenoisedF	45.04265716888926
16S_25_Francavilla	DenoisedF	41.92873683424217
16S_25_Francavilla	DenoisedF	35.03649635036496
16S_25_Francavilla	DenoisedF	47.514333405907536
16S_25_Francavilla	DenoisedF	44.408925260533216
16S_25_Francavilla	DenoisedF	44.908929926637995
16S_25_Francavilla	DenoisedF	45.04265716888926
16S_25_Francavilla	DenoisedF	41.92873683424217
16S_25_Francavilla	DenoisedF	47.514333405907536
16S_25_Francavilla	DenoisedF	44.408925260533216
16S_27_Federica	DenoisedF	79.72886762360446
16S_27_Federica	DenoisedF	79.05711980383732
16S_27_Federica	DenoisedF	77.52412479310452
16S_27_Federica	DenoisedF	76.17094017094017
16S_27_Federica	DenoisedF	78.77253505452927
16S_27_Federica	DenoisedF	79.36367163682722
16S_27_Federica	DenoisedF	75.02042692268411
16S_27_Federica	DenoisedF	77.10507622534287
16S_27_Federica	DenoisedF	78.30740437478067
16S_27_Federica	DenoisedF	79.23938305514473
16S_27_Federica	DenoisedF	78.40223708739994
16S_27_Federica	DenoisedF	77.52756053896165
16S_27_Federica	DenoisedF	79.01187150837988
16S_27_Federica	DenoisedF	76.73753382296096
16S_27_Federica	DenoisedF	80.05220192147499
16S_27_Federica	DenoisedF	79.94825355756791
16S_27_Federica	DenoisedF	77.97172459551881
16S_27_Federica	DenoisedF	77.02835141757089
16S_27_Federica	DenoisedF	73.74613534867743
16S_27_Federica	DenoisedF	77.45131870840522
16S_27_Federica	DenoisedF	78.30806734211929
16S_27_Federica	DenoisedF	78.52787535720137
16S_27_Federica	DenoisedF	78.20638506457526
16S_27_Federica	DenoisedF	40.08952301021122
16S_27_Federica	DenoisedF	79.57850735870417
16S_27_Federica	DenoisedF	79.42563405412294
16S_27_Federica	DenoisedF	78.13165585219673
16S_27_Fornasaro	DenoisedF	78.66091078381581
16S_27_Fornasaro	DenoisedF	80.55032000165697
16S_27_Fornasaro	DenoisedF	76.21407109246556
16S_27_Fornasaro	DenoisedF	73.18316210899302
16S_27_Fornasaro	DenoisedF	82.84257692835261
16S_27_Fornasaro	DenoisedF	81.62763135617134
16S_27_Fornasaro	DenoisedF	76.34178176930119
16S_27_Fornasaro	DenoisedF	80.60204024750544
16S_27_Fornasaro	DenoisedF	73.74906779360062
16S_27_Fornasaro	DenoisedF	79.5037519855398
16S_27_Fornasaro	DenoisedF	82.35224544347065
16S_27_Fornasaro	DenoisedF	77.34263160047445
16S_27_Fornasaro	DenoisedF	82.84004218426855
16S_27_Fornasaro	DenoisedF	77.08726607904633
16S_27_Fornasaro	DenoisedF	76.92212101253868
16S_27_Fornasaro	DenoisedF	81.38866179911481
16S_27_Fornasaro	DenoisedF	75.77352452150868
16S_27_Fornasaro	DenoisedF	64.21942865889827
16S_27_Fornasaro	DenoisedF	73.59866290609004
16S_27_Fornasaro	DenoisedF	80.35730148546612
16S_27_Fornasaro	DenoisedF	69.97990874810716
16S_27_Fornasaro	DenoisedF	84.22725570621174
16S_27_Fornasaro	DenoisedF	80.24996623481866
16S_27_Fornasaro	DenoisedF	75.12379290064315
16S_27_Fornasaro	DenoisedF	72.0119044260769
16S_27_Fornasaro	DenoisedF	74.48566878980891
16S_27_Fornasaro	DenoisedF	62.43341830918776
16S_49_Turjeman	DenoisedF	93.22813121272365
16S_49_Turjeman	DenoisedF	94.9367088607595
16S_49_Turjeman	DenoisedF	93.31562638335546
16S_49_Turjeman	DenoisedF	91.60347290911089
16S_49_Turjeman	DenoisedF	92.08989128671101
16S_49_Turjeman	DenoisedF	94.28074372077852
16S_49_Turjeman	DenoisedF	94.31386861313868
16S_49_Turjeman	DenoisedF	93.54391157563705
16S_49_Turjeman	DenoisedF	90.59287183002056
16S_49_Turjeman	DenoisedF	96.23772478000255
16S_49_Turjeman	DenoisedF	94.72270143386407
16S_49_Turjeman	DenoisedF	94.23418621179816
16S_49_Turjeman	DenoisedF	93.79394680525833
16S_49_Turjeman	DenoisedF	91.88059978645374
16S_49_Turjeman	DenoisedF	95.68137630354092
16S_49_Turjeman	DenoisedF	93.74160623153371
16S_49_Turjeman	DenoisedF	95.20101855932619
16S_49_Turjeman	DenoisedF	92.42968915204061
16S_49_Turjeman	DenoisedF	93.36149399733215
16S_49_Turjeman	DenoisedF	93.86777387416161
16S_49_Turjeman	DenoisedF	94.4371666510714
16S_49_Turjeman	DenoisedF	93.88782693831881
16S_49_Turjeman	DenoisedF	94.58369573811972
16S_49_Turjeman	DenoisedF	94.11368664037704
16S_49_Turjeman	DenoisedF	94.13281753707285
16S_49_Turjeman	DenoisedF	95.7063436910553
16S_49_Turjeman	DenoisedF	93.22692738088226
16S_49_Turjeman	DenoisedF	93.86686858045825
16S_49_Turjeman	DenoisedF	94.99705564824811
16S_49_Turjeman	DenoisedF	95.00097789947193
16S_49_Turjeman	DenoisedF	94.40987843400019
16S_49_Turjeman	DenoisedF	92.05735307989812
16S_49_Turjeman	DenoisedF	93.44128927284702
16S_49_Turjeman	DenoisedF	94.58559857982914
16S_49_Turjeman	DenoisedF	93.21056252315182
16S_49_Turjeman	DenoisedF	93.9733448244021
16S_49_Turjeman	DenoisedF	93.91819160387513
16S_49_Turjeman	DenoisedF	92.51876361875556
16S_49_Turjeman	DenoisedF	94.9868073878628
16S_49_Turjeman	DenoisedF	95.20497026338148
16S_49_Turjeman	DenoisedF	94.36412833397758
16S_49_Turjeman	DenoisedF	91.52500371710363
16S_49_Turjeman	DenoisedF	92.23730901199448
16S_49_Turjeman	DenoisedF	94.4253859348199
16S_49_Turjeman	DenoisedF	94.68713376381645
16S_49_Turjeman	DenoisedF	93.02508234101849
16S_49_Turjeman	DenoisedF	93.78002528445006
16S_49_Turjeman	DenoisedF	94.5398026760373
16S_49_Turjeman	DenoisedF	91.49604593218503
16S_50_Bibbo	DenoisedF	90.54229073139724
16S_50_Bibbo	DenoisedF	89.9719829822559
16S_50_Bibbo	DenoisedF	90.59268326509445
16S_50_Bibbo	DenoisedF	90.78237039479107
16S_50_Bibbo	DenoisedF	89.86488740617182
16S_50_Bibbo	DenoisedF	91.18950612766027
16S_50_Bibbo	DenoisedF	90.78865123898066
16S_50_Bibbo	DenoisedF	92.72478513185925
16S_50_Bibbo	DenoisedF	91.67637424455131
16S_50_Bibbo	DenoisedF	91.04358436058926
16S_50_Bibbo	DenoisedF	91.75927132078118
16S_50_Bibbo	DenoisedF	90.6625603662117
16S_50_Bibbo	DenoisedF	90.18137847642079
16S_50_Bibbo	DenoisedF	90.90805294267471
16S_50_Bibbo	DenoisedF	91.60380921858368
16S_50_Bibbo	DenoisedF	91.63353232398188
16S_50_Bibbo	DenoisedF	92.34210929715644
16S_50_Bibbo	DenoisedF	91.6181771483735
16S_50_Bibbo	DenoisedF	91.48639822472634
16S_50_Bibbo	DenoisedF	92.69254502680397
16S_50_Bibbo	DenoisedF	90.87462292783277
16S_50_Bibbo	DenoisedF	88.73388946193056
16S_50_Bibbo	DenoisedF	91.85372835915845
16S_50_Bibbo	DenoisedF	90.99667628153506
16S_50_Bibbo	DenoisedF	90.50769546480608
16S_50_Bibbo	DenoisedF	91.2239685809742
16S_50_Bibbo	DenoisedF	92.26791889875908
16S_50_Bibbo	DenoisedF	83.64662846510055
16S_50_Bibbo	DenoisedF	91.77060006211485
16S_50_Bibbo	DenoisedF	91.31432336215266
16S_50_Bibbo	DenoisedF	92.1684192306028
16S_50_Bibbo	DenoisedF	91.98658103699448
16S_50_Bibbo	DenoisedF	91.06386198547214
16S_50_Bibbo	DenoisedF	91.432742776275
16S_50_Bibbo	DenoisedF	91.6072207203279
16S_50_Bibbo	DenoisedF	91.18433912159294
16S_50_Bibbo	DenoisedF	89.9892432076061
16S_50_Bibbo	DenoisedF	92.2226821192053
16S_50_Bibbo	DenoisedF	91.47500814193327
16S_50_Bibbo	DenoisedF	91.3450662805954
16S_50_Bibbo	DenoisedF	91.11824662699581
16S_50_Bibbo	DenoisedF	90.33225153901009
16S_50_Bibbo	DenoisedF	90.05455481214616
16S_50_Bibbo	DenoisedF	92.08447644123659
16S_50_Bibbo	DenoisedF	91.96524966261809
16S_50_Bibbo	DenoisedF	92.61925396628877
16S_50_Bibbo	DenoisedF	92.0198908044675
16S_50_Bibbo	DenoisedF	91.57387239666186
16S_50_Bibbo	DenoisedF	90.28048883985403
16S_50_Bibbo	DenoisedF	92.33617658924558
16S_56_Laffaldano	DenoisedF	8.641103988840545
16S_56_Laffaldano	DenoisedF	11.166505605277806
16S_56_Laffaldano	DenoisedF	8.77879641734809
16S_56_Laffaldano	DenoisedF	4.958425360530077
16S_56_Laffaldano	DenoisedF	11.113931217602671
16S_56_Laffaldano	DenoisedF	6.241862068712566
16S_56_Laffaldano	DenoisedF	7.900748525225206
16S_56_Laffaldano	DenoisedF	6.656697417538281
16S_56_Laffaldano	DenoisedF	13.737458911495082
16S_56_Laffaldano	DenoisedF	8.601083418325283
16S_56_Laffaldano	DenoisedF	9.399089895428382
16S_56_Laffaldano	DenoisedF	3.9564929834785967
16S_56_Laffaldano	DenoisedF	5.8176906236899715
16S_56_Laffaldano	DenoisedF	6.59030092483921
16S_56_Laffaldano	DenoisedF	7.609891060003458
16S_56_Laffaldano	DenoisedF	8.954228940217392
16S_56_Laffaldano	DenoisedF	11.950115765102083
16S_56_Laffaldano	DenoisedF	6.202465803494862
16S_56_Laffaldano	DenoisedF	4.622892668169986
16S_56_Laffaldano	DenoisedF	12.346744267361464
16S_56_Laffaldano	DenoisedF	9.444882770640257
16S_56_Laffaldano	DenoisedF	16.709366507325996
16S_56_Laffaldano	DenoisedF	13.771702488357137
16S_56_Laffaldano	DenoisedF	17.57677203373463
16S_56_Laffaldano	DenoisedF	14.00156917735043
16S_56_Laffaldano	DenoisedF	13.86852779551566
16S_56_Laffaldano	DenoisedF	17.994424049754635
16S_56_Laffaldano	DenoisedF	14.664131057969154
16S_56_Laffaldano	DenoisedF	10.17068083737339
16S_56_Laffaldano	DenoisedF	12.385863691676665
16S_56_Laffaldano	DenoisedF	7.5623002636955805
16S_56_Laffaldano	DenoisedF	12.04067158676769
16S_56_Laffaldano	DenoisedF	10.746824183700788
16S_56_Laffaldano	DenoisedF	6.671441139153769
16S_56_Laffaldano	DenoisedF	7.638558397779099
16S_56_Laffaldano	DenoisedF	8.11757529258614
16S_56_Laffaldano	DenoisedF	3.6317335046343033
16S_56_Laffaldano	DenoisedF	6.506545738628143
16S_56_Laffaldano	DenoisedF	14.521795278692831
16S_56_Laffaldano	DenoisedF	10.187428579088293
16S_56_Laffaldano	DenoisedF	12.665720355887073
16S_56_Laffaldano	DenoisedF	9.769196905854978
16S_56_Laffaldano	DenoisedF	16.81962897746474
16S_56_Laffaldano	DenoisedF	16.171381942507722
16S_56_Laffaldano	DenoisedF	7.894011799690281
16S_56_Laffaldano	DenoisedF	14.591967838196288
16S_56_Laffaldano	DenoisedF	13.07047187075479
16S_56_Laffaldano	DenoisedF	13.163382602768989
16S_56_Laffaldano	DenoisedF	11.855191434434984
16S_56_Laffaldano	DenoisedF	6.873394557023656
16S_56_Laffaldano	DenoisedF	5.985243635079317
16S_56_Laffaldano	DenoisedF	12.697739114034468
16S_56_Laffaldano	DenoisedF	10.14417564630015
16S_56_Laffaldano	DenoisedF	13.230429000493105
16S_56_Laffaldano	DenoisedF	11.242350011722571
16S_56_Laffaldano	DenoisedF	8.93702019108127
16S_68_Girdhar	DenoisedF	76.48267223382047
16S_68_Girdhar	DenoisedF	62.070085982803434
16S_68_Girdhar	DenoisedF	76.04663182679607
16S_68_Girdhar	DenoisedF	73.30069976017609
16S_68_Girdhar	DenoisedF	82.20563911220525
16S_68_Girdhar	DenoisedF	78.07153392330383
16S_68_Girdhar	DenoisedF	68.68057129902516
16S_68_Girdhar	DenoisedF	76.59077468953282
16S_68_Girdhar	DenoisedF	77.9693161231884
16S_68_Girdhar	DenoisedF	79.02090127482953
16S_68_Girdhar	DenoisedF	75.41712504583792
16S_68_Girdhar	DenoisedF	74.38702376461713
16S_68_Girdhar	DenoisedF	78.01291561218257
16S_68_Girdhar	DenoisedF	75.57838397790056
16S_68_Girdhar	DenoisedF	77.10177857870406
16S_68_Girdhar	DenoisedF	74.7886323268206
16S_68_Girdhar	DenoisedF	77.31867155392646
16S_68_Girdhar	DenoisedF	77.6839659178931
16S_68_Girdhar	DenoisedF	71.61249737890543
16S_68_Girdhar	DenoisedF	71.12601332710837
16S_68_Girdhar	DenoisedF	76.81104114990778
16S_68_Girdhar	DenoisedF	75.23762107359464
16S_68_Girdhar	DenoisedF	79.23138070196893
16S_68_Girdhar	DenoisedF	78.43000751858762
16S_68_Girdhar	DenoisedF	78.61319310913157
16S_68_Girdhar	DenoisedF	79.86889209168255
16S_68_Girdhar	DenoisedF	80.8476581529682
16S_68_Girdhar	DenoisedF	76.13059393080647
16S_68_Girdhar	DenoisedF	76.1445336054548
16S_68_Girdhar	DenoisedF	77.9947164203748
16S_68_Girdhar	DenoisedF	72.49095577080172
16S_68_Girdhar	DenoisedF	62.968316599601515
16S_68_Girdhar	DenoisedF	72.21632012950879
16S_68_Girdhar	DenoisedF	79.2535983871724
16S_68_Girdhar	DenoisedF	75.88334268087493
16S_68_Girdhar	DenoisedF	81.18296236592472
16S_68_Girdhar	DenoisedF	78.42329478956978
16S_68_Girdhar	DenoisedF	79.08007215120382
16S_68_Girdhar	DenoisedF	81.14647394173362
16S_68_Girdhar	DenoisedF	78.67808721143275
16S_68_Girdhar	DenoisedF	77.03452130174972
16S_68_Girdhar	DenoisedF	65.23555020705766
16S_68_Girdhar	DenoisedF	66.26991745056633
16S_68_Girdhar	DenoisedF	70.71210416331779
16S_68_Girdhar	DenoisedF	71.73483351071917
16S_68_Girdhar	DenoisedF	70.31851592579629
16S_68_Girdhar	DenoisedF	77.20390093673811
16S_68_Girdhar	DenoisedF	74.54537765372578
16S_68_Girdhar	DenoisedF	70.26093372685807
16S_68_Girdhar	DenoisedF	78.75332289880997
16S_68_Girdhar	DenoisedF	65.59713492179506
16S_68_Girdhar	DenoisedF	78.12324733595064
16S_68_Girdhar	DenoisedF	69.54026222497328
16S_68_Girdhar	DenoisedF	70.21731005392706
16S_68_Girdhar	DenoisedF	72.85991360310324
16S_68_Girdhar	DenoisedF	72.57886507863515
16S_68_Girdhar	DenoisedF	73.98506500890792
16S_68_Girdhar	DenoisedF	75.514664970988
16S_68_Girdhar	DenoisedF	76.92365863803077
16S_68_Girdhar	DenoisedF	77.70874209723131
16S_68_Girdhar	DenoisedF	78.90015393598387
16S_68_Girdhar	DenoisedF	76.93216175359032
16S_68_Girdhar	DenoisedF	80.22675124848158
16S_68_Girdhar	DenoisedF	78.53707819761568
16S_68_Girdhar	DenoisedF	74.56155582566419
16S_68_Girdhar	DenoisedF	78.7184243066596
16S_68_Girdhar	DenoisedF	72.28552051542896
16S_68_Girdhar	DenoisedF	75.94589967471323
16S_5_Senicar	DenoisedF	22.72127062061783
16S_5_Senicar	DenoisedF	55.4452866557266
16S_5_Senicar	DenoisedF	53.67556468172484
16S_5_Senicar	DenoisedF	21.75563736769443
16S_5_Senicar	DenoisedF	56.06507526227763
16S_60_Shi	DenoisedF	91.27302970073723
16S_60_Shi	DenoisedF	91.37127350774846
16S_60_Shi	DenoisedF	91.38370830648648
16S_60_Shi	DenoisedF	90.2429140683041
16S_60_Shi	DenoisedF	92.62783740604526
16S_60_Shi	DenoisedF	92.33319424518002
16S_60_Shi	DenoisedF	89.65559022203374
16S_60_Shi	DenoisedF	91.76621208532141
16S_60_Shi	DenoisedF	92.01250455770806
16S_60_Shi	DenoisedF	92.24671046857905
16S_60_Shi	DenoisedF	90.54026720604674
16S_60_Shi	DenoisedF	91.65863372314249
16S_60_Shi	DenoisedF	91.42926690737961
16S_60_Shi	DenoisedF	91.66874113839793
16S_60_Shi	DenoisedF	92.5607224597697
16S_60_Shi	DenoisedF	92.44593725777668
16S_60_Shi	DenoisedF	87.68858340898284
16S_60_Shi	DenoisedF	91.56036714521065
16S_60_Shi	DenoisedF	91.60015133762937
16S_60_Shi	DenoisedF	91.16033867618084
16S_60_Shi	DenoisedF	90.84855059362383
16S_60_Shi	DenoisedF	92.06791960361109
16S_60_Shi	DenoisedF	90.97085847798976
16S_60_Shi	DenoisedF	90.70563693256541
16S_60_Shi	DenoisedF	90.96551166457769
16S_60_Shi	DenoisedF	92.00326903657555
16S_60_Shi	DenoisedF	91.37260472257734
16S_60_Shi	DenoisedF	91.28071976329932
16S_60_Shi	DenoisedF	91.02212284446252
16S_60_Shi	DenoisedF	92.16910935738444
16S_60_Shi	DenoisedF	90.67658130288375
16S_60_Shi	DenoisedF	91.62202623792935
16S_60_Shi	DenoisedF	91.44559655265284
16S_60_Shi	DenoisedF	91.5767498457333
16S_60_Shi	DenoisedF	88.73736683966129
16S_60_Shi	DenoisedF	91.9361381548447
16S_60_Shi	DenoisedF	92.04644509510292
16S_60_Shi	DenoisedF	92.77946537059537
16S_60_Shi	DenoisedF	93.29649802624817
16S_60_Shi	DenoisedF	91.43125985797744
16S_60_Shi	DenoisedF	90.98245105530816
16S_60_Shi	DenoisedF	91.8420343467503
16S_60_Shi	DenoisedF	91.96231187311149
16S_60_Shi	DenoisedF	91.28605066715653
16S_60_Shi	DenoisedF	92.75174284703297
16S_60_Shi	DenoisedF	90.82668119826799
16S_60_Shi	DenoisedF	91.83193502592505
16S_60_Shi	DenoisedF	91.72231496939344
16S_60_Shi	DenoisedF	90.82961738116859
16S_60_Shi	DenoisedF	90.11046067701706
16S_60_Shi	DenoisedF	91.29817024768029
16S_60_Shi	DenoisedF	92.21515763690576
16S_60_Shi	DenoisedF	91.5043750501726
16S_60_Shi	DenoisedF	91.7092637694768
16S_60_Shi	DenoisedF	91.95466312523332
16S_60_Shi	DenoisedF	91.50975385965612
16S_60_Shi	DenoisedF	89.61281614513648
16S_60_Shi	DenoisedF	92.1231331837675
16S_60_Shi	DenoisedF	92.51018761553624
16S_60_Shi	DenoisedF	92.29496746682351
16S_62_Tian	DenoisedF	96.63325555084147
16S_62_Tian	DenoisedF	96.57972839284108
16S_62_Tian	DenoisedF	95.32327586206897
16S_62_Tian	DenoisedF	92.97189534868669
16S_62_Tian	DenoisedF	95.748034193891
16S_62_Tian	DenoisedF	96.21274205578217
16S_62_Tian	DenoisedF	96.79339207932716
16S_62_Tian	DenoisedF	96.74761587935241
16S_62_Tian	DenoisedF	96.60580480821078
16S_62_Tian	DenoisedF	97.82809901797759
16S_62_Tian	DenoisedF	95.51041666666666
16S_62_Tian	DenoisedF	96.45112700083482
16S_62_Tian	DenoisedF	95.91589645646465
16S_62_Tian	DenoisedF	90.50498825160818
16S_62_Tian	DenoisedF	90.09742188428181
16S_62_Tian	DenoisedF	93.94346134881937
16S_62_Tian	DenoisedF	93.64655944546128
16S_62_Tian	DenoisedF	95.37513781384617
16S_62_Tian	DenoisedF	94.78600390449017
16S_62_Tian	DenoisedF	95.94133768488881
16S_62_Tian	DenoisedF	97.12396750689753
16S_62_Tian	DenoisedF	95.35415079969536
16S_62_Tian	DenoisedF	97.06126551302219
16S_62_Tian	DenoisedF	92.43286299499317
16S_62_Tian	DenoisedF	96.26883300960681
16S_62_Tian	DenoisedF	96.84868421052632
16S_62_Tian	DenoisedF	95.37342917379107
16S_62_Tian	DenoisedF	93.34146138712627
16S_62_Tian	DenoisedF	92.87344974393781
16S_62_Tian	DenoisedF	94.59116302691722
16S_62_Tian	DenoisedF	92.74846957148002
16S_62_Tian	DenoisedF	96.25605208971005
16S_62_Tian	DenoisedF	96.28382670562826
16S_62_Tian	DenoisedF	96.40388705103969
16S_62_Tian	DenoisedF	92.67892702354456
16S_62_Tian	DenoisedF	95.9172706972523
16S_62_Tian	DenoisedF	97.02155154445788
16S_62_Tian	DenoisedF	95.25143908573743
16S_62_Tian	DenoisedF	95.84242148505975
16S_62_Tian	DenoisedF	95.8620804864603
16S_62_Tian	DenoisedF	96.54819349287092
16S_62_Tian	DenoisedF	96.91202073488408
16S_62_Tian	DenoisedF	93.61339767243825
16S_62_Tian	DenoisedF	95.6002573105685
16S_62_Tian	DenoisedF	96.78843759726112
16S_62_Tian	DenoisedF	94.17302987619541
16S_62_Tian	DenoisedF	96.1440312560497
16S_62_Tian	DenoisedF	97.34294366016975
16S_62_Tian	DenoisedF	95.77391276418064
16S_62_Tian	DenoisedF	93.19584849710203
16S_62_Tian	DenoisedF	93.12837739155835
16S_62_Tian	DenoisedF	97.17321492288784
16S_62_Tian	DenoisedF	96.36344086021505
16S_62_Tian	DenoisedF	95.08909214791568
16S_62_Tian	DenoisedF	97.47657981004704
16S_62_Tian	DenoisedF	96.86072479951274
16S_62_Tian	DenoisedF	92.76582143618155
16S_62_Tian	DenoisedF	95.81736023882155
16S_62_Tian	DenoisedF	95.9467402387093
16S_62_Tian	DenoisedF	96.42360228908812
16S_62_Tian	DenoisedF	94.64985994397759
16S_62_Tian	DenoisedF	95.56459091233326
16S_80_Garcia	DenoisedF	97.30110860977786
16S_80_Garcia	DenoisedF	97.54635136921283
16S_80_Garcia	DenoisedF	97.39837666622674
16S_80_Garcia	DenoisedF	97.24064139984132
16S_80_Garcia	DenoisedF	96.30725602613896
16S_80_Garcia	DenoisedF	97.12403291506055
16S_80_Garcia	DenoisedF	97.50285037222508
16S_80_Garcia	DenoisedF	97.57730315588141
16S_80_Garcia	DenoisedF	97.50352216947692
16S_80_Garcia	DenoisedF	97.62502907652943
16S_80_Garcia	DenoisedF	97.47361746455908
16S_80_Garcia	DenoisedF	96.85563061494533
16S_80_Garcia	DenoisedF	97.11240155914406
16S_80_Garcia	DenoisedF	96.71223029188207
16S_80_Garcia	DenoisedF	97.47516442389718
16S_80_Garcia	DenoisedF	97.40070125761817
16S_80_Garcia	DenoisedF	97.73483628556092
16S_80_Garcia	DenoisedF	97.07924366614034
16S_80_Garcia	DenoisedF	97.17921686746988
16S_80_Garcia	DenoisedF	97.00148215710865
16S_80_Garcia	DenoisedF	97.3818321920807
16S_80_Garcia	DenoisedF	97.00064131024617
16S_80_Garcia	DenoisedF	97.1534288578336
16S_80_Garcia	DenoisedF	97.05399529704069
16S_80_Garcia	DenoisedF	97.06460635263493
16S_80_Garcia	DenoisedF	96.84140455982693
16S_80_Garcia	DenoisedF	98.24442862486276
16S_80_Garcia	DenoisedF	97.27082721572556
16S_80_Garcia	DenoisedF	97.44542812732311
16S_80_Garcia	DenoisedF	97.7608560484521
16S_80_Garcia	DenoisedF	96.7939671899806
16S_80_Garcia	DenoisedF	97.70996421196608
16S_80_Garcia	DenoisedF	97.59431150472622
16S_80_Garcia	DenoisedF	96.76206968733943
16S_80_Garcia	DenoisedF	97.63104793101263
16S_80_Garcia	DenoisedF	97.54744072334977
16S_80_Garcia	DenoisedF	97.37629330631717
16S_80_Garcia	DenoisedF	97.35336844016706
16S_80_Garcia	DenoisedF	97.2522427994334
16S_80_Garcia	DenoisedF	97.43051914001049
16S_80_Garcia	DenoisedF	97.42825519803937
16S_80_Garcia	DenoisedF	96.97045747884698
16S_80_Garcia	DenoisedF	97.1842308235473
16S_80_Garcia	DenoisedF	96.88865784863012
16S_80_Garcia	DenoisedF	96.84136967155835
16S_80_Garcia	DenoisedF	97.75657634041515
16S_80_Garcia	DenoisedF	97.35780029615864
16S_80_Garcia	DenoisedF	97.40093774236762
16S_80_Garcia	DenoisedF	97.03005442928138
16S_80_Garcia	DenoisedF	97.40145818369047
16S_80_Garcia	DenoisedF	97.66484919030407
16S_80_Garcia	DenoisedF	97.1131441777191
16S_80_Garcia	DenoisedF	97.12194020042713
16S_80_Garcia	DenoisedF	96.27887852388662
16S_80_Garcia	DenoisedF	97.8847783816124
16S_80_Garcia	DenoisedF	97.13823621905746
16S_80_Garcia	DenoisedF	98.15406048644569
16S_80_Garcia	DenoisedF	98.36331124434628
16S_80_Garcia	DenoisedF	96.87148744848257
16S_80_Garcia	DenoisedF	97.29814149617367
16S_80_Garcia	DenoisedF	96.9217954820049
16S_80_Garcia	DenoisedF	96.66957771591798
16S_80_Garcia	DenoisedF	97.03651169564722
16S_80_Garcia	DenoisedF	96.82825689884979
16S_80_Garcia	DenoisedF	96.7870601794895
16S_80_Garcia	DenoisedF	96.97004590606912
16S_80_Garcia	DenoisedF	97.37982690197884
16S_80_Garcia	DenoisedF	97.8566833661475
16S_80_Garcia	DenoisedF	97.7757522420585
16S_80_Garcia	DenoisedF	97.03510745367355
16S_80_Garcia	DenoisedF	97.13457346623495
16S_80_Garcia	DenoisedF	97.7147924189654
16S_80_Garcia	DenoisedF	96.9831181156711
16S_80_Garcia	DenoisedF	97.12521473792962
16S_80_Garcia	DenoisedF	98.44299893234214
16S_80_Garcia	DenoisedF	97.7233891806285
16S_80_Garcia	DenoisedF	97.50746562993014
16S_80_Garcia	DenoisedF	97.06071956065836
16S_80_Garcia	DenoisedF	97.26107911132009
16S_80_Garcia	DenoisedF	98.50042522041488
16S_96_Quagliariello	DenoisedF	47.09887418998417
16S_96_Quagliariello	DenoisedF	45.639152045541444
16S_96_Quagliariello	DenoisedF	46.01673335758458
16S_96_Quagliariello	DenoisedF	48.89669651656026
16S_96_Quagliariello	DenoisedF	50.546541317111625
16S_96_Quagliariello	DenoisedF	44.44545471077085
16S_96_Quagliariello	DenoisedF	43.47170363862654
16S_96_Quagliariello	DenoisedF	45.27450057903879
16S_96_Quagliariello	DenoisedF	47.57499669618078
16S_96_Quagliariello	DenoisedF	43.53593979207858
16S_96_Quagliariello	DenoisedF	50.385172580311355
16S_96_Quagliariello	DenoisedF	50.5722460658083
16S_96_Quagliariello	DenoisedF	49.4923599073575
16S_96_Quagliariello	DenoisedF	48.299958281184814
16S_96_Quagliariello	DenoisedF	54.03348108703815
16S_96_Quagliariello	DenoisedF	45.5806971294669
16S_96_Quagliariello	DenoisedF	50.282923342664844
16S_96_Quagliariello	DenoisedF	47.876894061959746
16S_96_Quagliariello	DenoisedF	43.20897819820324
16S_96_Quagliariello	DenoisedF	40.831667900946506
16S_96_Quagliariello	DenoisedF	52.77984920043085
16S_96_Quagliariello	DenoisedF	45.358138043020666
16S_96_Quagliariello	DenoisedF	45.86295110139041
16S_96_Quagliariello	DenoisedF	50.276465359966316
16S_96_Quagliariello	DenoisedF	50.27540676211497
16S_96_Quagliariello	DenoisedF	53.13017925957559
16S_96_Quagliariello	DenoisedF	49.968210425551675
16S_96_Quagliariello	DenoisedF	51.167898424098624
16S_96_Quagliariello	DenoisedF	53.08909518224114
16S_96_Quagliariello	DenoisedF	48.914868423378046
16S_96_Quagliariello	DenoisedF	51.51107423958282
16S_96_Quagliariello	DenoisedF	50.91392617820731
16S_96_Quagliariello	DenoisedF	52.20741901776385
16S_96_Quagliariello	DenoisedF	48.38728938035132
16S_96_Quagliariello	DenoisedF	49.97086184963293
16S_96_Quagliariello	DenoisedF	46.35927411588353
16S_96_Quagliariello	DenoisedF	43.58216546112116
16S_96_Quagliariello	DenoisedF	42.208296796914546
16S_96_Quagliariello	DenoisedF	43.46180190876296
16S_96_Quagliariello	DenoisedF	36.59369994660972
16S_96_Quagliariello	DenoisedF	45.029514491717556
16S_96_Quagliariello	DenoisedF	38.34497242474431
16S_96_Quagliariello	DenoisedF	39.7788685606624
16S_96_Quagliariello	DenoisedF	48.05142297065454
16S_96_Quagliariello	DenoisedF	35.12623490669594
16S_96_Quagliariello	DenoisedF	40.34120168109105
16S_96_Quagliariello	DenoisedF	39.51074157735378
16S_96_Quagliariello	DenoisedF	43.69607884666977
16S_96_Quagliariello	DenoisedF	49.03271728906628
16S_96_Quagliariello	DenoisedF	54.34379193193822
16S_96_Quagliariello	DenoisedF	48.90647075445041
16S_96_Quagliariello	DenoisedF	41.43294585738805
16S_96_Quagliariello	DenoisedF	45.549024012096446
16S_96_Quagliariello	DenoisedF	52.736851031354014
16S_96_Quagliariello	DenoisedF	45.68167100883996
16S_96_Quagliariello	DenoisedF	52.187169398647285
16S_96_Quagliariello	DenoisedF	53.98862680709623
16S_96_Quagliariello	DenoisedF	48.05299115523815
16S_96_Quagliariello	DenoisedF	41.714631929718266
16S_96_Quagliariello	DenoisedF	47.36066623959
16S_96_Quagliariello	DenoisedF	46.8800306950596
16S_96_Quagliariello	DenoisedF	47.88517634579687
16S_96_Quagliariello	DenoisedF	46.387594364047644
16S_96_Quagliariello	DenoisedF	52.430309312094266
16S_96_Quagliariello	DenoisedF	49.785176661845895
16S_96_Quagliariello	DenoisedF	47.573283882244596
16S_96_Quagliariello	DenoisedF	50.36897472130632
16S_96_Quagliariello	DenoisedF	45.968776810659
16S_96_Quagliariello	DenoisedF	52.0413800030131
16S_96_Quagliariello	DenoisedF	48.443817778422876
16S_96_Quagliariello	DenoisedF	51.7101588759834
16S_96_Quagliariello	DenoisedF	51.21527672364067
16S_96_Quagliariello	DenoisedF	45.95560942352852
16S_96_Quagliariello	DenoisedF	52.24511882675148
16S_96_Quagliariello	DenoisedF	50.16689176152808
16S_96_Quagliariello	DenoisedF	19.239660284436404
16S_96_Quagliariello	DenoisedF	53.11357060323342
16S_96_Quagliariello	DenoisedF	44.61752618321623
16S_96_Quagliariello	DenoisedF	54.089506172839506
16S_96_Quagliariello	DenoisedF	45.20195262395379
16S_96_Quagliariello	DenoisedF	52.00463331644103
16S_96_Quagliariello	DenoisedF	43.25011625203441
16S_96_Quagliariello	DenoisedF	51.753558260317966
16S_96_Quagliariello	DenoisedF	45.325246235044794
16S_96_Quagliariello	DenoisedF	37.44421984057363
16S_96_Quagliariello	DenoisedF	47.434863472521684
16S_96_Quagliariello	DenoisedF	46.286362339713484
16S_96_Quagliariello	DenoisedF	43.128845971788316
16S_96_Quagliariello	DenoisedF	50.015492666804384
16S_96_Quagliariello	DenoisedF	41.80816839593498
16S_96_Quagliariello	DenoisedF	41.191077834971146
16S_96_Quagliariello	DenoisedF	44.871696887479224
16S_96_Quagliariello	DenoisedF	52.63759451380341
16S_96_Quagliariello	DenoisedF	46.70161373214102
16S_96_Quagliariello	DenoisedF	48.18661053026616
16S_96_Quagliariello	DenoisedF	0.7473841554559043
16S_99_Lionetti	DenoisedF	78.32183016673129
16S_99_Lionetti	DenoisedF	79.17121885915644
16S_99_Lionetti	DenoisedF	79.26750649033855
16S_99_Lionetti	DenoisedF	78.80069669071908
16S_99_Lionetti	DenoisedF	80.15299617509562
16S_99_Lionetti	DenoisedF	77.99163438237973
16S_99_Lionetti	DenoisedF	45.3006348811154
16S_99_Lionetti	DenoisedF	79.48295181687209
16S_99_Lionetti	DenoisedF	80.09919863786945
16S_99_Lionetti	DenoisedF	74.75035936751317
16S_99_Lionetti	DenoisedF	79.18953074595098
16S_99_Lionetti	DenoisedF	78.69426079617386
16S_99_Lionetti	DenoisedF	77.44624533782506
16S_99_Lionetti	DenoisedF	80.64410633360846
16S_99_Lionetti	DenoisedF	76.54895769565357
16S_99_Lionetti	DenoisedF	78.6379064929377
16S_99_Lionetti	DenoisedF	76.66661356866368
16S_99_Lionetti	DenoisedF	77.88943940668723
16S_99_Lionetti	DenoisedF	79.59630226443898
16S_99_Lionetti	DenoisedF	80.4603017640116
16S_99_Lionetti	DenoisedF	78.9288466851833
16S_99_Lionetti	DenoisedF	78.95238366139492
16S_99_Lionetti	DenoisedF	78.8663818189561
16S_99_Lionetti	DenoisedF	81.22480215021652
16S_99_Lionetti	DenoisedF	76.92018265464931
16S_99_Lionetti	DenoisedF	80.98489949023757
16S_99_Lionetti	DenoisedF	80.54733050459416
16S_99_Lionetti	DenoisedF	78.35378401036508
16S_99_Lionetti	DenoisedF	80.25285432482515
16S_99_Lionetti	DenoisedF	81.23779023218574
16S_99_Lionetti	DenoisedF	81.71220568584988
16S_99_Lionetti	DenoisedF	82.05552491266776
16S_99_Lionetti	DenoisedF	73.25593812451375
16S_99_Lionetti	DenoisedF	73.59764845855058
16S_99_Lionetti	DenoisedF	76.90945182470607
16S_99_Lionetti	DenoisedF	74.75453934095493
16S_99_Lionetti	DenoisedF	79.27171300006164
16S_99_Lionetti	DenoisedF	79.74337889624998
16S_99_Lionetti	DenoisedF	82.09617878878579
16S_99_Lionetti	DenoisedF	80.91630742616387
16S_99_Lionetti	DenoisedF	81.26453135302079
16S_99_Lionetti	DenoisedF	80.98856956744265
16S_99_Lionetti	DenoisedF	79.2433241217155
16S_99_Lionetti	DenoisedF	75.62113316548587
16S_99_Lionetti	DenoisedF	81.87583194986614
16S_99_Lionetti	DenoisedF	79.46907195614308
16S_99_Lionetti	DenoisedF	83.82963695437209
16S_99_Lionetti	DenoisedF	79.13438492837635
16S_99_Lionetti	DenoisedF	77.32016964089007
16S_99_Lionetti	DenoisedF	80.4815424861932
16S_99_Lionetti	DenoisedF	80.62182040609288
16S_99_Lionetti	DenoisedF	79.93280564888104
16S_99_Lionetti	DenoisedF	79.36897008735802
16S_99_Lionetti	DenoisedF	75.04291163382074
16S_99_Lionetti	DenoisedF	76.43143269846469
16S_99_Lionetti	DenoisedF	81.13567874413063
16S_99_Lionetti	DenoisedF	81.3614573346117
16S_99_Lionetti	DenoisedF	79.57822667893878
16S_99_Lionetti	DenoisedF	78.63509570681971
16S_99_Lionetti	DenoisedF	81.79764037508676
16S_99_Lionetti	DenoisedF	81.84753845923845
16S_99_Lionetti	DenoisedF	82.61086898792507
16S_99_Lionetti	DenoisedF	81.93580570234921
16S_99_Lionetti	DenoisedF	81.97236078174829
16S_99_Lionetti	DenoisedF	82.68094972161582
16S_99_Lionetti	DenoisedF	79.73712314137846
16S_99_Lionetti	DenoisedF	79.88347424084101
16S_99_Lionetti	DenoisedF	81.46720419033045
16S_99_Lionetti	DenoisedF	78.52866061293983
16S_99_Lionetti	DenoisedF	80.54042840101654
16S_99_Lionetti	DenoisedF	82.23287184948526
16S_99_Lionetti	DenoisedF	79.04697627986108
16S_99_Lionetti	DenoisedF	79.70082577501016
16S_99_Lionetti	DenoisedF	79.72517246687096
16S_99_Lionetti	DenoisedF	78.75729908406505
16S_99_Lionetti	DenoisedF	81.85399723051118
16S_99_Lionetti	DenoisedF	82.43685293224969
16S_99_Lionetti	DenoisedF	82.88432105063936
16S_99_Lionetti	DenoisedF	81.71171308196573
16S_99_Lionetti	DenoisedF	77.10254863086516
16S_99_Lionetti	DenoisedF	79.10509661761543
16S_99_Lionetti	DenoisedF	79.31189657993781
16S_99_Lionetti	DenoisedF	80.62231492435092
16S_99_Lionetti	DenoisedF	79.45126997262716
16S_99_Lionetti	DenoisedF	78.40375586854461
16S_99_Lionetti	DenoisedF	81.12726222564498
16S_99_Lionetti	DenoisedF	79.49572500436224
16S_99_Lionetti	DenoisedF	78.48374757934158
16S_99_Lionetti	DenoisedF	81.64906402505645
16S_99_Lionetti	DenoisedF	79.80742198481867
16S_99_Lionetti	DenoisedF	80.45782301707467
16S_99_Lionetti	DenoisedF	80.58220101155841
16S_99_Lionetti	DenoisedF	81.99203785773305
16S_99_Lionetti	DenoisedF	81.98860203465112
16S_99_Lionetti	DenoisedF	81.69825343738387
16S_99_Lionetti	DenoisedF	82.28003939592908
16S_99_Lionetti	DenoisedF	81.29189789123197
16S_99_Lionetti	DenoisedF	77.85432229610763
16S_99_Lionetti	DenoisedF	79.50815337152932
16S_39_Olivares	DenoisedF	70.24946404209706
16S_39_Olivares	DenoisedF	70.24946404209706
16S_39_Olivares	DenoisedF	80.0875273522976
16S_39_Olivares	DenoisedF	84.09771169257507
16S_39_Olivares	DenoisedF	81.2044175869973
16S_39_Olivares	DenoisedF	74.21728598199186
16S_39_Olivares	DenoisedF	67.71278014941302
16S_39_Olivares	DenoisedF	74.91976351351352
16S_39_Olivares	DenoisedF	75.44106967405698
16S_39_Olivares	DenoisedF	75.72806698216236
16S_39_Olivares	DenoisedF	75.93533770130428
16S_39_Olivares	DenoisedF	81.37490007993605
16S_39_Olivares	DenoisedF	73.18225754483943
16S_39_Olivares	DenoisedF	77.77280312589035
16S_39_Olivares	DenoisedF	75.57230904688532
16S_39_Olivares	DenoisedF	72.82544085595403
16S_39_Olivares	DenoisedF	76.30494780208792
16S_39_Olivares	DenoisedF	76.42113854315446
16S_39_Olivares	DenoisedF	76.5463917525773
16S_39_Olivares	DenoisedF	74.08596397360442
16S_39_Olivares	DenoisedF	42.46018298881735
16S_39_Olivares	DenoisedF	54.70268035554331
16S_39_Olivares	DenoisedF	84.01830749112648
16S_39_Olivares	DenoisedF	84.19710544452103
16S_39_Olivares	DenoisedF	70.48729695960017
16S_39_Olivares	DenoisedF	57.15265866209263
16S_39_Olivares	DenoisedF	80.52226567427778
16S_39_Olivares	DenoisedF	76.37670259881341
16S_39_Olivares	DenoisedF	80.45376874881337
16S_39_Olivares	DenoisedF	81.12305854241339
16S_39_Olivares	DenoisedF	85.89179394253172
16S_39_Olivares	DenoisedF	84.29652234725667
16S_39_Olivares	DenoisedF	83.66891847576572
16S_39_Olivares	DenoisedF	76.30942788074134
16S_39_Olivares	DenoisedF	76.91244239631337
16S_39_Olivares	DenoisedF	78.65007180469124
16S_39_Olivares	DenoisedF	74.42621163386578
16S_39_Olivares	DenoisedF	77.4513957538954
16S_39_Olivares	DenoisedF	71.15110231509182
16S_102_Bodkhe	Nonchim	27.21192379905009
16S_102_Bodkhe	Nonchim	28.090394537056913
16S_102_Bodkhe	Nonchim	26.599612215220553
16S_102_Bodkhe	Nonchim	29.675136598316413
16S_102_Bodkhe	Nonchim	24.652206623057012
16S_102_Bodkhe	Nonchim	31.021095744633282
16S_102_Bodkhe	Nonchim	33.192705498094725
16S_102_Bodkhe	Nonchim	31.442761120582347
16S_102_Bodkhe	Nonchim	20.796493582155673
16S_102_Bodkhe	Nonchim	24.496496158134512
16S_102_Bodkhe	Nonchim	22.69661098669358
16S_102_Bodkhe	Nonchim	20.254572327227187
16S_102_Bodkhe	Nonchim	28.984968713127174
16S_102_Bodkhe	Nonchim	28.838668300000887
16S_102_Bodkhe	Nonchim	32.25690924243709
16S_102_Bodkhe	Nonchim	26.54222296347204
16S_102_Bodkhe	Nonchim	26.311326215157553
16S_102_Bodkhe	Nonchim	29.55634204434902
16S_102_Bodkhe	Nonchim	33.260086161133565
16S_102_Bodkhe	Nonchim	32.12256993706075
16S_102_Bodkhe	Nonchim	30.553088478993146
16S_102_Bodkhe	Nonchim	24.546785424560863
16S_102_Bodkhe	Nonchim	35.359163050142776
16S_102_Bodkhe	Nonchim	31.102748074337484
16S_102_Bodkhe	Nonchim	22.366177167219327
16S_102_Bodkhe	Nonchim	38.79508014143377
16S_102_Bodkhe	Nonchim	31.59425390099874
16S_102_Bodkhe	Nonchim	31.35090739181844
16S_102_Bodkhe	Nonchim	27.886168695546377
16S_102_Bodkhe	Nonchim	16.107923420512964
16S_102_Bodkhe	Nonchim	20.392113088787355
16S_102_Bodkhe	Nonchim	25.5596592440826
16S_102_Bodkhe	Nonchim	23.075946443294473
16S_102_Bodkhe	Nonchim	30.290110282482207
16S_102_Bodkhe	Nonchim	39.40896600018707
16S_102_Bodkhe	Nonchim	41.02891927585581
16S_102_Bodkhe	Nonchim	38.5124136867536
16S_102_Bodkhe	Nonchim	45.06866957247262
16S_102_Bodkhe	Nonchim	39.104582265719436
16S_102_Bodkhe	Nonchim	30.23611001987226
16S_102_Bodkhe	Nonchim	35.25312471084291
16S_102_Bodkhe	Nonchim	43.12736516540601
16S_102_Bodkhe	Nonchim	34.88253359402441
16S_102_Bodkhe	Nonchim	40.41674930011392
16S_102_Bodkhe	Nonchim	32.35137911820018
16S_102_Bodkhe	Nonchim	20.277544057813994
16S_102_Bodkhe	Nonchim	21.28594967713204
16S_102_Bodkhe	Nonchim	19.52951233605357
16S_102_Bodkhe	Nonchim	29.396143359467874
16S_102_Bodkhe	Nonchim	16.7149598317143
16S_102_Bodkhe	Nonchim	26.68069862421767
16S_102_Bodkhe	Nonchim	24.120328766810154
16S_102_Bodkhe	Nonchim	18.091786779814313
16S_102_Bodkhe	Nonchim	24.07675299678394
16S_102_Bodkhe	Nonchim	32.745199267110046
16S_102_Bodkhe	Nonchim	31.85406130943504
16S_102_Bodkhe	Nonchim	26.492181398703956
16S_102_Bodkhe	Nonchim	31.37630713194689
16S_102_Bodkhe	Nonchim	38.35052751881709
16S_102_Bodkhe	Nonchim	26.93834704459353
16S_102_Bodkhe	Nonchim	26.453168251952924
16S_102_Bodkhe	Nonchim	26.817250840514745
16S_102_Bodkhe	Nonchim	24.200903188275472
16S_102_Bodkhe	Nonchim	22.820424142216662
16S_102_Bodkhe	Nonchim	32.31893468758783
16S_102_Bodkhe	Nonchim	42.97057595343011
16S_102_Bodkhe	Nonchim	31.898459273395318
16S_102_Bodkhe	Nonchim	34.786512000489985
16S_102_Bodkhe	Nonchim	42.4080108487321
16S_102_Bodkhe	Nonchim	39.721215351284314
16S_102_Bodkhe	Nonchim	34.141511443735354
16S_102_Bodkhe	Nonchim	29.540234924339252
16S_102_Bodkhe	Nonchim	42.444117314699156
16S_102_Bodkhe	Nonchim	43.26700310510172
16S_102_Bodkhe	Nonchim	37.530625217362214
16S_102_Bodkhe	Nonchim	23.109940936442367
16S_102_Bodkhe	Nonchim	40.46719352752511
16S_102_Bodkhe	Nonchim	29.417691040425805
16S_102_Bodkhe	Nonchim	29.29517964776221
16S_102_Bodkhe	Nonchim	24.628084284285052
16S_102_Bodkhe	Nonchim	28.075768185432665
16S_102_Bodkhe	Nonchim	36.55943959548619
16S_102_Bodkhe	Nonchim	22.37736255536111
16S_102_Bodkhe	Nonchim	26.47304506306044
16S_102_Bodkhe	Nonchim	15.870397841081472
16S_102_Bodkhe	Nonchim	18.727118239818736
16S_102_Bodkhe	Nonchim	23.254849930472663
16S_102_Bodkhe	Nonchim	25.673638216067683
16S_102_Bodkhe	Nonchim	35.16956995015324
16S_102_Bodkhe	Nonchim	27.094415839330928
16S_102_Bodkhe	Nonchim	25.532019704433495
16S_102_Bodkhe	Nonchim	28.15383277848819
16S_102_Bodkhe	Nonchim	29.497788026385308
16S_102_Bodkhe	Nonchim	28.81636089404361
16S_102_Bodkhe	Nonchim	26.758948328810533
16S_102_Bodkhe	Nonchim	24.97899988545392
16S_102_Bodkhe	Nonchim	33.55742072072524
16S_102_Bodkhe	Nonchim	23.432779626038762
16S_102_Bodkhe	Nonchim	24.56230044594559
16S_102_Bodkhe	Nonchim	21.417461295499525
16S_102_Bodkhe	Nonchim	27.917963373032496
16S_102_Bodkhe	Nonchim	23.287926800449412
16S_119_Salamon	Nonchim	42.496052928351254
16S_119_Salamon	Nonchim	41.704738284819214
16S_119_Salamon	Nonchim	48.45072299593523
16S_119_Salamon	Nonchim	43.194125546939304
16S_119_Salamon	Nonchim	40.601877141580175
16S_119_Salamon	Nonchim	40.65791644084172
16S_119_Salamon	Nonchim	46.755732496267655
16S_119_Salamon	Nonchim	41.34956495761604
16S_119_Salamon	Nonchim	43.31352030138133
16S_119_Salamon	Nonchim	35.27772022677189
16S_119_Salamon	Nonchim	39.068296435592785
16S_119_Salamon	Nonchim	44.74628668893469
16S_119_Salamon	Nonchim	40.26029846640534
16S_119_Salamon	Nonchim	39.95675799785703
16S_119_Salamon	Nonchim	50.568832043083134
16S_119_Salamon	Nonchim	38.7915418084548
16S_119_Salamon	Nonchim	43.913960024984384
16S_119_Salamon	Nonchim	15.202261463868464
16S_119_Salamon	Nonchim	14.27966777915779
16S_119_Salamon	Nonchim	16.735765395143346
16S_119_Salamon	Nonchim	37.78930041152264
16S_119_Salamon	Nonchim	14.553288279421736
16S_119_Salamon	Nonchim	15.385617663432951
16S_119_Salamon	Nonchim	32.633156749209476
16S_119_Salamon	Nonchim	14.745153008317303
16S_119_Salamon	Nonchim	14.076328627552561
16S_119_Salamon	Nonchim	39.591633466135455
16S_119_Salamon	Nonchim	8.42459559931679
16S_119_Salamon	Nonchim	42.684528986177675
16S_119_Salamon	Nonchim	12.355478861087143
16S_119_Salamon	Nonchim	14.142383225642389
16S_119_Salamon	Nonchim	15.25727846269607
16S_119_Salamon	Nonchim	16.54924042130536
16S_119_Salamon	Nonchim	16.865599507915817
16S_119_Salamon	Nonchim	15.436692278901829
16S_119_Salamon	Nonchim	14.185027283998913
16S_119_Salamon	Nonchim	41.13295556000948
16S_119_Salamon	Nonchim	32.20427487293741
16S_119_Salamon	Nonchim	43.424137546053366
16S_119_Salamon	Nonchim	46.18728003538666
16S_119_Salamon	Nonchim	44.49790237730572
16S_119_Salamon	Nonchim	40.8178266896291
16S_119_Salamon	Nonchim	46.505993369038514
16S_119_Salamon	Nonchim	40.94646988931274
16S_119_Salamon	Nonchim	48.867213906325446
16S_119_Salamon	Nonchim	40.82279202279202
16S_119_Salamon	Nonchim	44.16579423241648
16S_119_Salamon	Nonchim	38.74470700723945
16S_119_Salamon	Nonchim	46.15956121757752
16S_119_Salamon	Nonchim	41.35560859188544
16S_119_Salamon	Nonchim	37.6755323697939
16S_119_Salamon	Nonchim	36.39521620407176
16S_119_Salamon	Nonchim	35.648227436204834
16S_119_Salamon	Nonchim	39.932558210503835
16S_119_Salamon	Nonchim	39.990812576561865
16S_119_Salamon	Nonchim	33.893202635974816
16S_119_Salamon	Nonchim	36.321746969848746
16S_119_Salamon	Nonchim	43.429678523958636
16S_119_Salamon	Nonchim	39.18396135678714
16S_119_Salamon	Nonchim	32.819021620873144
16S_119_Salamon	Nonchim	39.31309879898574
16S_119_Salamon	Nonchim	42.71654676258993
16S_119_Salamon	Nonchim	41.11052405640128
16S_119_Salamon	Nonchim	41.16286126071456
16S_119_Salamon	Nonchim	36.64309210526316
16S_119_Salamon	Nonchim	40.441502502058654
16S_119_Salamon	Nonchim	38.114078045260065
16S_119_Salamon	Nonchim	45.686864411626765
16S_119_Salamon	Nonchim	39.44068905364152
16S_119_Salamon	Nonchim	22.457152526530383
16S_119_Salamon	Nonchim	42.33989478623823
16S_119_Salamon	Nonchim	37.05482742057229
16S_119_Salamon	Nonchim	43.4750035118388
16S_119_Salamon	Nonchim	38.33851684880303
16S_119_Salamon	Nonchim	50.42172638631334
16S_119_Salamon	Nonchim	45.21492714991848
16S_119_Salamon	Nonchim	25.609051637532648
16S_119_Salamon	Nonchim	40.06854602155186
16S_119_Salamon	Nonchim	33.47396814967233
16S_119_Salamon	Nonchim	46.5836816282028
16S_119_Salamon	Nonchim	48.42017702335617
16S_119_Salamon	Nonchim	47.02126826211273
16S_119_Salamon	Nonchim	46.128561456945235
16S_119_Salamon	Nonchim	26.129234790630928
16S_119_Salamon	Nonchim	42.26466731284566
16S_119_Salamon	Nonchim	49.0916019412035
16S_119_Salamon	Nonchim	46.98194485069269
16S_119_Salamon	Nonchim	49.28342325305449
16S_119_Salamon	Nonchim	48.82900561843688
16S_119_Salamon	Nonchim	46.81588024824493
16S_119_Salamon	Nonchim	47.577347016343595
16S_119_Salamon	Nonchim	27.252417314830137
16S_119_Salamon	Nonchim	33.12441317416381
16S_119_Salamon	Nonchim	49.86423072867236
16S_119_Salamon	Nonchim	46.960233844342106
16S_119_Salamon	Nonchim	25.525504235936335
16S_119_Salamon	Nonchim	50.73302152566943
16S_119_Salamon	Nonchim	48.71293987254087
16S_119_Salamon	Nonchim	45.97561511102003
16S_119_Salamon	Nonchim	42.75735792757358
16S_119_Salamon	Nonchim	48.700790083094944
16S_119_Salamon	Nonchim	39.88019210136412
16S_119_Salamon	Nonchim	39.11560282394147
16S_119_Salamon	Nonchim	14.009232611592914
16S_119_Salamon	Nonchim	34.83193026449341
16S_119_Salamon	Nonchim	48.89175385530818
16S_119_Salamon	Nonchim	44.711755330346136
16S_119_Salamon	Nonchim	43.8600517080484
16S_119_Salamon	Nonchim	42.16165702288904
16S_119_Salamon	Nonchim	52.7555346208196
16S_119_Salamon	Nonchim	46.48272504689223
16S_119_Salamon	Nonchim	34.70884081682119
16S_119_Salamon	Nonchim	34.12940977714979
16S_119_Salamon	Nonchim	50.17483939172156
16S_119_Salamon	Nonchim	37.12230735868151
16S_119_Salamon	Nonchim	46.76800444897581
16S_119_Salamon	Nonchim	40.06339144215531
16S_119_Salamon	Nonchim	43.95234182415776
16S_119_Salamon	Nonchim	42.537689415959385
16S_1211_Milletich	Nonchim	41.43065598403029
16S_1211_Milletich	Nonchim	81.02533883323511
16S_1211_Milletich	Nonchim	61.99470147975784
16S_1211_Milletich	Nonchim	62.776856409158995
16S_1211_Milletich	Nonchim	58.95216648126544
16S_1211_Milletich	Nonchim	37.73732653820973
16S_1211_Milletich	Nonchim	42.89650363806075
16S_1211_Milletich	Nonchim	61.72503440893104
16S_1211_Milletich	Nonchim	59.975995395034964
16S_1211_Milletich	Nonchim	56.90613932469031
16S_1211_Milletich	Nonchim	59.13130901037417
16S_1211_Milletich	Nonchim	44.69557894736842
16S_1211_Milletich	Nonchim	82.728298692749
16S_1211_Milletich	Nonchim	55.47453381575286
16S_1211_Milletich	Nonchim	62.24784622082669
16S_1211_Milletich	Nonchim	50.5750878473089
16S_1211_Milletich	Nonchim	62.919276380631416
16S_1211_Milletich	Nonchim	61.686009896536206
16S_1211_Milletich	Nonchim	64.48754100247453
16S_1211_Milletich	Nonchim	29.851500789889418
16S_1211_Milletich	Nonchim	63.081630998702984
16S_1211_Milletich	Nonchim	56.85169049937642
16S_1211_Milletich	Nonchim	20.234812887525404
16S_1211_Milletich	Nonchim	74.74420774374126
16S_1211_Milletich	Nonchim	63.578197707411185
16S_1211_Milletich	Nonchim	53.8827926480475
16S_1211_Milletich	Nonchim	60.67887944926452
16S_1211_Milletich	Nonchim	60.72442279178141
16S_1211_Milletich	Nonchim	58.981873261001994
16S_1211_Milletich	Nonchim	31.50065171807998
16S_1211_Milletich	Nonchim	65.81667934444367
16S_1211_Milletich	Nonchim	52.04383065930617
16S_1211_Milletich	Nonchim	64.28157519858995
16S_1211_Milletich	Nonchim	63.830521141740206
16S_1211_Milletich	Nonchim	58.88836708196359
16S_1211_Milletich	Nonchim	27.652259798474795
16S_1211_Milletich	Nonchim	57.68432071043878
16S_1211_Milletich	Nonchim	65.8846637681799
16S_1211_Milletich	Nonchim	64.38854789045453
16S_1211_Milletich	Nonchim	62.05422752766864
16S_1211_Milletich	Nonchim	57.84959561701017
16S_1211_Milletich	Nonchim	63.12529776083849
16S_1211_Milletich	Nonchim	36.821010595659715
16S_1211_Milletich	Nonchim	57.045808663134935
16S_1211_Milletich	Nonchim	59.185540229043944
16S_1211_Milletich	Nonchim	78.52497196584146
16S_1211_Milletich	Nonchim	63.96632874728457
16S_1211_Milletich	Nonchim	59.573919323222945
16S_1211_Milletich	Nonchim	50.68065442737605
16S_1211_Milletich	Nonchim	34.405583559519194
16S_1211_Milletich	Nonchim	34.80494415825848
16S_1211_Milletich	Nonchim	36.70163950690776
16S_1211_Milletich	Nonchim	61.587343096234314
16S_1211_Milletich	Nonchim	35.31359233766034
16S_1211_Milletich	Nonchim	51.55800407046108
16S_1211_Milletich	Nonchim	62.479884695576736
16S_1211_Milletich	Nonchim	58.98989353807127
16S_1211_Milletich	Nonchim	63.10437109723461
16S_1211_Milletich	Nonchim	58.147668946298324
16S_1211_Milletich	Nonchim	33.6036380761759
16S_1211_Milletich	Nonchim	64.11743907389705
16S_1211_Milletich	Nonchim	71.59046502540055
16S_1211_Milletich	Nonchim	68.31033934131872
16S_1211_Milletich	Nonchim	70.72175874009538
16S_1211_Milletich	Nonchim	44.36075451925596
16S_1211_Milletich	Nonchim	68.5866908559478
16S_1211_Milletich	Nonchim	68.11895003052237
16S_1211_Milletich	Nonchim	66.92671260178805
16S_1211_Milletich	Nonchim	41.36512230864615
16S_1211_Milletich	Nonchim	66.6009775777795
16S_1211_Milletich	Nonchim	47.9170653907496
16S_1211_Milletich	Nonchim	63.58472267122339
16S_1211_Milletich	Nonchim	65.44627844743884
16S_1211_Milletich	Nonchim	52.99230014815433
16S_1211_Milletich	Nonchim	48.68785347499941
16S_1211_Milletich	Nonchim	65.17690159608537
16S_1211_Milletich	Nonchim	51.92909174265192
16S_1211_Milletich	Nonchim	60.57436992864878
16S_1211_Milletich	Nonchim	69.74223860450628
16S_1211_Milletich	Nonchim	56.890594357803224
16S_1211_Milletich	Nonchim	50.042408821034776
16S_1211_Milletich	Nonchim	79.74124145951447
16S_1211_Milletich	Nonchim	63.739551253849534
16S_1211_Milletich	Nonchim	60.58946671239843
16S_1211_Milletich	Nonchim	46.232155197114494
16S_1211_Milletich	Nonchim	56.3051216360215
16S_1211_Milletich	Nonchim	45.92728398295198
16S_1211_Milletich	Nonchim	51.27504697541488
16S_1211_Milletich	Nonchim	48.97719630739133
16S_1211_Milletich	Nonchim	74.33012740887959
16S_1211_Milletich	Nonchim	64.95488640069573
16S_1211_Milletich	Nonchim	67.42828943310099
16S_1211_Milletich	Nonchim	49.47781123927496
16S_1211_Milletich	Nonchim	23.187739648978507
16S_1211_Milletich	Nonchim	29.697733283390654
16S_1211_Milletich	Nonchim	30.89848361548248
16S_1211_Milletich	Nonchim	75.25810930203207
16S_1211_Milletich	Nonchim	60.481280429794616
16S_1211_Milletich	Nonchim	68.88113514770878
16S_1211_Milletich	Nonchim	58.387820451364256
16S_1211_Milletich	Nonchim	23.735042075194933
16S_1211_Milletich	Nonchim	57.846904093394414
16S_1211_Milletich	Nonchim	50.887660817425896
16S_1211_Milletich	Nonchim	30.388542824472044
16S_1211_Milletich	Nonchim	51.458508354335855
16S_1211_Milletich	Nonchim	60.72099854809846
16S_1211_Milletich	Nonchim	59.22003908468669
16S_1211_Milletich	Nonchim	75.2514256091239
16S_1211_Milletich	Nonchim	62.78936098275668
16S_1211_Milletich	Nonchim	49.37229437229437
16S_1211_Milletich	Nonchim	59.4888639008897
16S_1211_Milletich	Nonchim	35.101399517006605
16S_1211_Milletich	Nonchim	62.562535574128994
16S_1211_Milletich	Nonchim	56.71346593124965
16S_1211_Milletich	Nonchim	55.95087763606516
16S_1211_Milletich	Nonchim	70.31943407003823
16S_1211_Milletich	Nonchim	49.39040335861245
16S_1211_Milletich	Nonchim	60.08593425147739
16S_1211_Milletich	Nonchim	51.31432147813546
16S_1211_Milletich	Nonchim	49.26012329400097
16S_1211_Milletich	Nonchim	53.67542571816632
16S_1211_Milletich	Nonchim	56.47233422438379
16S_1211_Milletich	Nonchim	25.763047242146918
16S_1211_Milletich	Nonchim	75.32462700450199
16S_1211_Milletich	Nonchim	58.21933140980997
16S_1211_Milletich	Nonchim	58.223581996797094
16S_1211_Milletich	Nonchim	64.50106494159358
16S_1211_Milletich	Nonchim	69.93873229301589
16S_1211_Milletich	Nonchim	57.398481862352924
16S_1211_Milletich	Nonchim	61.52526649279726
16S_1211_Milletich	Nonchim	72.96150348590483
16S_1211_Milletich	Nonchim	55.82655140553607
16S_1211_Milletich	Nonchim	63.62799263351749
16S_1211_Milletich	Nonchim	50.52167445813854
16S_1211_Milletich	Nonchim	27.954519938352878
16S_1211_Milletich	Nonchim	57.583528811210904
16S_1211_Milletich	Nonchim	51.2940193386654
16S_1211_Milletich	Nonchim	62.43940783440325
16S_1211_Milletich	Nonchim	55.88296724335991
16S_1211_Milletich	Nonchim	51.41117216894997
16S_1211_Milletich	Nonchim	40.90546378420024
16S_1211_Milletich	Nonchim	52.802357215809984
16S_1211_Milletich	Nonchim	52.91582050442189
16S_1211_Milletich	Nonchim	48.72166157344894
16S_1211_Milletich	Nonchim	60.239971876850205
16S_1211_Milletich	Nonchim	53.32628650904033
16S_1211_Milletich	Nonchim	76.99130250879001
16S_1211_Milletich	Nonchim	56.406989443028756
16S_1211_Milletich	Nonchim	67.86363636363636
16S_1211_Milletich	Nonchim	54.079261302017166
16S_1211_Milletich	Nonchim	55.20455227750334
16S_1211_Milletich	Nonchim	54.50178610088764
16S_1211_Milletich	Nonchim	29.955668846281725
16S_1211_Milletich	Nonchim	59.07739996082739
16S_1211_Milletich	Nonchim	63.200675135471265
16S_1211_Milletich	Nonchim	61.60387775881602
16S_1211_Milletich	Nonchim	16.894867132560737
16S_1211_Milletich	Nonchim	63.79232641288345
16S_1211_Milletich	Nonchim	69.43717019120686
16S_1211_Milletich	Nonchim	66.26957440676338
16S_1211_Milletich	Nonchim	68.50077998850543
16S_1211_Milletich	Nonchim	59.531802294583436
16S_1211_Milletich	Nonchim	22.34165519952821
16S_1211_Milletich	Nonchim	55.27933498544378
16S_1211_Milletich	Nonchim	66.69289273537896
16S_1211_Milletich	Nonchim	63.35381096481019
16S_1211_Milletich	Nonchim	68.67433372357276
16S_1211_Milletich	Nonchim	61.204793580121844
16S_1211_Milletich	Nonchim	63.98011218765936
16S_1211_Milletich	Nonchim	55.28808439820823
16S_1211_Milletich	Nonchim	67.13234686285855
16S_1211_Milletich	Nonchim	56.17877550145263
16S_1211_Milletich	Nonchim	68.77822367814743
16S_1211_Milletich	Nonchim	64.8089322517821
16S_1211_Milletich	Nonchim	50.852605010978195
16S_1211_Milletich	Nonchim	46.18531033256269
16S_1211_Milletich	Nonchim	24.876782023424663
16S_1211_Milletich	Nonchim	61.538772180627234
16S_1211_Milletich	Nonchim	57.33771909647145
16S_1211_Milletich	Nonchim	53.49962138764255
16S_1211_Milletich	Nonchim	60.91730720500043
16S_1211_Milletich	Nonchim	80.54747278801595
16S_1211_Milletich	Nonchim	43.84701797385621
16S_1211_Milletich	Nonchim	61.662529104281994
16S_1211_Milletich	Nonchim	44.718945400631725
16S_1211_Milletich	Nonchim	55.79655506702833
16S_1211_Milletich	Nonchim	78.06490384615384
16S_1211_Milletich	Nonchim	78.40570175438597
16S_1211_Milletich	Nonchim	70.46278635953973
16S_1211_Milletich	Nonchim	71.83164710643464
16S_1211_Milletich	Nonchim	82.33232488551637
16S_1211_Milletich	Nonchim	68.58891373425915
16S_1211_Milletich	Nonchim	70.0282112008916
16S_1211_Milletich	Nonchim	81.54665149544863
16S_1211_Milletich	Nonchim	79.56838754825165
16S_1211_Milletich	Nonchim	51.4951149708872
16S_1211_Milletich	Nonchim	64.26241391808625
16S_1211_Milletich	Nonchim	81.3068889527642
16S_1211_Milletich	Nonchim	53.848220715153204
16S_1211_Milletich	Nonchim	77.25123328988063
16S_1211_Milletich	Nonchim	69.67531672684987
16S_1211_Milletich	Nonchim	22.20505462973182
16S_1211_Milletich	Nonchim	67.23574608645698
16S_1211_Milletich	Nonchim	74.33505990021926
16S_1211_Milletich	Nonchim	84.87488450151798
16S_1211_Milletich	Nonchim	74.58873068550832
16S_1211_Milletich	Nonchim	66.00523771152297
16S_1211_Milletich	Nonchim	53.26824444669482
16S_1211_Milletich	Nonchim	65.12218913646166
16S_1211_Milletich	Nonchim	79.65839600759121
16S_1211_Milletich	Nonchim	75.09930633781941
16S_1211_Milletich	Nonchim	26.73496984592303
16S_1211_Milletich	Nonchim	57.32552568538728
16S_1211_Milletich	Nonchim	31.128099912312813
16S_1211_Milletich	Nonchim	78.61505561624026
16S_1211_Milletich	Nonchim	66.68904919039214
16S_1211_Milletich	Nonchim	65.89804111440618
16S_1211_Milletich	Nonchim	65.29823931009702
16S_1211_Milletich	Nonchim	70.08953113955863
16S_1211_Milletich	Nonchim	58.60589491329249
16S_1211_Milletich	Nonchim	71.67488766265132
16S_1211_Milletich	Nonchim	77.74697774697775
16S_1211_Milletich	Nonchim	71.13612863499587
16S_1211_Milletich	Nonchim	51.95726869494596
16S_1211_Milletich	Nonchim	30.15230992858497
16S_1211_Milletich	Nonchim	30.106468438500617
16S_1211_Milletich	Nonchim	61.531592477337306
16S_1211_Milletich	Nonchim	67.24941308259746
16S_1211_Milletich	Nonchim	67.29136809613053
16S_1211_Milletich	Nonchim	58.333333333333336
16S_1211_Milletich	Nonchim	57.94878524910185
16S_1211_Milletich	Nonchim	30.80187625642171
16S_1211_Milletich	Nonchim	69.93728074837887
16S_1211_Milletich	Nonchim	24.9527260014937
16S_1211_Milletich	Nonchim	56.22479644517504
16S_1211_Milletich	Nonchim	29.031974701335205
16S_1211_Milletich	Nonchim	74.60815615702779
16S_1211_Milletich	Nonchim	64.8750823871762
16S_1211_Milletich	Nonchim	69.91191904047976
16S_1211_Milletich	Nonchim	26.550303981172778
16S_1211_Milletich	Nonchim	42.64565567416065
16S_1211_Milletich	Nonchim	49.493372237482475
16S_1211_Milletich	Nonchim	37.984122702223594
16S_1211_Milletich	Nonchim	37.14552093854401
16S_1211_Milletich	Nonchim	32.24019904134044
16S_1211_Milletich	Nonchim	32.413876465611025
16S_1211_Milletich	Nonchim	32.5158037929103
16S_1211_Milletich	Nonchim	28.4720479696815
16S_1211_Milletich	Nonchim	43.79567896991775
16S_1211_Milletich	Nonchim	53.94890784556493
16S_1211_Milletich	Nonchim	26.885139285327163
16S_1211_Milletich	Nonchim	39.13608539173767
16S_1211_Milletich	Nonchim	28.303759882660177
16S_1211_Milletich	Nonchim	50.282033954405655
16S_1211_Milletich	Nonchim	38.7780666190752
16S_1211_Milletich	Nonchim	60.86031670999764
16S_1211_Milletich	Nonchim	35.9203286938967
16S_1211_Milletich	Nonchim	53.619587921935064
16S_1211_Milletich	Nonchim	58.21762059122357
16S_1211_Milletich	Nonchim	38.80889461811151
16S_1211_Milletich	Nonchim	30.055263747479525
16S_1211_Milletich	Nonchim	40.100811317602066
16S_1211_Milletich	Nonchim	38.0130206350415
16S_1211_Milletich	Nonchim	34.32025999779663
16S_1211_Milletich	Nonchim	42.514569599694276
16S_1211_Milletich	Nonchim	55.4639550608551
16S_1211_Milletich	Nonchim	37.59696773306624
16S_1211_Milletich	Nonchim	42.799777306594336
16S_1211_Milletich	Nonchim	34.65641049475959
16S_1211_Milletich	Nonchim	59.72638170432889
16S_1211_Milletich	Nonchim	59.72118981757918
16S_1211_Milletich	Nonchim	48.586041323775454
16S_1211_Milletich	Nonchim	38.85799250762754
16S_1211_Milletich	Nonchim	38.41450222611903
16S_1211_Milletich	Nonchim	36.614060258249644
16S_1211_Milletich	Nonchim	63.31468531468531
16S_1211_Milletich	Nonchim	44.46364736167078
16S_1211_Milletich	Nonchim	71.52540996915083
16S_1211_Milletich	Nonchim	54.5592334679428
16S_1211_Milletich	Nonchim	70.76547351076195
16S_1211_Milletich	Nonchim	56.84454984698045
16S_1211_Milletich	Nonchim	50.323549511090114
16S_1211_Milletich	Nonchim	75.33841928593226
16S_1211_Milletich	Nonchim	73.35174625801854
16S_1211_Milletich	Nonchim	72.48840605703451
16S_1211_Milletich	Nonchim	61.81438680445961
16S_1211_Milletich	Nonchim	55.99481658692185
16S_1211_Milletich	Nonchim	74.22385203149882
16S_1211_Milletich	Nonchim	30.642272922944468
16S_1211_Milletich	Nonchim	50.930576447492534
16S_1211_Milletich	Nonchim	56.202093898594576
16S_1211_Milletich	Nonchim	55.956013413492045
16S_1211_Milletich	Nonchim	58.238148838410865
16S_1211_Milletich	Nonchim	61.51271895452523
16S_1211_Milletich	Nonchim	46.034661632396215
16S_1211_Milletich	Nonchim	53.97904250076708
16S_1211_Milletich	Nonchim	14.49158012087074
16S_1211_Milletich	Nonchim	62.47907769799929
16S_1211_Milletich	Nonchim	65.9626985026509
16S_1211_Milletich	Nonchim	62.038882765413575
16S_1211_Milletich	Nonchim	46.053369574596594
16S_1211_Milletich	Nonchim	57.78088839119074
16S_1211_Milletich	Nonchim	74.08008799727628
16S_1211_Milletich	Nonchim	74.29210610418664
16S_1211_Milletich	Nonchim	51.66243501390401
16S_1211_Milletich	Nonchim	57.306450564451474
16S_1211_Milletich	Nonchim	61.0109802232953
16S_1211_Milletich	Nonchim	62.39811591234896
16S_1211_Milletich	Nonchim	56.57264502394891
16S_1211_Milletich	Nonchim	57.0948522893603
16S_1211_Milletich	Nonchim	48.91392621071785
16S_1211_Milletich	Nonchim	54.61053483327901
16S_1211_Milletich	Nonchim	53.222659672652085
16S_1211_Milletich	Nonchim	48.80505490918418
16S_1211_Milletich	Nonchim	51.8002837885775
16S_1211_Milletich	Nonchim	45.28978493136794
16S_1211_Milletich	Nonchim	73.57464317860357
16S_1211_Milletich	Nonchim	68.21311195312421
16S_1211_Milletich	Nonchim	74.5457071057849
16S_1211_Milletich	Nonchim	53.20297756343049
16S_1211_Milletich	Nonchim	73.2512674129908
16S_1211_Milletich	Nonchim	67.17121686412807
16S_1211_Milletich	Nonchim	69.9489052782466
16S_1211_Milletich	Nonchim	73.39588680377321
16S_1211_Milletich	Nonchim	62.072014769078024
16S_1211_Milletich	Nonchim	71.60600234259321
16S_1211_Milletich	Nonchim	65.78029756262988
16S_1211_Milletich	Nonchim	66.30317984638039
16S_1211_Milletich	Nonchim	74.66372684272763
16S_1211_Milletich	Nonchim	70.35977913397268
16S_1211_Milletich	Nonchim	74.49628108348135
16S_1211_Milletich	Nonchim	41.63492087392528
16S_1211_Milletich	Nonchim	61.63568848054262
16S_1211_Milletich	Nonchim	67.89936135288357
16S_1211_Milletich	Nonchim	39.98806219166654
16S_1211_Milletich	Nonchim	54.041763483408864
16S_1211_Milletich	Nonchim	49.46104600028635
16S_1211_Milletich	Nonchim	56.47925676757969
16S_1211_Milletich	Nonchim	58.01316962075453
16S_1211_Milletich	Nonchim	52.515749081731066
16S_1211_Milletich	Nonchim	60.56573972143781
16S_1211_Milletich	Nonchim	72.48287426858856
16S_1211_Milletich	Nonchim	65.34131567542507
16S_1211_Milletich	Nonchim	55.93411752763079
16S_1211_Milletich	Nonchim	67.7434609132555
16S_1211_Milletich	Nonchim	76.39305912286414
16S_1211_Milletich	Nonchim	51.63034404818473
16S_1211_Milletich	Nonchim	25.841518497275594
16S_1211_Milletich	Nonchim	33.59887914963584
16S_1211_Milletich	Nonchim	71.5157738604598
16S_1211_Milletich	Nonchim	59.52344397703197
16S_1211_Milletich	Nonchim	65.7068867137778
16S_1211_Milletich	Nonchim	34.20916799803367
16S_1211_Milletich	Nonchim	40.81895291020766
16S_1211_Milletich	Nonchim	67.86638830897704
16S_1211_Milletich	Nonchim	83.54996258222064
16S_1211_Milletich	Nonchim	59.94766080528902
16S_1211_Milletich	Nonchim	69.88599918362587
16S_1211_Milletich	Nonchim	76.01067489523174
16S_1211_Milletich	Nonchim	51.327888095470996
16S_1211_Milletich	Nonchim	61.14852382030775
16S_1211_Milletich	Nonchim	50.3167243518579
16S_1211_Milletich	Nonchim	59.79250649696126
16S_1211_Milletich	Nonchim	70.00761530040774
16S_1211_Milletich	Nonchim	63.08107097404595
16S_1211_Milletich	Nonchim	54.70680592531914
16S_1211_Milletich	Nonchim	32.62266261786799
16S_1211_Milletich	Nonchim	63.21560850418501
16S_1211_Milletich	Nonchim	20.74185022026432
16S_1211_Milletich	Nonchim	24.099195480999658
16S_1211_Milletich	Nonchim	78.79764573991032
16S_1211_Milletich	Nonchim	61.57464949064341
16S_1211_Milletich	Nonchim	53.185873576570806
16S_1211_Milletich	Nonchim	33.752954757847284
16S_1211_Milletich	Nonchim	22.616294668523462
16S_1211_Milletich	Nonchim	71.06684043939676
16S_1211_Milletich	Nonchim	69.46598299149575
16S_1211_Milletich	Nonchim	30.22925291973058
16S_1211_Milletich	Nonchim	82.08943671510671
16S_1211_Milletich	Nonchim	41.212055814455375
16S_1211_Milletich	Nonchim	76.93130751123475
16S_1211_Milletich	Nonchim	42.68206665491095
16S_1211_Milletich	Nonchim	66.6732922546876
16S_1211_Milletich	Nonchim	32.08167072601959
16S_1211_Milletich	Nonchim	56.931433842369586
16S_1211_Milletich	Nonchim	30.669737478929886
16S_1211_Milletich	Nonchim	70.74016916101401
16S_1211_Milletich	Nonchim	60.74135937299242
16S_1211_Milletich	Nonchim	45.86335403726708
16S_1211_Milletich	Nonchim	57.00410022779043
16S_1211_Milletich	Nonchim	58.92790898973661
16S_1211_Milletich	Nonchim	34.7789338696045
16S_1211_Milletich	Nonchim	57.2587901134379
16S_1211_Milletich	Nonchim	30.448553791411705
16S_1211_Milletich	Nonchim	27.76575575939792
16S_1211_Milletich	Nonchim	60.13189262825475
16S_1211_Milletich	Nonchim	60.98898523552847
16S_1211_Milletich	Nonchim	54.8313222566176
16S_1211_Milletich	Nonchim	57.59456750975963
16S_1211_Milletich	Nonchim	60.81462740137095
16S_1211_Milletich	Nonchim	46.79112101792514
16S_1211_Milletich	Nonchim	62.28122024102716
16S_1211_Milletich	Nonchim	52.6444356075669
16S_1211_Milletich	Nonchim	44.33919149112967
16S_1211_Milletich	Nonchim	60.4645107535281
16S_1211_Milletich	Nonchim	37.8161214538132
16S_1211_Milletich	Nonchim	57.05265707168557
16S_1211_Milletich	Nonchim	41.13997902604021
16S_1211_Milletich	Nonchim	32.153890459734
16S_1211_Milletich	Nonchim	53.36718821484124
16S_1211_Milletich	Nonchim	55.69400764980875
16S_1211_Milletich	Nonchim	47.66059612344088
16S_1211_Milletich	Nonchim	42.112088529621545
16S_1211_Milletich	Nonchim	64.00479489484725
16S_1211_Milletich	Nonchim	58.81591669765712
16S_1211_Milletich	Nonchim	59.86630470601158
16S_1211_Milletich	Nonchim	29.96621263314192
16S_1211_Milletich	Nonchim	61.1308238198087
16S_1211_Milletich	Nonchim	68.66171545070627
16S_1211_Milletich	Nonchim	53.99907945050276
16S_1211_Milletich	Nonchim	48.04978777102214
16S_1211_Milletich	Nonchim	69.52589807852966
16S_1211_Milletich	Nonchim	52.07051552184295
16S_1211_Milletich	Nonchim	19.839180759384128
16S_1211_Milletich	Nonchim	63.812674422250794
16S_1211_Milletich	Nonchim	52.56309899083927
16S_1211_Milletich	Nonchim	48.35891844210578
16S_1211_Milletich	Nonchim	48.663948901615804
16S_1211_Milletich	Nonchim	57.3085899440328
16S_1211_Milletich	Nonchim	61.06910512838258
16S_1211_Milletich	Nonchim	70.15599235742141
16S_1211_Milletich	Nonchim	68.06659560428405
16S_1211_Milletich	Nonchim	57.717529134714084
16S_1211_Milletich	Nonchim	57.142639508843565
16S_1211_Milletich	Nonchim	67.99843144352442
16S_1211_Milletich	Nonchim	54.12684151846119
16S_1211_Milletich	Nonchim	60.39902918187552
16S_1211_Milletich	Nonchim	69.31484096005315
16S_1211_Milletich	Nonchim	43.46941277430428
16S_1211_Milletich	Nonchim	59.18839378953818
16S_1211_Milletich	Nonchim	55.64123561257449
16S_1211_Milletich	Nonchim	51.09217999126257
16S_1211_Milletich	Nonchim	56.19900079095706
16S_1211_Milletich	Nonchim	73.0970972558035
16S_1211_Milletich	Nonchim	47.22162249689642
16S_1211_Milletich	Nonchim	40.952965562642895
16S_1211_Milletich	Nonchim	55.71125806339538
16S_1211_Milletich	Nonchim	42.94539626223488
16S_1211_Milletich	Nonchim	57.132422112777384
16S_1211_Milletich	Nonchim	76.3263766658285
16S_1211_Milletich	Nonchim	66.1520295202952
16S_1211_Milletich	Nonchim	38.97814025582709
16S_1211_Milletich	Nonchim	61.86997501941768
16S_1211_Milletich	Nonchim	56.96502457827917
16S_1211_Milletich	Nonchim	51.77064853811465
16S_1211_Milletich	Nonchim	31.287387575820958
16S_1211_Milletich	Nonchim	52.33129724241301
16S_1211_Milletich	Nonchim	47.626627697607056
16S_1211_Milletich	Nonchim	57.26473141821751
16S_1211_Milletich	Nonchim	72.73878928114375
16S_1211_Milletich	Nonchim	63.59471041246919
16S_1211_Milletich	Nonchim	57.94792628194926
16S_1211_Milletich	Nonchim	50.50463191947278
16S_1211_Milletich	Nonchim	44.3784937188195
16S_1211_Milletich	Nonchim	49.54794274689281
16S_1211_Milletich	Nonchim	53.96954742306741
16S_1211_Milletich	Nonchim	55.4045901006347
16S_1211_Milletich	Nonchim	44.68363547827499
16S_1211_Milletich	Nonchim	63.94677315405709
16S_1211_Milletich	Nonchim	68.86685625869804
16S_1211_Milletich	Nonchim	52.801480879497944
16S_1211_Milletich	Nonchim	58.92674637672236
16S_1211_Milletich	Nonchim	46.673439000292234
16S_1211_Milletich	Nonchim	31.11413043478261
16S_1211_Milletich	Nonchim	61.30522495851787
16S_1211_Milletich	Nonchim	69.7085380427566
16S_1211_Milletich	Nonchim	45.3008242816424
16S_1211_Milletich	Nonchim	46.394804561778265
16S_1211_Milletich	Nonchim	58.86888508353775
16S_1211_Milletich	Nonchim	57.2929939896934
16S_1211_Milletich	Nonchim	81.02623053610618
16S_1211_Milletich	Nonchim	44.11489033763096
16S_1211_Milletich	Nonchim	41.83891544447526
16S_1211_Milletich	Nonchim	64.23036122049014
16S_1211_Milletich	Nonchim	45.88904057998305
16S_1211_Milletich	Nonchim	56.391706665347115
16S_1211_Milletich	Nonchim	61.096512941594625
16S_1211_Milletich	Nonchim	63.33489141832055
16S_1211_Milletich	Nonchim	47.04822309473472
16S_1211_Milletich	Nonchim	47.25271533949004
16S_1211_Milletich	Nonchim	44.3689237902198
16S_1211_Milletich	Nonchim	51.788645390870705
16S_1211_Milletich	Nonchim	60.440636832794844
16S_1211_Milletich	Nonchim	61.65494862087615
16S_1211_Milletich	Nonchim	33.145841703495385
16S_1211_Milletich	Nonchim	31.684831806496
16S_1211_Milletich	Nonchim	58.52345700391071
16S_1211_Milletich	Nonchim	59.68573868488471
16S_1211_Milletich	Nonchim	56.63351162930464
16S_1211_Milletich	Nonchim	69.92282696994313
16S_1211_Milletich	Nonchim	53.09666309413422
16S_1211_Milletich	Nonchim	36.976847300136875
16S_1211_Milletich	Nonchim	58.28668121580163
16S_1211_Milletich	Nonchim	52.29785938926651
16S_1211_Milletich	Nonchim	36.030042118603006
16S_1211_Milletich	Nonchim	37.02413155441444
16S_1211_Milletich	Nonchim	63.22387211000401
16S_1211_Milletich	Nonchim	60.09101576126598
16S_1211_Milletich	Nonchim	57.16903555644528
16S_1211_Milletich	Nonchim	41.72457406442973
16S_1211_Milletich	Nonchim	76.57775349754162
16S_1211_Milletich	Nonchim	38.48587194367805
16S_1211_Milletich	Nonchim	63.71659237778135
16S_1211_Milletich	Nonchim	63.13921981850243
16S_1211_Milletich	Nonchim	57.317799831514925
16S_1211_Milletich	Nonchim	26.066516629157288
16S_1211_Milletich	Nonchim	54.31951643239673
16S_1211_Milletich	Nonchim	58.73271452926691
16S_1211_Milletich	Nonchim	63.59272875816993
16S_1211_Milletich	Nonchim	61.95163147792706
16S_1211_Milletich	Nonchim	62.97217735632783
16S_1211_Milletich	Nonchim	29.53318203161684
16S_1211_Milletich	Nonchim	66.78196718958563
16S_1211_Milletich	Nonchim	45.35787923416789
16S_1211_Milletich	Nonchim	61.5062681547164
16S_1211_Milletich	Nonchim	62.750160473575356
16S_1211_Milletich	Nonchim	54.855786018576715
16S_1211_Milletich	Nonchim	62.008940999230354
16S_1211_Milletich	Nonchim	65.50753218296357
16S_1211_Milletich	Nonchim	53.14432605618061
16S_1211_Milletich	Nonchim	54.50530964146777
16S_1211_Milletich	Nonchim	54.53934472136657
16S_1211_Milletich	Nonchim	55.42604054705163
16S_1211_Milletich	Nonchim	66.69283718892073
16S_1211_Milletich	Nonchim	30.393610737580275
16S_1211_Milletich	Nonchim	49.04683770883055
16S_1211_Milletich	Nonchim	31.60299233445187
16S_1211_Milletich	Nonchim	65.01242049518194
16S_1211_Milletich	Nonchim	73.1985401459854
16S_1211_Milletich	Nonchim	50.16492101151554
16S_1211_Milletich	Nonchim	76.76799408666727
16S_1211_Milletich	Nonchim	64.71439330875648
16S_1211_Milletich	Nonchim	52.42566296912049
16S_1211_Milletich	Nonchim	46.63355319389121
16S_1211_Milletich	Nonchim	64.46362232066487
16S_1211_Milletich	Nonchim	74.91377783334896
16S_1211_Milletich	Nonchim	62.17012049380283
16S_1211_Milletich	Nonchim	17.598509628923598
16S_1211_Milletich	Nonchim	46.17107827676282
16S_1211_Milletich	Nonchim	65.31434595208245
16S_1211_Milletich	Nonchim	75.29963204421577
16S_1211_Milletich	Nonchim	69.66268623402712
16S_1211_Milletich	Nonchim	65.5468478638416
16S_1211_Milletich	Nonchim	53.59563743808117
16S_1211_Milletich	Nonchim	70.97009573892586
16S_1211_Milletich	Nonchim	64.9383741553106
16S_1211_Milletich	Nonchim	71.09141687866386
16S_1211_Milletich	Nonchim	70.12359864600478
16S_1211_Milletich	Nonchim	69.61840070686989
16S_1211_Milletich	Nonchim	52.02538202538203
16S_1211_Milletich	Nonchim	45.332809598628764
16S_1211_Milletich	Nonchim	53.88011256197609
16S_1211_Milletich	Nonchim	49.63824383826942
16S_1211_Milletich	Nonchim	55.906506632975365
16S_1211_Milletich	Nonchim	68.71545849653914
16S_1211_Milletich	Nonchim	55.235137093012874
16S_1211_Milletich	Nonchim	64.37815146923668
16S_1211_Milletich	Nonchim	52.29226361031518
16S_1211_Milletich	Nonchim	60.40706495290986
16S_1211_Milletich	Nonchim	56.303084882838014
16S_1211_Milletich	Nonchim	65.09481514956633
16S_1211_Milletich	Nonchim	56.19591221335877
16S_1211_Milletich	Nonchim	62.109303600804246
16S_1211_Milletich	Nonchim	64.03909356113292
16S_1211_Milletich	Nonchim	71.60801879328602
16S_1211_Milletich	Nonchim	64.12350966241046
16S_1211_Milletich	Nonchim	56.92645687753275
16S_1211_Milletich	Nonchim	49.43613029760382
16S_1211_Milletich	Nonchim	35.82379803101071
16S_1211_Milletich	Nonchim	68.34445767178075
16S_1211_Milletich	Nonchim	43.383639880861
16S_1211_Milletich	Nonchim	65.17868952199561
16S_1211_Milletich	Nonchim	72.66996535221386
16S_1211_Milletich	Nonchim	67.9802791565342
16S_1211_Milletich	Nonchim	70.3329827592683
16S_1211_Milletich	Nonchim	63.155306049761705
16S_1211_Milletich	Nonchim	60.17154951542831
16S_1211_Milletich	Nonchim	39.76913597840574
16S_1211_Milletich	Nonchim	63.23156859433522
16S_1211_Milletich	Nonchim	52.29966973752824
16S_1211_Milletich	Nonchim	69.7212229283515
16S_1211_Milletich	Nonchim	72.14251859413737
16S_1211_Milletich	Nonchim	61.18536480992797
16S_1211_Milletich	Nonchim	41.339786268795066
16S_1211_Milletich	Nonchim	69.89951728893705
16S_1211_Milletich	Nonchim	65.66417866931017
16S_1211_Milletich	Nonchim	62.76604774535809
16S_1211_Milletich	Nonchim	63.69370105179095
16S_1211_Milletich	Nonchim	59.23768766019772
16S_1211_Milletich	Nonchim	59.55286485572707
16S_1211_Milletich	Nonchim	65.24622548327925
16S_1211_Milletich	Nonchim	56.39155113054806
16S_1211_Milletich	Nonchim	66.95625936407524
16S_1211_Milletich	Nonchim	58.122897954338626
16S_1211_Milletich	Nonchim	26.694596275324844
16S_1211_Milletich	Nonchim	60.5406538139145
16S_1211_Milletich	Nonchim	57.66538443273021
16S_1211_Milletich	Nonchim	65.45029493273057
16S_1211_Milletich	Nonchim	52.48702633897974
16S_1211_Milletich	Nonchim	55.775152391126745
16S_1211_Milletich	Nonchim	57.055761624690035
16S_1211_Milletich	Nonchim	66.12274847568965
16S_1211_Milletich	Nonchim	57.90876623038558
16S_1211_Milletich	Nonchim	26.098502477619295
16S_1211_Milletich	Nonchim	49.535265172225266
16S_1211_Milletich	Nonchim	28.17507963126507
16S_1211_Milletich	Nonchim	61.445487668161434
16S_1211_Milletich	Nonchim	47.216311728680594
16S_1211_Milletich	Nonchim	53.92007812156512
16S_1211_Milletich	Nonchim	58.8500005160651
16S_1211_Milletich	Nonchim	64.17366067926896
16S_1211_Milletich	Nonchim	32.55343781859653
16S_1211_Milletich	Nonchim	46.80301500457886
16S_1211_Milletich	Nonchim	58.131961387503985
16S_1211_Milletich	Nonchim	74.33895506545583
16S_1211_Milletich	Nonchim	60.83735228816109
16S_1211_Milletich	Nonchim	58.619222381788205
16S_1211_Milletich	Nonchim	63.90819707556004
16S_1211_Milletich	Nonchim	54.9807708193742
16S_1211_Milletich	Nonchim	59.66319165998396
16S_1211_Milletich	Nonchim	53.38683492418049
16S_1211_Milletich	Nonchim	51.80218898630451
16S_1211_Milletich	Nonchim	27.709834335276028
16S_1211_Milletich	Nonchim	65.98453842655752
16S_1211_Milletich	Nonchim	54.41739199397267
16S_1211_Milletich	Nonchim	53.56301837543385
16S_1211_Milletich	Nonchim	64.28609535326231
16S_1211_Milletich	Nonchim	67.56188521512777
16S_1211_Milletich	Nonchim	62.43244979035351
16S_1211_Milletich	Nonchim	63.53486198453739
16S_1211_Milletich	Nonchim	41.65045952026847
16S_1211_Milletich	Nonchim	50.50972865467796
16S_1211_Milletich	Nonchim	57.61145029374496
16S_1211_Milletich	Nonchim	63.70644176443753
16S_1211_Milletich	Nonchim	51.82559673743553
16S_1211_Milletich	Nonchim	66.51472388041061
16S_1211_Milletich	Nonchim	60.9270510074741
16S_1211_Milletich	Nonchim	22.16264847843795
16S_1211_Milletich	Nonchim	55.92460615153788
16S_1211_Milletich	Nonchim	75.55403556771546
16S_1211_Milletich	Nonchim	76.31214920579397
16S_1211_Milletich	Nonchim	43.224343339873954
16S_1211_Milletich	Nonchim	43.16564381824992
16S_1211_Milletich	Nonchim	73.61867133123754
16S_1211_Milletich	Nonchim	55.26637648836289
16S_1211_Milletich	Nonchim	30.09091837777097
16S_1211_Milletich	Nonchim	78.40075907875442
16S_1211_Milletich	Nonchim	71.99240526783551
16S_1211_Milletich	Nonchim	65.55693532809019
16S_1211_Milletich	Nonchim	42.578614827564174
16S_1211_Milletich	Nonchim	70.4392669674924
16S_1211_Milletich	Nonchim	55.79329197771003
16S_1211_Milletich	Nonchim	76.39297079271135
16S_1211_Milletich	Nonchim	61.61648144043737
16S_1211_Milletich	Nonchim	56.30021159471603
16S_1211_Milletich	Nonchim	59.89167540252131
16S_1211_Milletich	Nonchim	76.32341477047082
16S_1211_Milletich	Nonchim	69.34412265758093
16S_1211_Milletich	Nonchim	77.21430088033058
16S_1211_Milletich	Nonchim	77.2190927957308
16S_1211_Milletich	Nonchim	34.90921727043697
16S_1211_Milletich	Nonchim	83.39119047124119
16S_1211_Milletich	Nonchim	42.98757162044987
16S_1211_Milletich	Nonchim	54.86853976027839
16S_1211_Milletich	Nonchim	73.3163913595934
16S_1211_Milletich	Nonchim	61.56352849471679
16S_1211_Milletich	Nonchim	77.5127352591282
16S_1211_Milletich	Nonchim	60.81229814337008
16S_1211_Milletich	Nonchim	56.19428421604614
16S_1211_Milletich	Nonchim	51.870462361482616
16S_1211_Milletich	Nonchim	59.466367374655746
16S_1211_Milletich	Nonchim	80.73325338358745
16S_1211_Milletich	Nonchim	65.76928758934963
16S_1211_Milletich	Nonchim	55.87385046182979
16S_1211_Milletich	Nonchim	59.94244748751495
16S_1211_Milletich	Nonchim	76.3097411381516
16S_1211_Milletich	Nonchim	50.39823240703544
16S_1211_Milletich	Nonchim	63.57628094415659
16S_1211_Milletich	Nonchim	68.0781000532198
16S_1211_Milletich	Nonchim	57.378344297412674
16S_1211_Milletich	Nonchim	67.92782006328572
16S_1211_Milletich	Nonchim	58.09279741030483
16S_1211_Milletich	Nonchim	54.3671177912423
16S_1211_Milletich	Nonchim	59.63854412676079
16S_1211_Milletich	Nonchim	51.217749947316136
16S_1211_Milletich	Nonchim	84.10833741230218
16S_1211_Milletich	Nonchim	66.98066756504613
16S_1211_Milletich	Nonchim	54.37219730941704
16S_1211_Milletich	Nonchim	65.34330006063294
16S_1211_Milletich	Nonchim	65.36415845461072
16S_1211_Milletich	Nonchim	41.26653325597091
16S_1211_Milletich	Nonchim	47.95176909020274
16S_1211_Milletich	Nonchim	32.822436684145934
16S_1211_Milletich	Nonchim	57.11642796266656
16S_1211_Milletich	Nonchim	30.599660453373918
16S_1211_Milletich	Nonchim	63.98890331719986
16S_1211_Milletich	Nonchim	50.84670996201446
16S_1211_Milletich	Nonchim	32.51237407094998
16S_1211_Milletich	Nonchim	41.25942657727104
16S_1211_Milletich	Nonchim	57.92648297201496
16S_1211_Milletich	Nonchim	43.02023638968481
16S_1211_Milletich	Nonchim	58.326377295492485
16S_1211_Milletich	Nonchim	37.86481244974221
16S_1211_Milletich	Nonchim	63.181555362821626
16S_1211_Milletich	Nonchim	42.39011034053088
16S_1211_Milletich	Nonchim	33.67079687591755
16S_1211_Milletich	Nonchim	52.03320706904061
16S_1211_Milletich	Nonchim	34.57985811261355
16S_1211_Milletich	Nonchim	60.69646421442829
16S_1211_Milletich	Nonchim	33.34611091694195
16S_1211_Milletich	Nonchim	68.25732858459315
16S_1211_Milletich	Nonchim	52.309640588566374
16S_1211_Milletich	Nonchim	75.55163283318623
16S_1211_Milletich	Nonchim	65.41810538958114
16S_1211_Milletich	Nonchim	40.49682005237561
16S_1211_Milletich	Nonchim	61.6863464973209
16S_1211_Milletich	Nonchim	66.15109050679591
16S_1211_Milletich	Nonchim	47.80658453878181
16S_1211_Milletich	Nonchim	40.616067894991424
16S_1211_Milletich	Nonchim	65.15409735126279
16S_1211_Milletich	Nonchim	66.0027126091489
16S_1211_Milletich	Nonchim	29.941484582173615
16S_1211_Milletich	Nonchim	37.51660672045624
16S_1211_Milletich	Nonchim	43.233328111128515
16S_1211_Milletich	Nonchim	47.23581059133243
16S_1211_Milletich	Nonchim	56.919045799443204
16S_1211_Milletich	Nonchim	30.878805284319355
16S_1211_Milletich	Nonchim	35.58317321450472
16S_1211_Milletich	Nonchim	29.62269235952028
16S_1211_Milletich	Nonchim	42.84850317508316
16S_1211_Milletich	Nonchim	64.60208034652106
16S_1211_Milletich	Nonchim	58.907384716535674
16S_1211_Milletich	Nonchim	63.67956163758044
16S_1211_Milletich	Nonchim	60.33425005288766
16S_1211_Milletich	Nonchim	61.69087623000201
16S_1211_Milletich	Nonchim	55.36829285028132
16S_1211_Milletich	Nonchim	40.59114773709045
16S_1211_Milletich	Nonchim	58.55306200076075
16S_1211_Milletich	Nonchim	52.55374186067255
16S_1211_Milletich	Nonchim	64.15327564894932
16S_1211_Milletich	Nonchim	61.526062939142136
16S_1211_Milletich	Nonchim	61.562766596100985
16S_1211_Milletich	Nonchim	56.41885299700211
16S_1211_Milletich	Nonchim	38.71616229820146
16S_1211_Milletich	Nonchim	59.32941432614849
16S_1211_Milletich	Nonchim	58.13834417080539
16S_1211_Milletich	Nonchim	63.97554196775987
16S_1211_Milletich	Nonchim	66.18733224928002
16S_1211_Milletich	Nonchim	51.343937806693496
16S_1211_Milletich	Nonchim	63.77383699744929
16S_1211_Milletich	Nonchim	58.967625084899254
16S_1211_Milletich	Nonchim	45.57535551713187
16S_1211_Milletich	Nonchim	50.590112136794495
16S_1211_Milletich	Nonchim	63.05683700550381
16S_1211_Milletich	Nonchim	60.211634695579654
16S_1211_Milletich	Nonchim	60.013517509398895
16S_1211_Milletich	Nonchim	49.95589444569036
16S_1211_Milletich	Nonchim	55.17910711134639
16S_1211_Milletich	Nonchim	51.57980866062437
16S_1211_Milletich	Nonchim	23.605159014948022
16S_1211_Milletich	Nonchim	52.57480548638082
16S_1211_Milletich	Nonchim	59.333021560690845
16S_1211_Milletich	Nonchim	30.405078792175566
16S_1211_Milletich	Nonchim	28.19436813186813
16S_1211_Milletich	Nonchim	49.54771814179517
16S_1211_Milletich	Nonchim	25.218918286115667
16S_1211_Milletich	Nonchim	26.2557040549538
16S_1211_Milletich	Nonchim	29.324167989453574
16S_1211_Milletich	Nonchim	51.659773383309634
16S_1211_Milletich	Nonchim	59.49089913781306
16S_1211_Milletich	Nonchim	30.654476214455446
16S_1211_Milletich	Nonchim	46.81199666759234
16S_1211_Milletich	Nonchim	63.48930606145512
16S_1211_Milletich	Nonchim	30.03861466159787
16S_1211_Milletich	Nonchim	25.495681100799516
16S_1211_Milletich	Nonchim	28.41738498629413
16S_1211_Milletich	Nonchim	59.08586642999778
16S_1211_Milletich	Nonchim	57.361717612809315
16S_1211_Milletich	Nonchim	61.96959727354018
16S_1211_Milletich	Nonchim	25.055667149374816
16S_1211_Milletich	Nonchim	56.72003764524186
16S_1211_Milletich	Nonchim	61.24125906553151
16S_1211_Milletich	Nonchim	20.917341265146778
16S_1211_Milletich	Nonchim	51.409694599878655
16S_1211_Milletich	Nonchim	22.715935585316924
16S_1211_Milletich	Nonchim	55.70603674540683
16S_1211_Milletich	Nonchim	24.915336236090955
16S_1211_Milletich	Nonchim	58.81431303426188
16S_1211_Milletich	Nonchim	51.789717393701075
16S_1211_Milletich	Nonchim	62.506549303154145
16S_1211_Milletich	Nonchim	42.87759275489337
16S_1211_Milletich	Nonchim	58.196577446248355
16S_1211_Milletich	Nonchim	33.93723148620112
16S_1211_Milletich	Nonchim	42.204998231757635
16S_1211_Milletich	Nonchim	50.3157321720196
16S_1211_Milletich	Nonchim	20.734128487640756
16S_1211_Milletich	Nonchim	62.138795856375104
16S_1211_Milletich	Nonchim	52.10345368692849
16S_1211_Milletich	Nonchim	24.77213853976782
16S_1211_Milletich	Nonchim	60.64865330500201
16S_1211_Milletich	Nonchim	18.969461490976432
16S_1211_Milletich	Nonchim	49.700856298844556
16S_1211_Milletich	Nonchim	58.82196913181148
16S_1211_Milletich	Nonchim	51.59582099675227
16S_1211_Milletich	Nonchim	40.21779254337394
16S_1211_Milletich	Nonchim	43.9703418992092
16S_1211_Milletich	Nonchim	63.280946418548425
16S_1211_Milletich	Nonchim	57.244345828954025
16S_1211_Milletich	Nonchim	54.79718802600746
16S_1211_Milletich	Nonchim	49.644976365282105
16S_1211_Milletich	Nonchim	62.20915841584158
16S_1211_Milletich	Nonchim	57.72911060909104
16S_1211_Milletich	Nonchim	36.26551829762698
16S_1211_Milletich	Nonchim	21.785342434058304
16S_1211_Milletich	Nonchim	14.178817544586082
16S_1211_Milletich	Nonchim	63.48260113971629
16S_1211_Milletich	Nonchim	58.138435712306666
16S_1211_Milletich	Nonchim	57.99997301636557
16S_1211_Milletich	Nonchim	54.19304051665971
16S_1211_Milletich	Nonchim	60.9789391575663
16S_1211_Milletich	Nonchim	57.26738426995972
16S_1211_Milletich	Nonchim	44.88914552431822
16S_1211_Milletich	Nonchim	49.50178008757212
16S_1211_Milletich	Nonchim	70.60118603742764
16S_1211_Milletich	Nonchim	74.80312730156932
16S_1211_Milletich	Nonchim	53.65312729158842
16S_1211_Milletich	Nonchim	21.971612220955404
16S_1211_Milletich	Nonchim	61.110384039320046
16S_1211_Milletich	Nonchim	51.59840022065922
16S_1211_Milletich	Nonchim	60.653859476166375
16S_1211_Milletich	Nonchim	74.42581680865426
16S_1211_Milletich	Nonchim	65.38261691072272
16S_1211_Milletich	Nonchim	66.54781912136586
16S_1211_Milletich	Nonchim	54.79424392214018
16S_1211_Milletich	Nonchim	52.35083065517183
16S_1211_Milletich	Nonchim	74.1410285200988
16S_1211_Milletich	Nonchim	67.30710517533957
16S_1211_Milletich	Nonchim	72.35302046593131
16S_1211_Milletich	Nonchim	66.09242548537053
16S_1211_Milletich	Nonchim	70.93587881303175
16S_1211_Milletich	Nonchim	76.06558643465497
16S_1211_Milletich	Nonchim	49.476069102237325
16S_1211_Milletich	Nonchim	50.596511086291265
16S_1211_Milletich	Nonchim	71.21744443595814
16S_1211_Milletich	Nonchim	58.4163153697163
16S_1211_Milletich	Nonchim	54.41545207863432
16S_1211_Milletich	Nonchim	63.801070192005035
16S_1211_Milletich	Nonchim	60.89795811105563
16S_1211_Milletich	Nonchim	64.7641981045724
16S_1211_Milletich	Nonchim	34.06173678315001
16S_1211_Milletich	Nonchim	31.147435235834454
16S_1211_Milletich	Nonchim	64.68337527605156
16S_1211_Milletich	Nonchim	64.84126984126985
16S_1211_Milletich	Nonchim	60.015502159229314
16S_1211_Milletich	Nonchim	21.507066247570602
16S_1211_Milletich	Nonchim	53.6383326702913
16S_1211_Milletich	Nonchim	26.66394555408655
16S_1211_Milletich	Nonchim	59.453759358852686
16S_1211_Milletich	Nonchim	63.20155698820095
16S_1211_Milletich	Nonchim	72.7574128663083
16S_1211_Milletich	Nonchim	70.01571344730316
16S_1211_Milletich	Nonchim	39.71337054168303
16S_1211_Milletich	Nonchim	58.54745981461926
16S_1211_Milletich	Nonchim	55.391938122861816
16S_1211_Milletich	Nonchim	59.37381790671283
16S_1211_Milletich	Nonchim	66.27371422305077
16S_1211_Milletich	Nonchim	68.91813674912551
16S_1211_Milletich	Nonchim	73.16976652156707
16S_1211_Milletich	Nonchim	58.514291422649
16S_1211_Milletich	Nonchim	71.84563758389262
16S_1211_Milletich	Nonchim	51.40175540619125
16S_1211_Milletich	Nonchim	63.89305059352311
16S_1211_Milletich	Nonchim	54.61032701742271
16S_1211_Milletich	Nonchim	62.16033131649038
16S_1211_Milletich	Nonchim	66.21433635784354
16S_1211_Milletich	Nonchim	54.2136869017183
16S_1211_Milletich	Nonchim	48.06821935910142
16S_1211_Milletich	Nonchim	40.33069973664033
16S_1211_Milletich	Nonchim	62.812651394560184
16S_1211_Milletich	Nonchim	63.4418997303995
16S_1211_Milletich	Nonchim	48.78071309809717
16S_1211_Milletich	Nonchim	51.74062978338168
16S_1211_Milletich	Nonchim	64.16673348300192
16S_1211_Milletich	Nonchim	68.95888252583099
16S_1211_Milletich	Nonchim	70.41644840230488
16S_1211_Milletich	Nonchim	60.069161129890816
16S_1211_Milletich	Nonchim	50.12809875912875
16S_1211_Milletich	Nonchim	50.64896755162241
16S_1211_Milletich	Nonchim	60.561461275351625
16S_1211_Milletich	Nonchim	54.69952412121641
16S_1211_Milletich	Nonchim	56.18604497135477
16S_1211_Milletich	Nonchim	31.310573417301956
16S_1211_Milletich	Nonchim	19.162856000702007
16S_1211_Milletich	Nonchim	61.49728478360027
16S_1211_Milletich	Nonchim	55.76118347380209
16S_1211_Milletich	Nonchim	63.601846454397936
16S_1211_Milletich	Nonchim	62.98809569971693
16S_1211_Milletich	Nonchim	73.53947480968266
16S_1211_Milletich	Nonchim	52.404866317725286
16S_1211_Milletich	Nonchim	52.65083135391924
16S_1211_Milletich	Nonchim	46.98254663227973
16S_1211_Milletich	Nonchim	55.76644612265811
16S_1211_Milletich	Nonchim	56.62714024491605
16S_1211_Milletich	Nonchim	53.83683421423271
16S_1211_Milletich	Nonchim	58.12161917872986
16S_1211_Milletich	Nonchim	57.028400506661384
16S_1211_Milletich	Nonchim	66.34425690486628
16S_1211_Milletich	Nonchim	68.83697813121272
16S_1211_Milletich	Nonchim	58.55750402030391
16S_1211_Milletich	Nonchim	63.90867240560682
16S_1211_Milletich	Nonchim	61.63241293755036
16S_1211_Milletich	Nonchim	62.99600206695858
16S_1211_Milletich	Nonchim	44.77614326830828
16S_1211_Milletich	Nonchim	53.58303687968674
16S_1211_Milletich	Nonchim	50.60112410207087
16S_1211_Milletich	Nonchim	58.85676212156966
16S_1211_Milletich	Nonchim	66.8385026130425
16S_1211_Milletich	Nonchim	26.33430373605046
16S_1211_Milletich	Nonchim	63.06230529595016
16S_1211_Milletich	Nonchim	67.84026661905612
16S_1211_Milletich	Nonchim	51.969663227179375
16S_1211_Milletich	Nonchim	53.66949066040625
16S_1211_Milletich	Nonchim	33.93791496284571
16S_1211_Milletich	Nonchim	47.035385637036335
16S_1211_Milletich	Nonchim	61.595897274674314
16S_1211_Milletich	Nonchim	51.81377996507383
16S_1211_Milletich	Nonchim	26.800725234877206
16S_1211_Milletich	Nonchim	54.33195388708248
16S_1211_Milletich	Nonchim	65.51256281407035
16S_1211_Milletich	Nonchim	67.82712758723855
16S_1211_Milletich	Nonchim	59.08222443907141
16S_1211_Milletich	Nonchim	53.23618678465645
16S_1211_Milletich	Nonchim	54.38050724082446
16S_1211_Milletich	Nonchim	56.92144527201292
16S_1211_Milletich	Nonchim	47.652761313998994
16S_1211_Milletich	Nonchim	55.8881897758565
16S_1211_Milletich	Nonchim	25.52155196202881
16S_1211_Milletich	Nonchim	49.71973524578835
16S_1211_Milletich	Nonchim	61.847418939482615
16S_1211_Milletich	Nonchim	63.439123273786905
16S_1211_Milletich	Nonchim	55.77367673899818
16S_1211_Milletich	Nonchim	60.83687434468297
16S_1211_Milletich	Nonchim	48.54072191491836
16S_1211_Milletich	Nonchim	66.99219251062519
16S_1211_Milletich	Nonchim	24.584959789305366
16S_1211_Milletich	Nonchim	65.15057862023968
16S_1211_Milletich	Nonchim	58.332589644278656
16S_1211_Milletich	Nonchim	29.704686462231294
16S_1211_Milletich	Nonchim	53.25920995967584
16S_1211_Milletich	Nonchim	32.797227368555546
16S_1211_Milletich	Nonchim	60.50711096248796
16S_1211_Milletich	Nonchim	28.87613065737606
16S_1211_Milletich	Nonchim	50.47973271134085
16S_1211_Milletich	Nonchim	31.73273744541485
16S_1211_Milletich	Nonchim	64.17048237674369
16S_1211_Milletich	Nonchim	55.89666215051115
16S_1211_Milletich	Nonchim	49.13478759454201
16S_1211_Milletich	Nonchim	38.15361753506083
16S_1211_Milletich	Nonchim	52.56508422664625
16S_1211_Milletich	Nonchim	54.89892964562364
16S_1211_Milletich	Nonchim	59.55876226817522
16S_1211_Milletich	Nonchim	54.06272437023571
16S_1211_Milletich	Nonchim	62.46350645359557
16S_1211_Milletich	Nonchim	13.740384615384615
16S_1211_Milletich	Nonchim	53.98503708687782
16S_1211_Milletich	Nonchim	56.277112398655724
16S_1211_Milletich	Nonchim	25.657035906953336
16S_1211_Milletich	Nonchim	57.671003272408015
16S_1211_Milletich	Nonchim	65.46179600366793
16S_1211_Milletich	Nonchim	25.73376522341825
16S_1211_Milletich	Nonchim	57.628115579736786
16S_1211_Milletich	Nonchim	32.092671156181495
16S_1211_Milletich	Nonchim	60.981960200855504
16S_1211_Milletich	Nonchim	77.42489144466612
16S_1211_Milletich	Nonchim	63.386682772157634
16S_1211_Milletich	Nonchim	59.26922957456281
16S_1211_Milletich	Nonchim	53.80148793322446
16S_1211_Milletich	Nonchim	55.22255233505388
16S_1211_Milletich	Nonchim	67.91217512069308
16S_1211_Milletich	Nonchim	45.03458694442236
16S_1211_Milletich	Nonchim	56.64708293482717
16S_1211_Milletich	Nonchim	42.19716773550486
16S_1211_Milletich	Nonchim	63.62561061783772
16S_1211_Milletich	Nonchim	57.58376635011647
16S_1211_Milletich	Nonchim	65.4660635987662
16S_1211_Milletich	Nonchim	57.602981464570426
16S_1211_Milletich	Nonchim	64.32177717940087
16S_1211_Milletich	Nonchim	67.40580224542788
16S_1211_Milletich	Nonchim	35.47346051984712
16S_1211_Milletich	Nonchim	68.81516977562059
16S_1211_Milletich	Nonchim	53.94179823743976
16S_1211_Milletich	Nonchim	62.35980499240748
16S_1211_Milletich	Nonchim	69.08897554058845
16S_1211_Milletich	Nonchim	49.460413368385886
16S_1211_Milletich	Nonchim	59.562897077509525
16S_1211_Milletich	Nonchim	22.950819672131146
16S_1211_Milletich	Nonchim	66.61182707247967
16S_1211_Milletich	Nonchim	61.20788074501745
16S_1211_Milletich	Nonchim	59.51001689596911
16S_1211_Milletich	Nonchim	62.11200590475939
16S_1211_Milletich	Nonchim	63.23781717484876
16S_1211_Milletich	Nonchim	58.85487077534791
16S_1211_Milletich	Nonchim	65.23742375549288
16S_1211_Milletich	Nonchim	57.99829125444212
16S_1211_Milletich	Nonchim	63.87157234241943
16S_1211_Milletich	Nonchim	56.86814770408457
16S_1211_Milletich	Nonchim	65.6594037710509
16S_1211_Milletich	Nonchim	66.18076505369856
16S_1211_Milletich	Nonchim	59.25466233848896
16S_1211_Milletich	Nonchim	31.93062672447773
16S_1211_Milletich	Nonchim	61.869618696186954
16S_1211_Milletich	Nonchim	31.908661207642634
16S_1211_Milletich	Nonchim	60.26444484694802
16S_1211_Milletich	Nonchim	53.86255962750109
16S_1211_Milletich	Nonchim	50.63049293083684
16S_1211_Milletich	Nonchim	62.44251560834475
16S_1211_Milletich	Nonchim	61.91585868253506
16S_1211_Milletich	Nonchim	56.72728408948882
16S_1211_Milletich	Nonchim	50.83682771194166
16S_1211_Milletich	Nonchim	50.4562742752698
16S_1211_Milletich	Nonchim	30.616040836305153
16S_1211_Milletich	Nonchim	30.006574289471022
16S_1211_Milletich	Nonchim	32.117254312580634
16S_1211_Milletich	Nonchim	65.0777761888873
16S_1211_Milletich	Nonchim	57.30883873714946
16S_1211_Milletich	Nonchim	48.09594579478083
16S_1211_Milletich	Nonchim	57.61659627689464
16S_1211_Milletich	Nonchim	58.44840386043059
16S_1211_Milletich	Nonchim	60.862143430063966
16S_1211_Milletich	Nonchim	49.45059351940969
16S_1211_Milletich	Nonchim	60.16436631153381
16S_1211_Milletich	Nonchim	33.58429796429604
16S_1211_Milletich	Nonchim	55.61118916847618
16S_1211_Milletich	Nonchim	49.80735314902325
16S_1211_Milletich	Nonchim	75.57150399906133
16S_1211_Milletich	Nonchim	54.62720312419711
16S_1211_Milletich	Nonchim	60.138047442505346
16S_1211_Milletich	Nonchim	51.094478385499606
16S_1211_Milletich	Nonchim	61.353033923375754
16S_1211_Milletich	Nonchim	48.964507454701604
16S_1211_Milletich	Nonchim	54.62991734509974
16S_1211_Milletich	Nonchim	60.73152240241129
16S_1211_Milletich	Nonchim	52.866305061571815
16S_1211_Milletich	Nonchim	22.707854091357213
16S_1211_Milletich	Nonchim	54.60483687371942
16S_1211_Milletich	Nonchim	71.1120396740744
16S_1211_Milletich	Nonchim	59.76378915736325
16S_1211_Milletich	Nonchim	43.395788113507514
16S_1211_Milletich	Nonchim	62.16678371858683
16S_1211_Milletich	Nonchim	58.782341120321526
16S_1211_Milletich	Nonchim	59.79157205344552
16S_1211_Milletich	Nonchim	31.895339283973655
16S_1211_Milletich	Nonchim	39.061945331913385
16S_1211_Milletich	Nonchim	37.12032496523457
16S_1211_Milletich	Nonchim	49.3672100734612
16S_1211_Milletich	Nonchim	39.48680192630321
16S_1211_Milletich	Nonchim	76.3337177412321
16S_1211_Milletich	Nonchim	43.812722349068125
16S_1211_Milletich	Nonchim	39.119710453903174
16S_1211_Milletich	Nonchim	52.81069136062296
16S_1211_Milletich	Nonchim	64.50535130039373
16S_1211_Milletich	Nonchim	47.0294549228732
16S_1211_Milletich	Nonchim	38.42122632169494
16S_1211_Milletich	Nonchim	37.88381353547584
16S_1211_Milletich	Nonchim	30.452218498605653
16S_1211_Milletich	Nonchim	41.4291754756871
16S_1211_Milletich	Nonchim	66.34118821334027
16S_1211_Milletich	Nonchim	73.18862176303065
16S_1211_Milletich	Nonchim	37.11993416992389
16S_1211_Milletich	Nonchim	31.903112537536344
16S_1211_Milletich	Nonchim	59.87990835111005
16S_1211_Milletich	Nonchim	45.55301458987041
16S_1211_Milletich	Nonchim	44.33676137354018
16S_1211_Milletich	Nonchim	43.12185463245607
16S_1211_Milletich	Nonchim	28.190543510674722
16S_1211_Milletich	Nonchim	41.248215316382634
16S_1211_Milletich	Nonchim	35.4124716838661
16S_1211_Milletich	Nonchim	36.42398379240485
16S_1211_Milletich	Nonchim	69.18081765799823
16S_1211_Milletich	Nonchim	48.85894634620053
16S_1211_Milletich	Nonchim	52.85356803865735
16S_1211_Milletich	Nonchim	41.58783903773071
16S_1211_Milletich	Nonchim	34.117455837698465
16S_1211_Milletich	Nonchim	46.422500190292546
16S_1211_Milletich	Nonchim	47.252544870077685
16S_1211_Milletich	Nonchim	45.245528627367975
16S_1211_Milletich	Nonchim	37.736252654738806
16S_1211_Milletich	Nonchim	42.32965443975566
16S_1211_Milletich	Nonchim	30.107282066227096
16S_1211_Milletich	Nonchim	40.02247927691659
16S_1211_Milletich	Nonchim	58.17150449713818
16S_1211_Milletich	Nonchim	29.26179163286592
16S_1211_Milletich	Nonchim	39.906687980965835
16S_1211_Milletich	Nonchim	56.31909909169372
16S_1211_Milletich	Nonchim	57.08172996896083
16S_1211_Milletich	Nonchim	65.76148242967298
16S_1211_Milletich	Nonchim	59.50140080546314
16S_1211_Milletich	Nonchim	45.99803985625612
16S_1211_Milletich	Nonchim	47.35296665223041
16S_1211_Milletich	Nonchim	43.49171974522293
16S_1211_Milletich	Nonchim	64.37824487121327
16S_1211_Milletich	Nonchim	51.953786595693195
16S_1211_Milletich	Nonchim	55.2901720618256
16S_1211_Milletich	Nonchim	44.15305677588115
16S_1211_Milletich	Nonchim	47.218286896489694
16S_1211_Milletich	Nonchim	61.63407964200582
16S_1211_Milletich	Nonchim	59.22982372824538
16S_1211_Milletich	Nonchim	66.00459670155605
16S_1211_Milletich	Nonchim	65.86905571936191
16S_1211_Milletich	Nonchim	52.822650435585295
16S_1211_Milletich	Nonchim	67.02073683693678
16S_1211_Milletich	Nonchim	64.88311937152712
16S_1211_Milletich	Nonchim	59.64188584883276
16S_1211_Milletich	Nonchim	31.263129052881546
16S_1211_Milletich	Nonchim	54.48167985969569
16S_1211_Milletich	Nonchim	59.94629646136019
16S_1211_Milletich	Nonchim	59.205265424124995
16S_1211_Milletich	Nonchim	57.905138339920946
16S_1211_Milletich	Nonchim	77.83769389521336
16S_1211_Milletich	Nonchim	53.32769566699063
16S_1211_Milletich	Nonchim	61.40775062372966
16S_1211_Milletich	Nonchim	71.15742687248483
16S_1211_Milletich	Nonchim	51.35900948083689
16S_1211_Milletich	Nonchim	73.44110487040366
16S_1211_Milletich	Nonchim	66.82149860169083
16S_1211_Milletich	Nonchim	66.9609944277754
16S_1211_Milletich	Nonchim	58.374316402407835
16S_1211_Milletich	Nonchim	54.776524346708555
16S_1211_Milletich	Nonchim	61.25412541254125
16S_1211_Milletich	Nonchim	68.54433909648634
16S_1211_Milletich	Nonchim	42.65473207848848
16S_1211_Milletich	Nonchim	60.17982450861208
16S_1211_Milletich	Nonchim	70.38695339564678
16S_1211_Milletich	Nonchim	71.02748138481616
16S_1211_Milletich	Nonchim	52.33550175962461
16S_1211_Milletich	Nonchim	48.21193712031064
16S_1211_Milletich	Nonchim	60.45239770785161
16S_1211_Milletich	Nonchim	57.41161677225903
16S_1211_Milletich	Nonchim	53.74344877584618
16S_1211_Milletich	Nonchim	65.7354961008888
16S_1211_Milletich	Nonchim	53.94678601288546
16S_1211_Milletich	Nonchim	58.42347363298115
16S_1211_Milletich	Nonchim	50.64261832459127
16S_1211_Milletich	Nonchim	50.947269532541185
16S_1211_Milletich	Nonchim	82.08487940630798
16S_1211_Milletich	Nonchim	62.36744966442953
16S_1211_Milletich	Nonchim	16.35978656729059
16S_1211_Milletich	Nonchim	27.35741770653207
16S_1211_Milletich	Nonchim	22.247991767398283
16S_1211_Milletich	Nonchim	46.66244812667393
16S_1211_Milletich	Nonchim	41.71924146833694
16S_1211_Milletich	Nonchim	57.523207339563285
16S_1211_Milletich	Nonchim	59.95828430848219
16S_1211_Milletich	Nonchim	39.99404980661871
16S_1211_Milletich	Nonchim	50.97733055748323
16S_1211_Milletich	Nonchim	71.9681310343023
16S_1211_Milletich	Nonchim	60.30072561566187
16S_1211_Milletich	Nonchim	49.66948870991763
16S_1211_Milletich	Nonchim	57.94240358196805
16S_1211_Milletich	Nonchim	29.72168306082837
16S_1211_Milletich	Nonchim	56.10613330250304
16S_1211_Milletich	Nonchim	36.01144911136257
16S_1211_Milletich	Nonchim	35.646326553295545
16S_1211_Milletich	Nonchim	59.65088038858531
16S_1211_Milletich	Nonchim	32.57032261819875
16S_1211_Milletich	Nonchim	49.790457769181174
16S_1211_Milletich	Nonchim	66.78635892315373
16S_1211_Milletich	Nonchim	40.46415536120102
16S_1211_Milletich	Nonchim	62.56179097474739
16S_1211_Milletich	Nonchim	26.60485766518673
16S_1211_Milletich	Nonchim	42.61875889703169
16S_1211_Milletich	Nonchim	57.926240857026976
16S_1211_Milletich	Nonchim	54.10087433120188
16S_1211_Milletich	Nonchim	60.11507707061163
16S_1211_Milletich	Nonchim	30.29472241261138
16S_1211_Milletich	Nonchim	63.95868586571311
16S_1211_Milletich	Nonchim	35.13328501248289
16S_1211_Milletich	Nonchim	71.28667041971602
16S_1211_Milletich	Nonchim	68.05477027458885
16S_1211_Milletich	Nonchim	71.3480950081626
16S_1211_Milletich	Nonchim	72.21727259663744
16S_1211_Milletich	Nonchim	55.05374303644768
16S_1211_Milletich	Nonchim	65.80451419161096
16S_1211_Milletich	Nonchim	45.011183653729894
16S_1211_Milletich	Nonchim	55.18572246103888
16S_1211_Milletich	Nonchim	34.13097435244702
16S_1211_Milletich	Nonchim	52.733216500404424
16S_1211_Milletich	Nonchim	63.16103059581321
16S_1211_Milletich	Nonchim	60.11973977811999
16S_1211_Milletich	Nonchim	58.83974111162379
16S_1211_Milletich	Nonchim	57.905600884179044
16S_1211_Milletich	Nonchim	58.92453472888861
16S_1211_Milletich	Nonchim	59.29379001377306
16S_1211_Milletich	Nonchim	71.93118578767124
16S_1211_Milletich	Nonchim	58.94993863775824
16S_1211_Milletich	Nonchim	65.70854775950798
16S_1211_Milletich	Nonchim	28.35915452398779
16S_1211_Milletich	Nonchim	68.87864921315709
16S_1211_Milletich	Nonchim	51.195372169747365
16S_1211_Milletich	Nonchim	54.80384444368437
16S_1211_Milletich	Nonchim	63.38685083864024
16S_136_Nobel	Nonchim	34.55507585297116
16S_136_Nobel	Nonchim	38.38658119511231
16S_136_Nobel	Nonchim	38.12525552871214
16S_136_Nobel	Nonchim	37.996397501245546
16S_136_Nobel	Nonchim	36.932914535904956
16S_136_Nobel	Nonchim	36.270660213679115
16S_136_Nobel	Nonchim	36.68655300666484
16S_136_Nobel	Nonchim	39.753706360593014
16S_136_Nobel	Nonchim	39.2346254550099
16S_136_Nobel	Nonchim	39.84510186994139
16S_136_Nobel	Nonchim	34.91373209989321
16S_136_Nobel	Nonchim	42.34955185659411
16S_136_Nobel	Nonchim	43.52169602684359
16S_136_Nobel	Nonchim	40.3512243383626
16S_136_Nobel	Nonchim	40.35644441164533
16S_136_Nobel	Nonchim	40.43416350984659
16S_136_Nobel	Nonchim	43.489467790665735
16S_136_Nobel	Nonchim	35.40797023279083
16S_136_Nobel	Nonchim	33.596108688359614
16S_136_Nobel	Nonchim	36.30879976005199
16S_136_Nobel	Nonchim	35.434136503555884
16S_136_Nobel	Nonchim	42.65468837731611
16S_136_Nobel	Nonchim	37.22365346593973
16S_136_Nobel	Nonchim	43.26600051684038
16S_136_Nobel	Nonchim	41.79278569970548
16S_136_Nobel	Nonchim	42.911335736669734
16S_136_Nobel	Nonchim	39.76094337891163
16S_136_Nobel	Nonchim	38.6117418099254
16S_136_Nobel	Nonchim	36.745039610436805
16S_136_Nobel	Nonchim	40.954209896249
16S_136_Nobel	Nonchim	39.579797506876574
16S_136_Nobel	Nonchim	41.16895220343496
16S_136_Nobel	Nonchim	42.80373028492844
16S_136_Nobel	Nonchim	39.058033573141486
16S_136_Nobel	Nonchim	40.95801731402743
16S_136_Nobel	Nonchim	28.04289325613635
16S_136_Nobel	Nonchim	32.578274438739555
16S_136_Nobel	Nonchim	31.667859087851184
16S_136_Nobel	Nonchim	24.692282992614793
16S_136_Nobel	Nonchim	33.36624322604708
16S_136_Nobel	Nonchim	37.058630109267504
16S_136_Nobel	Nonchim	39.9104991394148
16S_136_Nobel	Nonchim	38.94146948941469
16S_136_Nobel	Nonchim	36.83465345212176
16S_136_Nobel	Nonchim	32.23294960774277
16S_136_Nobel	Nonchim	37.55156687093859
16S_136_Nobel	Nonchim	35.08162315741538
16S_136_Nobel	Nonchim	37.53838694035881
16S_136_Nobel	Nonchim	36.005694661797946
16S_136_Nobel	Nonchim	36.29545016652445
16S_136_Nobel	Nonchim	34.50618583222246
16S_136_Nobel	Nonchim	39.445177524779815
16S_136_Nobel	Nonchim	35.953475384483205
16S_136_Nobel	Nonchim	33.066971569521705
16S_136_Nobel	Nonchim	35.12967233182452
16S_136_Nobel	Nonchim	40.637581018188044
16S_136_Nobel	Nonchim	37.698041026317526
16S_136_Nobel	Nonchim	35.85410220930052
16S_136_Nobel	Nonchim	37.63180935703681
16S_136_Nobel	Nonchim	38.05961484233749
16S_136_Nobel	Nonchim	37.15017854388858
16S_136_Nobel	Nonchim	33.464356586780646
16S_136_Nobel	Nonchim	30.61424712071662
16S_136_Nobel	Nonchim	38.09554134332839
16S_136_Nobel	Nonchim	37.6308030894444
16S_136_Nobel	Nonchim	33.4449238009861
16S_136_Nobel	Nonchim	35.54506413355706
16S_136_Nobel	Nonchim	35.74842991176994
16S_136_Nobel	Nonchim	32.98247255489022
16S_136_Nobel	Nonchim	35.47610760280443
16S_136_Nobel	Nonchim	22.331786542923435
16S_136_Nobel	Nonchim	26.61731850433331
16S_136_Nobel	Nonchim	30.524243657278593
16S_136_Nobel	Nonchim	31.005721231426953
16S_136_Nobel	Nonchim	37.645891188792504
16S_136_Nobel	Nonchim	35.75835399692998
16S_136_Nobel	Nonchim	36.83525183603313
16S_136_Nobel	Nonchim	29.21965003803934
16S_136_Nobel	Nonchim	30.069075300605476
16S_136_Nobel	Nonchim	36.741580851655996
16S_136_Nobel	Nonchim	34.42525509361688
16S_136_Nobel	Nonchim	23.466861764499544
16S_136_Nobel	Nonchim	41.45416910857014
16S_136_Nobel	Nonchim	43.30093993946152
16S_136_Nobel	Nonchim	34.70000526768626
16S_136_Nobel	Nonchim	33.17112602053189
16S_136_Nobel	Nonchim	32.59857875219762
16S_136_Nobel	Nonchim	37.09208466339995
16S_136_Nobel	Nonchim	32.55088710017278
16S_136_Nobel	Nonchim	33.8249050789633
16S_136_Nobel	Nonchim	40.286970224765696
16S_136_Nobel	Nonchim	39.59978936282254
16S_136_Nobel	Nonchim	41.86939436661967
16S_136_Nobel	Nonchim	38.07963500622149
16S_136_Nobel	Nonchim	39.70479183586991
16S_136_Nobel	Nonchim	43.20377370682692
16S_136_Nobel	Nonchim	40.32555565802822
16S_136_Nobel	Nonchim	37.751310994578255
16S_136_Nobel	Nonchim	33.116964174260396
16S_136_Nobel	Nonchim	39.6437125748503
16S_136_Nobel	Nonchim	40.103363600022846
16S_136_Nobel	Nonchim	33.833934154039454
16S_136_Nobel	Nonchim	30.233580170955193
16S_136_Nobel	Nonchim	37.44845068291022
16S_136_Nobel	Nonchim	38.3393919365499
16S_136_Nobel	Nonchim	36.89488042721152
16S_136_Nobel	Nonchim	41.01972209771403
16S_136_Nobel	Nonchim	39.79817952476733
16S_136_Nobel	Nonchim	38.67363834422658
16S_136_Nobel	Nonchim	37.58948137326515
16S_136_Nobel	Nonchim	39.46878700727458
16S_136_Nobel	Nonchim	37.61450996639507
16S_136_Nobel	Nonchim	37.78929118619466
16S_136_Nobel	Nonchim	36.4332020704005
16S_136_Nobel	Nonchim	35.21904652034725
16S_136_Nobel	Nonchim	39.66089803554724
16S_136_Nobel	Nonchim	36.230648728345
16S_136_Nobel	Nonchim	36.95874531196727
16S_136_Nobel	Nonchim	41.018829930806966
16S_136_Nobel	Nonchim	39.60574915689738
16S_136_Nobel	Nonchim	36.01398601398601
16S_136_Nobel	Nonchim	38.17960824645879
16S_136_Nobel	Nonchim	40.00964846044131
16S_136_Nobel	Nonchim	36.544660784349844
16S_136_Nobel	Nonchim	37.69819436802881
16S_136_Nobel	Nonchim	37.265169078263646
16S_136_Nobel	Nonchim	35.2063815608953
16S_136_Nobel	Nonchim	33.91426524364712
16S_136_Nobel	Nonchim	36.25975527507467
16S_136_Nobel	Nonchim	39.35441932272939
16S_136_Nobel	Nonchim	36.08440754497123
16S_136_Nobel	Nonchim	37.05502472329268
16S_136_Nobel	Nonchim	33.010229750125774
16S_136_Nobel	Nonchim	36.13203513042334
16S_136_Nobel	Nonchim	39.64630515203465
16S_136_Nobel	Nonchim	37.97526917900404
16S_179_Verdu	Nonchim	67.20532869968143
16S_179_Verdu	Nonchim	90.98513364510855
16S_179_Verdu	Nonchim	85.27236790539965
16S_179_Verdu	Nonchim	93.2205494763278
16S_179_Verdu	Nonchim	92.47097227037861
16S_179_Verdu	Nonchim	64.67446224916992
16S_179_Verdu	Nonchim	62.974585019745355
16S_179_Verdu	Nonchim	82.34440531596738
16S_179_Verdu	Nonchim	92.269957211393
16S_179_Verdu	Nonchim	77.09955143364499
16S_179_Verdu	Nonchim	74.26999494537114
16S_179_Verdu	Nonchim	88.72196380935871
16S_179_Verdu	Nonchim	91.26976895541816
16S_179_Verdu	Nonchim	95.52359934505589
16S_179_Verdu	Nonchim	91.83896592764815
16S_179_Verdu	Nonchim	91.5849123428369
16S_179_Verdu	Nonchim	96.47671498029817
16S_179_Verdu	Nonchim	95.70038910505836
16S_179_Verdu	Nonchim	95.88529825345302
16S_179_Verdu	Nonchim	94.98624722941757
16S_179_Verdu	Nonchim	91.67693544066434
16S_179_Verdu	Nonchim	93.93823811945528
16S_179_Verdu	Nonchim	93.9572276811518
16S_179_Verdu	Nonchim	92.61112062428141
16S_179_Verdu	Nonchim	92.31549414507568
16S_179_Verdu	Nonchim	97.38135082669523
16S_179_Verdu	Nonchim	87.69203726489717
16S_179_Verdu	Nonchim	90.42864019523336
16S_179_Verdu	Nonchim	93.67877547279338
16S_179_Verdu	Nonchim	94.22393404959794
16S_179_Verdu	Nonchim	92.60275225163443
16S_179_Verdu	Nonchim	92.05387387144226
16S_179_Verdu	Nonchim	85.86229580089902
16S_179_Verdu	Nonchim	96.05171614100185
16S_179_Verdu	Nonchim	85.51601558068297
16S_179_Verdu	Nonchim	75.40832603176743
16S_179_Verdu	Nonchim	85.32741351738069
16S_179_Verdu	Nonchim	94.51072193082382
16S_179_Verdu	Nonchim	66.2798315395414
16S_179_Verdu	Nonchim	81.88384859867091
16S_179_Verdu	Nonchim	92.25079382559697
16S_179_Verdu	Nonchim	91.34516960220253
16S_179_Verdu	Nonchim	30.56632079009876
16S_179_Verdu	Nonchim	49.8548129506848
16S_179_Verdu	Nonchim	58.21152482868042
16S_179_Verdu	Nonchim	93.39345457664922
16S_179_Verdu	Nonchim	61.88970341622346
16S_179_Verdu	Nonchim	77.77527139433245
16S_179_Verdu	Nonchim	93.4997263794047
16S_179_Verdu	Nonchim	85.74725262415002
16S_179_Verdu	Nonchim	75.68356936306355
16S_179_Verdu	Nonchim	86.08196564186123
16S_179_Verdu	Nonchim	72.5400142272808
16S_179_Verdu	Nonchim	88.60944171541004
16S_179_Verdu	Nonchim	90.16989948186111
16S_179_Verdu	Nonchim	86.91946266397578
16S_179_Verdu	Nonchim	87.7523767129821
16S_179_Verdu	Nonchim	79.84849478585951
16S_179_Verdu	Nonchim	87.58100954799558
16S_179_Verdu	Nonchim	83.25888727368839
16S_179_Verdu	Nonchim	81.64699703410776
16S_179_Verdu	Nonchim	79.91352612094241
16S_179_Verdu	Nonchim	84.62076137545391
16S_179_Verdu	Nonchim	53.505023033801415
16S_179_Verdu	Nonchim	44.82394366197183
16S_179_Verdu	Nonchim	71.20838471023427
16S_179_Verdu	Nonchim	92.97837333056638
16S_179_Verdu	Nonchim	44.22197967119176
16S_179_Verdu	Nonchim	42.41505061177192
16S_179_Verdu	Nonchim	55.510656436487636
16S_179_Verdu	Nonchim	43.139978213507625
16S_179_Verdu	Nonchim	58.05220943855327
16S_179_Verdu	Nonchim	49.561697886793986
16S_179_Verdu	Nonchim	87.5251381609159
16S_179_Verdu	Nonchim	79.06186267845004
16S_179_Verdu	Nonchim	41.45270373657313
16S_179_Verdu	Nonchim	82.70630564905241
16S_179_Verdu	Nonchim	90.46799539641394
16S_179_Verdu	Nonchim	82.36785414039512
16S_179_Verdu	Nonchim	73.42136244448012
16S_179_Verdu	Nonchim	96.7733900162742
16S_179_Verdu	Nonchim	61.05284158923787
16S_179_Verdu	Nonchim	86.83920594539373
16S_179_Verdu	Nonchim	70.08396711654285
16S_179_Verdu	Nonchim	96.70367720043397
16S_179_Verdu	Nonchim	89.69873062973953
16S_179_Verdu	Nonchim	97.09928132418459
16S_179_Verdu	Nonchim	61.47769910006489
16S_179_Verdu	Nonchim	91.39384839681867
16S_179_Verdu	Nonchim	63.82869494731154
16S_179_Verdu	Nonchim	84.59479456824512
16S_179_Verdu	Nonchim	97.10334962450828
16S_179_Verdu	Nonchim	67.6822434778076
16S_179_Verdu	Nonchim	84.06491421691582
16S_179_Verdu	Nonchim	88.16855205532728
16S_179_Verdu	Nonchim	92.01170854096247
16S_179_Verdu	Nonchim	94.6896671822661
16S_179_Verdu	Nonchim	86.1569529892453
16S_179_Verdu	Nonchim	90.04432378989351
16S_179_Verdu	Nonchim	88.31921746391507
16S_179_Verdu	Nonchim	93.79164220253746
16S_179_Verdu	Nonchim	83.6443893750484
16S_179_Verdu	Nonchim	92.56208671319352
16S_179_Verdu	Nonchim	91.93718598729038
16S_179_Verdu	Nonchim	85.51652482161138
16S_179_Verdu	Nonchim	95.87583148558758
16S_179_Verdu	Nonchim	94.13170472650026
16S_179_Verdu	Nonchim	86.47883253865048
16S_179_Verdu	Nonchim	97.13885464529866
16S_179_Verdu	Nonchim	58.56721467921746
16S_179_Verdu	Nonchim	88.55405090385064
16S_179_Verdu	Nonchim	78.26881321823863
16S_179_Verdu	Nonchim	95.46701890192706
16S_179_Verdu	Nonchim	97.1937817608331
16S_179_Verdu	Nonchim	95.88467225234105
16S_179_Verdu	Nonchim	90.97521061882539
16S_179_Verdu	Nonchim	87.09232889297198
16S_179_Verdu	Nonchim	97.20401591210457
16S_179_Verdu	Nonchim	95.22017149927748
16S_179_Verdu	Nonchim	82.49552682218696
16S_179_Verdu	Nonchim	76.2350977587029
16S_179_Verdu	Nonchim	93.8149430974765
16S_179_Verdu	Nonchim	75.82720931100086
16S_179_Verdu	Nonchim	23.703502579418952
16S_179_Verdu	Nonchim	77.81738481177292
16S_179_Verdu	Nonchim	21.700675974477228
16S_179_Verdu	Nonchim	93.0408374256914
16S_179_Verdu	Nonchim	75.77172889087213
16S_179_Verdu	Nonchim	68.15265463756982
16S_179_Verdu	Nonchim	85.83682524032537
16S_179_Verdu	Nonchim	72.50393955311326
16S_179_Verdu	Nonchim	92.54756218833248
16S_179_Verdu	Nonchim	73.16024594101258
16S_179_Verdu	Nonchim	96.4414683972679
16S_179_Verdu	Nonchim	15.607835008809204
16S_179_Verdu	Nonchim	86.28270532377009
16S_179_Verdu	Nonchim	92.1964834870972
16S_179_Verdu	Nonchim	92.77147920662281
16S_179_Verdu	Nonchim	93.618209747242
16S_179_Verdu	Nonchim	93.43859138533178
16S_179_Verdu	Nonchim	89.00397310266142
16S_179_Verdu	Nonchim	95.07336951556017
16S_179_Verdu	Nonchim	37.509582950015336
16S_179_Verdu	Nonchim	92.52008747421307
16S_179_Verdu	Nonchim	87.18354557506126
16S_179_Verdu	Nonchim	91.53922387827676
16S_179_Verdu	Nonchim	94.76777507997875
16S_179_Verdu	Nonchim	93.26631725493407
16S_179_Verdu	Nonchim	73.45745637704623
16S_179_Verdu	Nonchim	93.10058311200795
16S_179_Verdu	Nonchim	97.3205147271089
16S_179_Verdu	Nonchim	95.09764925818385
16S_179_Verdu	Nonchim	63.45136345136345
16S_179_Verdu	Nonchim	79.32888690324228
16S_179_Verdu	Nonchim	70.18957691094012
16S_179_Verdu	Nonchim	96.70388498011624
16S_179_Verdu	Nonchim	59.38355559480703
16S_179_Verdu	Nonchim	66.36113657195234
16S_179_Verdu	Nonchim	52.058242329693186
16S_179_Verdu	Nonchim	96.4556097756893
16S_179_Verdu	Nonchim	90.48274714916738
16S_179_Verdu	Nonchim	74.88784208165097
16S_179_Verdu	Nonchim	93.9837005581478
16S_179_Verdu	Nonchim	96.99802520351768
16S_179_Verdu	Nonchim	90.31865004609404
16S_179_Verdu	Nonchim	95.20044543429844
16S_179_Verdu	Nonchim	95.17365809652684
16S_179_Verdu	Nonchim	84.10346245285379
16S_179_Verdu	Nonchim	69.64105496871426
16S_179_Verdu	Nonchim	72.57230034491907
16S_179_Verdu	Nonchim	70.34257096826566
16S_179_Verdu	Nonchim	51.71591088639595
16S_179_Verdu	Nonchim	90.60755654502628
16S_179_Verdu	Nonchim	69.93147846534892
16S_179_Verdu	Nonchim	80.30069060181016
16S_179_Verdu	Nonchim	48.87926382873226
16S_179_Verdu	Nonchim	78.1377316335918
16S_179_Verdu	Nonchim	89.58927579617236
16S_179_Verdu	Nonchim	93.16394500530478
16S_20_Caminero	Nonchim	83.92714931572306
16S_20_Caminero	Nonchim	81.86032571960567
16S_20_Caminero	Nonchim	0.0
16S_20_Caminero	Nonchim	83.03051510502185
16S_20_Caminero	Nonchim	97.96499796499796
16S_20_Caminero	Nonchim	76.67784375959866
16S_20_Caminero	Nonchim	96.44266245814583
16S_20_Caminero	Nonchim	96.56694781233527
16S_20_Caminero	Nonchim	98.39778258518118
16S_20_Caminero	Nonchim	98.41520825097928
16S_20_Caminero	Nonchim	96.83599913929135
16S_20_Caminero	Nonchim	97.74563369758103
16S_20_Caminero	Nonchim	97.61582623322485
16S_20_Caminero	Nonchim	74.04641297848576
16S_20_Caminero	Nonchim	69.43741462743147
16S_20_Caminero	Nonchim	71.67564003955609
16S_20_Caminero	Nonchim	97.45377387086997
16S_20_Caminero	Nonchim	90.30219464552454
16S_20_Caminero	Nonchim	80.94872549844368
16S_20_Caminero	Nonchim	81.08039098344305
16S_20_Rawson	Nonchim	20.57599280009
16S_20_Rawson	Nonchim	19.343024566148298
16S_20_Rawson	Nonchim	14.783478633700156
16S_20_Rawson	Nonchim	24.378229003964915
16S_20_Rawson	Nonchim	18.802759566353856
16S_20_Rawson	Nonchim	17.45236327641673
16S_20_Rawson	Nonchim	28.115577889447234
16S_20_Rawson	Nonchim	17.301963180811246
16S_20_Rawson	Nonchim	16.871914501166387
16S_20_Rawson	Nonchim	29.90557939914163
16S_20_Rawson	Nonchim	27.62458266353407
16S_20_Rawson	Nonchim	28.79731672256828
16S_20_Rawson	Nonchim	19.117153918848885
16S_20_Rawson	Nonchim	17.189616252821672
16S_20_Rawson	Nonchim	20.214531988251817
16S_20_Rawson	Nonchim	17.326248077192
16S_20_Rawson	Nonchim	40.20681265206812
16S_20_Rawson	Nonchim	27.3625239569512
16S_20_Rawson	Nonchim	21.786424014224455
16S_20_Rawson	Nonchim	21.966074681238617
16S_227_Oscarsson	Nonchim	14.672531769305962
16S_227_Oscarsson	Nonchim	9.980820750121772
16S_227_Oscarsson	Nonchim	10.693217261361761
16S_227_Oscarsson	Nonchim	20.13249514718715
16S_227_Oscarsson	Nonchim	11.315296095164209
16S_227_Oscarsson	Nonchim	8.086481685554038
16S_227_Oscarsson	Nonchim	7.263343811776907
16S_227_Oscarsson	Nonchim	11.518067508246324
16S_227_Oscarsson	Nonchim	26.54149121394111
16S_227_Oscarsson	Nonchim	3.19772518883989
16S_227_Oscarsson	Nonchim	7.283334292455544
16S_227_Oscarsson	Nonchim	8.19211050982626
16S_227_Oscarsson	Nonchim	8.291359046896202
16S_227_Oscarsson	Nonchim	10.449092224596592
16S_227_Oscarsson	Nonchim	6.61604721170755
16S_227_Oscarsson	Nonchim	7.766943541591428
16S_227_Oscarsson	Nonchim	20.564394251641797
16S_227_Oscarsson	Nonchim	13.1937225109956
16S_227_Oscarsson	Nonchim	13.254374583581724
16S_227_Oscarsson	Nonchim	14.760003014090875
16S_227_Oscarsson	Nonchim	13.2308649250311
16S_227_Oscarsson	Nonchim	9.261880171875198
16S_227_Oscarsson	Nonchim	6.2419445489158685
16S_227_Oscarsson	Nonchim	10.460639016800515
16S_227_Oscarsson	Nonchim	12.732097806255618
16S_227_Oscarsson	Nonchim	8.538644864975772
16S_227_Oscarsson	Nonchim	6.335895277578923
16S_227_Oscarsson	Nonchim	11.381924306986544
16S_227_Oscarsson	Nonchim	9.902930744819862
16S_227_Oscarsson	Nonchim	18.57897827363476
16S_227_Oscarsson	Nonchim	14.946472504820798
16S_227_Oscarsson	Nonchim	13.154863704582736
16S_227_Oscarsson	Nonchim	17.99916591026176
16S_227_Oscarsson	Nonchim	14.889366776399605
16S_227_Oscarsson	Nonchim	8.396234836687528
16S_227_Oscarsson	Nonchim	9.908365298926732
16S_227_Oscarsson	Nonchim	11.142844442468828
16S_227_Oscarsson	Nonchim	7.477647709466311
16S_227_Oscarsson	Nonchim	8.750672924549045
16S_227_Oscarsson	Nonchim	6.806756093188568
16S_227_Oscarsson	Nonchim	3.3324559896110904
16S_227_Oscarsson	Nonchim	7.207431712145755
16S_227_Oscarsson	Nonchim	6.952132675134505
16S_227_Oscarsson	Nonchim	5.657470777769938
16S_227_Oscarsson	Nonchim	14.260222800346876
16S_227_Oscarsson	Nonchim	12.134939307745432
16S_227_Oscarsson	Nonchim	9.5531204283861
16S_227_Oscarsson	Nonchim	8.86344874471908
16S_227_Oscarsson	Nonchim	9.616496919401483
16S_227_Oscarsson	Nonchim	7.1080299565653995
16S_227_Oscarsson	Nonchim	7.419286151553059
16S_227_Oscarsson	Nonchim	7.644554806669032
16S_227_Oscarsson	Nonchim	5.338757669115517
16S_227_Oscarsson	Nonchim	13.466195018213211
16S_227_Oscarsson	Nonchim	8.258907438381671
16S_227_Oscarsson	Nonchim	10.392591927560954
16S_227_Oscarsson	Nonchim	9.717045268068548
16S_227_Oscarsson	Nonchim	17.62964303722187
16S_227_Oscarsson	Nonchim	10.33482880755608
16S_227_Oscarsson	Nonchim	15.349179622867057
16S_227_Oscarsson	Nonchim	12.800438941865606
16S_227_Oscarsson	Nonchim	12.461609827884061
16S_227_Oscarsson	Nonchim	16.081733679495287
16S_227_Oscarsson	Nonchim	8.64126428308146
16S_227_Oscarsson	Nonchim	25.95411150857846
16S_227_Oscarsson	Nonchim	5.667163208704025
16S_227_Oscarsson	Nonchim	10.820282822341493
16S_227_Oscarsson	Nonchim	17.01068056663543
16S_227_Oscarsson	Nonchim	15.706340943142283
16S_227_Oscarsson	Nonchim	16.279886129758218
16S_227_Oscarsson	Nonchim	12.913623626094406
16S_227_Oscarsson	Nonchim	18.29241955222806
16S_227_Oscarsson	Nonchim	24.002390527534644
16S_227_Oscarsson	Nonchim	13.023807461403662
16S_227_Oscarsson	Nonchim	13.234410423096884
16S_227_Oscarsson	Nonchim	20.12976503994468
16S_227_Oscarsson	Nonchim	14.624311447670024
16S_227_Oscarsson	Nonchim	11.326012949736333
16S_227_Oscarsson	Nonchim	15.649850042145019
16S_227_Oscarsson	Nonchim	10.714377472894506
16S_227_Oscarsson	Nonchim	21.093537903056912
16S_227_Oscarsson	Nonchim	11.219346113470213
16S_227_Oscarsson	Nonchim	21.580511421629286
16S_227_Oscarsson	Nonchim	31.664072788219798
16S_227_Oscarsson	Nonchim	21.171246401870537
16S_227_Oscarsson	Nonchim	16.27491352330753
16S_227_Oscarsson	Nonchim	25.373708729997972
16S_227_Oscarsson	Nonchim	16.41414548443771
16S_227_Oscarsson	Nonchim	18.152017093704913
16S_227_Oscarsson	Nonchim	15.363570684855826
16S_227_Oscarsson	Nonchim	15.058532010235865
16S_227_Oscarsson	Nonchim	11.039192483711382
16S_227_Oscarsson	Nonchim	10.024928774928775
16S_227_Oscarsson	Nonchim	6.799715430411503
16S_227_Oscarsson	Nonchim	8.494314428851606
16S_227_Oscarsson	Nonchim	10.971060065021584
16S_227_Oscarsson	Nonchim	5.790271462036654
16S_227_Oscarsson	Nonchim	15.041285084643382
16S_227_Oscarsson	Nonchim	5.346503606146127
16S_227_Oscarsson	Nonchim	12.786647778712709
16S_227_Oscarsson	Nonchim	19.315043042051155
16S_227_Oscarsson	Nonchim	11.942260738912292
16S_227_Oscarsson	Nonchim	12.492394102504095
16S_227_Oscarsson	Nonchim	13.552203247106664
16S_227_Oscarsson	Nonchim	12.09941535708391
16S_227_Oscarsson	Nonchim	12.26790045451766
16S_227_Oscarsson	Nonchim	10.219021830294025
16S_227_Oscarsson	Nonchim	13.876911406555676
16S_227_Oscarsson	Nonchim	23.89239739634649
16S_227_Oscarsson	Nonchim	20.135872591602627
16S_227_Oscarsson	Nonchim	14.922893497253876
16S_227_Oscarsson	Nonchim	15.268593320563003
16S_227_Oscarsson	Nonchim	9.4845944840175
16S_227_Oscarsson	Nonchim	12.153614329618687
16S_227_Oscarsson	Nonchim	13.062028224483099
16S_227_Oscarsson	Nonchim	7.213487633153047
16S_227_Oscarsson	Nonchim	17.978324263924346
16S_227_Oscarsson	Nonchim	8.952092428119824
16S_227_Oscarsson	Nonchim	16.02306411661997
16S_227_Oscarsson	Nonchim	12.59167097458184
16S_227_Oscarsson	Nonchim	17.356166708421895
16S_227_Oscarsson	Nonchim	19.29528233279377
16S_227_Oscarsson	Nonchim	15.644920122766978
16S_227_Oscarsson	Nonchim	10.883970992748187
16S_227_Oscarsson	Nonchim	14.404669578350138
16S_227_Oscarsson	Nonchim	17.877115731192987
16S_227_Oscarsson	Nonchim	15.448310021427572
16S_227_Oscarsson	Nonchim	11.23771396309698
16S_227_Oscarsson	Nonchim	10.724845939149418
16S_227_Oscarsson	Nonchim	14.223807159301224
16S_227_Oscarsson	Nonchim	14.272248976024404
16S_227_Oscarsson	Nonchim	8.86553659374642
16S_227_Oscarsson	Nonchim	22.6135897084987
16S_227_Oscarsson	Nonchim	17.804302478233904
16S_227_Oscarsson	Nonchim	14.767463279187332
16S_227_Oscarsson	Nonchim	11.689572013830375
16S_227_Oscarsson	Nonchim	7.159217274402084
16S_227_Oscarsson	Nonchim	25.530084391155743
16S_227_Oscarsson	Nonchim	16.39906243080846
16S_227_Oscarsson	Nonchim	15.296052631578947
16S_227_Oscarsson	Nonchim	15.064575176691921
16S_227_Oscarsson	Nonchim	16.419272972923626
16S_227_Oscarsson	Nonchim	12.044325171098755
16S_227_Oscarsson	Nonchim	19.74405329613233
16S_227_Oscarsson	Nonchim	12.915592170165633
16S_227_Oscarsson	Nonchim	17.991760193209263
16S_227_Oscarsson	Nonchim	27.69879988997785
16S_227_Oscarsson	Nonchim	13.806461609979081
16S_227_Oscarsson	Nonchim	23.000313185092388
16S_227_Oscarsson	Nonchim	19.384085460228825
16S_227_Oscarsson	Nonchim	23.020222175894215
16S_227_Oscarsson	Nonchim	9.535872057261086
16S_227_Oscarsson	Nonchim	11.968691618888101
16S_227_Oscarsson	Nonchim	16.350755593276283
16S_227_Oscarsson	Nonchim	17.435498679057915
16S_227_Oscarsson	Nonchim	24.56397607209447
16S_227_Oscarsson	Nonchim	22.945238711346875
16S_227_Oscarsson	Nonchim	23.876640589642463
16S_227_Oscarsson	Nonchim	17.658415738812117
16S_227_Oscarsson	Nonchim	28.72579054979521
16S_227_Oscarsson	Nonchim	26.507121871397228
16S_227_Oscarsson	Nonchim	5.480778399630312
16S_227_Oscarsson	Nonchim	10.189659425652636
16S_227_Oscarsson	Nonchim	8.550455389913452
16S_227_Oscarsson	Nonchim	18.920780259999212
16S_227_Oscarsson	Nonchim	8.157097262967858
16S_227_Oscarsson	Nonchim	18.70296142202378
16S_227_Oscarsson	Nonchim	18.567936234027695
16S_227_Oscarsson	Nonchim	20.190878277933045
16S_227_Oscarsson	Nonchim	16.159114906977397
16S_227_Oscarsson	Nonchim	17.044502287778
16S_227_Oscarsson	Nonchim	18.89596758803928
16S_227_Oscarsson	Nonchim	24.53875295758852
16S_227_Oscarsson	Nonchim	7.29298390964985
16S_227_Oscarsson	Nonchim	20.555578317695744
16S_227_Oscarsson	Nonchim	14.681976238771371
16S_227_Oscarsson	Nonchim	17.32071904298194
16S_227_Oscarsson	Nonchim	19.550699890149332
16S_227_Oscarsson	Nonchim	16.307944475746556
16S_227_Oscarsson	Nonchim	13.79037243084531
16S_227_Oscarsson	Nonchim	13.579073974873406
16S_227_Oscarsson	Nonchim	15.314112831464675
16S_227_Oscarsson	Nonchim	10.748587570621469
16S_227_Oscarsson	Nonchim	20.665074605426177
16S_227_Oscarsson	Nonchim	13.561753116463468
16S_227_Oscarsson	Nonchim	14.840419745027644
16S_227_Oscarsson	Nonchim	15.607324771100902
16S_227_Oscarsson	Nonchim	15.127550084951903
16S_227_Oscarsson	Nonchim	11.81137288200033
16S_227_Oscarsson	Nonchim	18.61439063913968
16S_227_Oscarsson	Nonchim	12.946475332565205
16S_227_Oscarsson	Nonchim	12.452005246631424
16S_227_Oscarsson	Nonchim	23.985920890735624
16S_227_Oscarsson	Nonchim	23.04611837961808
16S_227_Oscarsson	Nonchim	20.420275389849426
16S_227_Oscarsson	Nonchim	17.04530821728813
16S_227_Oscarsson	Nonchim	22.146747769323696
16S_227_Oscarsson	Nonchim	14.5271875636413
16S_227_Oscarsson	Nonchim	16.27834421963783
16S_227_Oscarsson	Nonchim	15.716436972226989
16S_227_Oscarsson	Nonchim	10.467146499855549
16S_227_Oscarsson	Nonchim	17.12879171794686
16S_227_Oscarsson	Nonchim	12.482845736385753
16S_227_Oscarsson	Nonchim	6.44338287064025
16S_227_Oscarsson	Nonchim	8.944255664381709
16S_227_Oscarsson	Nonchim	7.259960374085063
16S_227_Oscarsson	Nonchim	14.061919904440606
16S_227_Oscarsson	Nonchim	15.579503205991701
16S_227_Oscarsson	Nonchim	14.407110964794963
16S_227_Oscarsson	Nonchim	9.694108975449339
16S_227_Oscarsson	Nonchim	14.187774023290235
16S_227_Oscarsson	Nonchim	22.656200275803542
16S_227_Oscarsson	Nonchim	12.505116295624012
16S_227_Oscarsson	Nonchim	11.75295873536398
16S_227_Oscarsson	Nonchim	11.881278538812785
16S_227_Oscarsson	Nonchim	10.26197851797443
16S_227_Oscarsson	Nonchim	8.562067466818228
16S_227_Oscarsson	Nonchim	22.234073608335393
16S_227_Oscarsson	Nonchim	25.04442416674671
16S_227_Oscarsson	Nonchim	7.9041367730117535
16S_227_Oscarsson	Nonchim	21.02501095300684
16S_227_Oscarsson	Nonchim	16.360413534532363
16S_227_Oscarsson	Nonchim	17.361808111222633
16S_227_Oscarsson	Nonchim	13.605304562823106
16S_227_Oscarsson	Nonchim	20.031997305490066
16S_227_Oscarsson	Nonchim	15.810269976936645
16S_227_Oscarsson	Nonchim	17.85137608095016
16S_24_Giacomin	Nonchim	45.99091593819186
16S_24_Giacomin	Nonchim	35.06609549301288
16S_24_Giacomin	Nonchim	42.30606771271978
16S_24_Giacomin	Nonchim	41.85922081185867
16S_24_Giacomin	Nonchim	32.417387137351994
16S_24_Giacomin	Nonchim	32.98189188804564
16S_24_Giacomin	Nonchim	25.129573048090865
16S_24_Giacomin	Nonchim	27.83360625802575
16S_24_Giacomin	Nonchim	21.88369995686782
16S_24_Giacomin	Nonchim	36.53744481569448
16S_24_Giacomin	Nonchim	26.93115105361835
16S_24_Giacomin	Nonchim	32.765919583303386
16S_24_Giacomin	Nonchim	37.85289473295849
16S_24_Giacomin	Nonchim	38.86964691515687
16S_24_Giacomin	Nonchim	32.8647871015281
16S_24_Giacomin	Nonchim	37.090688586443875
16S_24_Giacomin	Nonchim	34.37245292017697
16S_24_Giacomin	Nonchim	27.54778486756181
16S_24_Giacomin	Nonchim	30.80006875974608
16S_24_Giacomin	Nonchim	31.26984126984127
16S_24_Giacomin	Nonchim	25.400234073851376
16S_24_Giacomin	Nonchim	37.81549978907826
16S_24_Giacomin	Nonchim	40.47979956870664
16S_24_Giacomin	Nonchim	40.40274403752426
16S_25_Francavilla	Nonchim	50.90973956475205
16S_25_Francavilla	Nonchim	49.76783452933727
16S_25_Francavilla	Nonchim	49.23500611995104
16S_25_Francavilla	Nonchim	66.05448423630241
16S_25_Francavilla	Nonchim	56.17690058479532
16S_25_Francavilla	Nonchim	47.567240858265336
16S_25_Francavilla	Nonchim	53.005134400483236
16S_25_Francavilla	Nonchim	36.27372360331462
16S_25_Francavilla	Nonchim	50.46753246753247
16S_25_Francavilla	Nonchim	38.808777429467085
16S_25_Francavilla	Nonchim	43.35355763927192
16S_25_Francavilla	Nonchim	51.729278473464525
16S_25_Francavilla	Nonchim	48.31877151178184
16S_25_Francavilla	Nonchim	51.46183699870633
16S_25_Francavilla	Nonchim	42.575259296736654
16S_25_Francavilla	Nonchim	40.967448024517516
16S_25_Francavilla	Nonchim	39.43377903936655
16S_25_Francavilla	Nonchim	35.03649635036496
16S_25_Francavilla	Nonchim	42.92038609478192
16S_25_Francavilla	Nonchim	38.686784732433985
16S_25_Francavilla	Nonchim	42.575259296736654
16S_25_Francavilla	Nonchim	40.967448024517516
16S_25_Francavilla	Nonchim	39.43377903936655
16S_25_Francavilla	Nonchim	42.92038609478192
16S_25_Francavilla	Nonchim	38.686784732433985
16S_27_Federica	Nonchim	47.68208399787347
16S_27_Federica	Nonchim	34.86393310349886
16S_27_Federica	Nonchim	49.6830205177852
16S_27_Federica	Nonchim	50.26780626780627
16S_27_Federica	Nonchim	50.350545292677495
16S_27_Federica	Nonchim	50.324261404578465
16S_27_Federica	Nonchim	36.44673679910122
16S_27_Federica	Nonchim	48.14491011420141
16S_27_Federica	Nonchim	47.52017779857293
16S_27_Federica	Nonchim	44.79188675258821
16S_27_Federica	Nonchim	49.747779361772125
16S_27_Federica	Nonchim	44.50579477998681
16S_27_Federica	Nonchim	46.375698324022345
16S_27_Federica	Nonchim	38.4692694240433
16S_27_Federica	Nonchim	48.975398456155936
16S_27_Federica	Nonchim	50.16419544233257
16S_27_Federica	Nonchim	49.46154238758741
16S_27_Federica	Nonchim	51.35456772838643
16S_27_Federica	Nonchim	43.49020954998282
16S_27_Federica	Nonchim	47.37983731821543
16S_27_Federica	Nonchim	37.704730707701685
16S_27_Federica	Nonchim	40.2286088713347
16S_27_Federica	Nonchim	46.97156983930778
16S_27_Federica	Nonchim	30.083461556394838
16S_27_Federica	Nonchim	49.06383349298964
16S_27_Federica	Nonchim	50.966481158927735
16S_27_Federica	Nonchim	48.40259547278221
16S_27_Fornasaro	Nonchim	78.65244625021161
16S_27_Fornasaro	Nonchim	80.02733994739131
16S_27_Fornasaro	Nonchim	75.71857815068881
16S_27_Fornasaro	Nonchim	73.00829469760592
16S_27_Fornasaro	Nonchim	82.47222349229574
16S_27_Fornasaro	Nonchim	81.30820023703369
16S_27_Fornasaro	Nonchim	75.73201379283473
16S_27_Fornasaro	Nonchim	79.81492836835943
16S_27_Fornasaro	Nonchim	73.47206932064348
16S_27_Fornasaro	Nonchim	79.39420496248015
16S_27_Fornasaro	Nonchim	82.32977326757265
16S_27_Fornasaro	Nonchim	77.17186797006012
16S_27_Fornasaro	Nonchim	82.80306246832755
16S_27_Fornasaro	Nonchim	76.94605883139855
16S_27_Fornasaro	Nonchim	76.68476842589256
16S_27_Fornasaro	Nonchim	81.22515716178502
16S_27_Fornasaro	Nonchim	75.7635233963821
16S_27_Fornasaro	Nonchim	64.2002946635287
16S_27_Fornasaro	Nonchim	73.52449597827221
16S_27_Fornasaro	Nonchim	79.94176577999309
16S_27_Fornasaro	Nonchim	69.87598847969596
16S_27_Fornasaro	Nonchim	84.12014177356288
16S_27_Fornasaro	Nonchim	80.03906371749451
16S_27_Fornasaro	Nonchim	74.86577244872792
16S_27_Fornasaro	Nonchim	71.978052977517
16S_27_Fornasaro	Nonchim	74.29856687898089
16S_27_Fornasaro	Nonchim	62.35880536384174
16S_49_Turjeman	Nonchim	92.6317097415507
16S_49_Turjeman	Nonchim	93.84293965835074
16S_49_Turjeman	Nonchim	89.72996901283754
16S_49_Turjeman	Nonchim	90.16375425870974
16S_49_Turjeman	Nonchim	91.2948239493753
16S_49_Turjeman	Nonchim	94.24812438838752
16S_49_Turjeman	Nonchim	94.31386861313868
16S_49_Turjeman	Nonchim	93.46529158766128
16S_49_Turjeman	Nonchim	90.55860178204249
16S_49_Turjeman	Nonchim	96.23772478000255
16S_49_Turjeman	Nonchim	94.06091801238723
16S_49_Turjeman	Nonchim	92.91933191186924
16S_49_Turjeman	Nonchim	92.29593396514827
16S_49_Turjeman	Nonchim	91.88059978645374
16S_49_Turjeman	Nonchim	95.68137630354092
16S_49_Turjeman	Nonchim	93.74160623153371
16S_49_Turjeman	Nonchim	95.17653396013908
16S_49_Turjeman	Nonchim	92.42968915204061
16S_49_Turjeman	Nonchim	91.91196087149845
16S_49_Turjeman	Nonchim	92.4487840489118
16S_49_Turjeman	Nonchim	94.4371666510714
16S_49_Turjeman	Nonchim	93.88782693831881
16S_49_Turjeman	Nonchim	93.46089981813869
16S_49_Turjeman	Nonchim	94.11368664037704
16S_49_Turjeman	Nonchim	94.12360688956434
16S_49_Turjeman	Nonchim	95.28442370693935
16S_49_Turjeman	Nonchim	93.22692738088226
16S_49_Turjeman	Nonchim	93.63971556491968
16S_49_Turjeman	Nonchim	94.46216507998822
16S_49_Turjeman	Nonchim	93.35810678662233
16S_49_Turjeman	Nonchim	93.5053125299129
16S_49_Turjeman	Nonchim	91.46778605791907
16S_49_Turjeman	Nonchim	90.34982373222795
16S_49_Turjeman	Nonchim	94.57820185657754
16S_49_Turjeman	Nonchim	92.97242948616183
16S_49_Turjeman	Nonchim	93.90255163286035
16S_49_Turjeman	Nonchim	93.91819160387513
16S_49_Turjeman	Nonchim	92.20401904608183
16S_49_Turjeman	Nonchim	94.41375329815304
16S_49_Turjeman	Nonchim	95.20497026338148
16S_49_Turjeman	Nonchim	93.41321994588327
16S_49_Turjeman	Nonchim	91.52500371710363
16S_49_Turjeman	Nonchim	91.45136221003548
16S_49_Turjeman	Nonchim	94.17345626072041
16S_49_Turjeman	Nonchim	94.5745340901257
16S_49_Turjeman	Nonchim	92.92373954902457
16S_49_Turjeman	Nonchim	93.67888748419722
16S_49_Turjeman	Nonchim	94.39113393701851
16S_49_Turjeman	Nonchim	91.27938468204961
16S_50_Bibbo	Nonchim	49.62138969448969
16S_50_Bibbo	Nonchim	45.49548614714123
16S_50_Bibbo	Nonchim	52.50514052786136
16S_50_Bibbo	Nonchim	46.8876205390258
16S_50_Bibbo	Nonchim	46.180150125104255
16S_50_Bibbo	Nonchim	56.3907389787504
16S_50_Bibbo	Nonchim	55.10715799607722
16S_50_Bibbo	Nonchim	56.54154117387791
16S_50_Bibbo	Nonchim	51.54474944492568
16S_50_Bibbo	Nonchim	45.64156394107409
16S_50_Bibbo	Nonchim	53.857330380672764
16S_50_Bibbo	Nonchim	46.52662104998262
16S_50_Bibbo	Nonchim	45.348937640352396
16S_50_Bibbo	Nonchim	49.48664576361992
16S_50_Bibbo	Nonchim	44.00746277198485
16S_50_Bibbo	Nonchim	48.04904251902225
16S_50_Bibbo	Nonchim	47.41798880968805
16S_50_Bibbo	Nonchim	51.18721825154326
16S_50_Bibbo	Nonchim	51.29801147317811
16S_50_Bibbo	Nonchim	47.84700528365922
16S_50_Bibbo	Nonchim	52.879585981679135
16S_50_Bibbo	Nonchim	46.500495708863674
16S_50_Bibbo	Nonchim	46.06488844458581
16S_50_Bibbo	Nonchim	48.909908195089095
16S_50_Bibbo	Nonchim	49.39790683357275
16S_50_Bibbo	Nonchim	44.42489757181547
16S_50_Bibbo	Nonchim	55.65708279650098
16S_50_Bibbo	Nonchim	46.533313598206924
16S_50_Bibbo	Nonchim	60.52356277686059
16S_50_Bibbo	Nonchim	33.9197373896158
16S_50_Bibbo	Nonchim	51.30728287680124
16S_50_Bibbo	Nonchim	53.05209594353366
16S_50_Bibbo	Nonchim	48.03352838310466
16S_50_Bibbo	Nonchim	53.315837557995806
16S_50_Bibbo	Nonchim	57.975058864567885
16S_50_Bibbo	Nonchim	52.80807921261241
16S_50_Bibbo	Nonchim	50.70005898886152
16S_50_Bibbo	Nonchim	59.16942604856512
16S_50_Bibbo	Nonchim	46.202757401405066
16S_50_Bibbo	Nonchim	62.622720897615714
16S_50_Bibbo	Nonchim	49.304778177104815
16S_50_Bibbo	Nonchim	43.08355041986233
16S_50_Bibbo	Nonchim	36.65465774575399
16S_50_Bibbo	Nonchim	53.51954484358601
16S_50_Bibbo	Nonchim	55.49257759784075
16S_50_Bibbo	Nonchim	52.015422982366154
16S_50_Bibbo	Nonchim	47.12059083391858
16S_50_Bibbo	Nonchim	56.11463253469078
16S_50_Bibbo	Nonchim	57.91818721887465
16S_50_Bibbo	Nonchim	57.7502737594375
16S_56_Laffaldano	Nonchim	3.366933475040686
16S_56_Laffaldano	Nonchim	4.51188154987724
16S_56_Laffaldano	Nonchim	4.218467060227854
16S_56_Laffaldano	Nonchim	2.6153046641548654
16S_56_Laffaldano	Nonchim	4.631699515484012
16S_56_Laffaldano	Nonchim	2.90086303334397
16S_56_Laffaldano	Nonchim	3.966646550117066
16S_56_Laffaldano	Nonchim	3.9313678347180026
16S_56_Laffaldano	Nonchim	5.307832653655152
16S_56_Laffaldano	Nonchim	3.8002088664415146
16S_56_Laffaldano	Nonchim	4.251273242322876
16S_56_Laffaldano	Nonchim	1.8937732055975012
16S_56_Laffaldano	Nonchim	4.375494899622712
16S_56_Laffaldano	Nonchim	2.934134547673818
16S_56_Laffaldano	Nonchim	3.889330797164102
16S_56_Laffaldano	Nonchim	5.175356657608695
16S_56_Laffaldano	Nonchim	5.000263102504736
16S_56_Laffaldano	Nonchim	3.0126664136195576
16S_56_Laffaldano	Nonchim	2.687091076724837
16S_56_Laffaldano	Nonchim	7.794188971226836
16S_56_Laffaldano	Nonchim	5.843804095667636
16S_56_Laffaldano	Nonchim	8.813247112085461
16S_56_Laffaldano	Nonchim	6.183869522009392
16S_56_Laffaldano	Nonchim	13.12431597244576
16S_56_Laffaldano	Nonchim	8.708099626068377
16S_56_Laffaldano	Nonchim	7.986545189635478
16S_56_Laffaldano	Nonchim	12.120753384046727
16S_56_Laffaldano	Nonchim	6.774085410746679
16S_56_Laffaldano	Nonchim	5.34840635019248
16S_56_Laffaldano	Nonchim	6.654299240651389
16S_56_Laffaldano	Nonchim	4.581667045037808
16S_56_Laffaldano	Nonchim	4.437921760562886
16S_56_Laffaldano	Nonchim	4.732851455564479
16S_56_Laffaldano	Nonchim	3.7815590420993535
16S_56_Laffaldano	Nonchim	4.758080507634345
16S_56_Laffaldano	Nonchim	2.910139422562935
16S_56_Laffaldano	Nonchim	2.034103422960448
16S_56_Laffaldano	Nonchim	2.675901107659448
16S_56_Laffaldano	Nonchim	8.83630831864993
16S_56_Laffaldano	Nonchim	7.692178802776074
16S_56_Laffaldano	Nonchim	6.64644159314203
16S_56_Laffaldano	Nonchim	4.9468586881328225
16S_56_Laffaldano	Nonchim	9.570816214004944
16S_56_Laffaldano	Nonchim	9.255988348672183
16S_56_Laffaldano	Nonchim	3.4705530273521004
16S_56_Laffaldano	Nonchim	4.83670424403183
16S_56_Laffaldano	Nonchim	6.0726835894960205
16S_56_Laffaldano	Nonchim	5.754656521164156
16S_56_Laffaldano	Nonchim	3.9057639269363986
16S_56_Laffaldano	Nonchim	3.450128435438107
16S_56_Laffaldano	Nonchim	3.1412191875815667
16S_56_Laffaldano	Nonchim	6.192092792983945
16S_56_Laffaldano	Nonchim	4.561325233072721
16S_56_Laffaldano	Nonchim	5.885569983413774
16S_56_Laffaldano	Nonchim	8.728869054837379
16S_56_Laffaldano	Nonchim	6.528529829374534
16S_68_Girdhar	Nonchim	44.65302713987474
16S_68_Girdhar	Nonchim	36.637672465506895
16S_68_Girdhar	Nonchim	43.042554413369324
16S_68_Girdhar	Nonchim	42.53096356647721
16S_68_Girdhar	Nonchim	54.883255760280036
16S_68_Girdhar	Nonchim	47.97935103244838
16S_68_Girdhar	Nonchim	47.086828383586486
16S_68_Girdhar	Nonchim	51.47250147841513
16S_68_Girdhar	Nonchim	44.68127264492754
16S_68_Girdhar	Nonchim	54.66202193892678
16S_68_Girdhar	Nonchim	54.331683168316836
16S_68_Girdhar	Nonchim	61.86816295737457
16S_68_Girdhar	Nonchim	50.994851208656954
16S_68_Girdhar	Nonchim	50.094958563535904
16S_68_Girdhar	Nonchim	50.74042153098801
16S_68_Girdhar	Nonchim	47.87566607460035
16S_68_Girdhar	Nonchim	50.227701877152064
16S_68_Girdhar	Nonchim	48.652207591014715
16S_68_Girdhar	Nonchim	45.75802054938142
16S_68_Girdhar	Nonchim	46.17376172488434
16S_68_Girdhar	Nonchim	47.1856515932074
16S_68_Girdhar	Nonchim	49.36181768806011
16S_68_Girdhar	Nonchim	58.267090620031794
16S_68_Girdhar	Nonchim	48.06048286040489
16S_68_Girdhar	Nonchim	53.733861790213076
16S_68_Girdhar	Nonchim	52.40132037751639
16S_68_Girdhar	Nonchim	57.289999304057346
16S_68_Girdhar	Nonchim	60.31408666902822
16S_68_Girdhar	Nonchim	57.47483649519922
16S_68_Girdhar	Nonchim	60.232807727235205
16S_68_Girdhar	Nonchim	43.313105379857625
16S_68_Girdhar	Nonchim	36.695706528108765
16S_68_Girdhar	Nonchim	51.83892345828907
16S_68_Girdhar	Nonchim	44.36213605888696
16S_68_Girdhar	Nonchim	53.58144379456774
16S_68_Girdhar	Nonchim	59.805319610639216
16S_68_Girdhar	Nonchim	61.073919760310844
16S_68_Girdhar	Nonchim	60.34820798368755
16S_68_Girdhar	Nonchim	49.01018988194102
16S_68_Girdhar	Nonchim	49.10681568340051
16S_68_Girdhar	Nonchim	49.54215210008168
16S_68_Girdhar	Nonchim	41.26995363324249
16S_68_Girdhar	Nonchim	53.94509502783643
16S_68_Girdhar	Nonchim	42.03906124417296
16S_68_Girdhar	Nonchim	48.91287821195074
16S_68_Girdhar	Nonchim	51.09255462773139
16S_68_Girdhar	Nonchim	49.67919928140639
16S_68_Girdhar	Nonchim	53.61583354478559
16S_68_Girdhar	Nonchim	46.830560772739474
16S_68_Girdhar	Nonchim	50.597500683212836
16S_68_Girdhar	Nonchim	44.997076450811285
16S_68_Girdhar	Nonchim	67.02888390353337
16S_68_Girdhar	Nonchim	45.681165944516344
16S_68_Girdhar	Nonchim	48.74259170270703
16S_68_Girdhar	Nonchim	46.799788415763025
16S_68_Girdhar	Nonchim	48.744596707440444
16S_68_Girdhar	Nonchim	56.35495242788371
16S_68_Girdhar	Nonchim	48.04069628805341
16S_68_Girdhar	Nonchim	44.06170832230499
16S_68_Girdhar	Nonchim	48.03248310442555
16S_68_Girdhar	Nonchim	48.978183555390416
16S_68_Girdhar	Nonchim	53.41553287981859
16S_68_Girdhar	Nonchim	61.60975390291087
16S_68_Girdhar	Nonchim	50.62436855930491
16S_68_Girdhar	Nonchim	53.65948949470394
16S_68_Girdhar	Nonchim	52.85726903373962
16S_68_Girdhar	Nonchim	55.58494404883011
16S_68_Girdhar	Nonchim	58.113336757404554
16S_5_Senicar	Nonchim	8.597890978072867
16S_5_Senicar	Nonchim	26.28220155765674
16S_5_Senicar	Nonchim	25.198005280140805
16S_5_Senicar	Nonchim	9.737689829728485
16S_5_Senicar	Nonchim	24.713395164968833
16S_60_Shi	Nonchim	35.76211217772515
16S_60_Shi	Nonchim	34.65956903643051
16S_60_Shi	Nonchim	32.283290819703964
16S_60_Shi	Nonchim	30.078720067238496
16S_60_Shi	Nonchim	36.086122041967336
16S_60_Shi	Nonchim	41.437218846635304
16S_60_Shi	Nonchim	35.92372701662981
16S_60_Shi	Nonchim	36.12342503919777
16S_60_Shi	Nonchim	35.88664606483004
16S_60_Shi	Nonchim	38.95308358832443
16S_60_Shi	Nonchim	34.20343854793208
16S_60_Shi	Nonchim	37.59163897415083
16S_60_Shi	Nonchim	33.96486672887338
16S_60_Shi	Nonchim	27.344604028443715
16S_60_Shi	Nonchim	33.80852687046467
16S_60_Shi	Nonchim	34.89157408353212
16S_60_Shi	Nonchim	41.34538785038072
16S_60_Shi	Nonchim	33.80141732695275
16S_60_Shi	Nonchim	34.77653290372974
16S_60_Shi	Nonchim	39.88284786197348
16S_60_Shi	Nonchim	29.86098555615822
16S_60_Shi	Nonchim	28.872285044349955
16S_60_Shi	Nonchim	30.058197038544787
16S_60_Shi	Nonchim	35.448505736701286
16S_60_Shi	Nonchim	36.333036833380504
16S_60_Shi	Nonchim	38.51387201122768
16S_60_Shi	Nonchim	26.603220984422666
16S_60_Shi	Nonchim	37.67284584264235
16S_60_Shi	Nonchim	31.27943219161839
16S_60_Shi	Nonchim	36.11837655016911
16S_60_Shi	Nonchim	35.457173667114326
16S_60_Shi	Nonchim	39.173838698462475
16S_60_Shi	Nonchim	36.73242660921088
16S_60_Shi	Nonchim	30.49521052358406
16S_60_Shi	Nonchim	33.33925157060912
16S_60_Shi	Nonchim	40.82637923041261
16S_60_Shi	Nonchim	34.04483583290494
16S_60_Shi	Nonchim	32.53037667071689
16S_60_Shi	Nonchim	40.12368441733516
16S_60_Shi	Nonchim	34.387333049017414
16S_60_Shi	Nonchim	35.74543490290111
16S_60_Shi	Nonchim	32.89072899058445
16S_60_Shi	Nonchim	37.594485794549506
16S_60_Shi	Nonchim	37.994522469564636
16S_60_Shi	Nonchim	40.2844425683016
16S_60_Shi	Nonchim	37.49005861733777
16S_60_Shi	Nonchim	36.38889396625783
16S_60_Shi	Nonchim	32.442960489705065
16S_60_Shi	Nonchim	27.86693051056505
16S_60_Shi	Nonchim	31.013489437515908
16S_60_Shi	Nonchim	39.62951351135007
16S_60_Shi	Nonchim	38.710748152938415
16S_60_Shi	Nonchim	34.81094966685398
16S_60_Shi	Nonchim	26.871093635376624
16S_60_Shi	Nonchim	36.87293067889033
16S_60_Shi	Nonchim	35.10392149040572
16S_60_Shi	Nonchim	36.742680993274824
16S_60_Shi	Nonchim	32.57507864235921
16S_60_Shi	Nonchim	24.05298581393686
16S_60_Shi	Nonchim	30.566481638054626
16S_62_Tian	Nonchim	34.30031112996747
16S_62_Tian	Nonchim	43.21072038852415
16S_62_Tian	Nonchim	69.05172413793103
16S_62_Tian	Nonchim	72.36656439732288
16S_62_Tian	Nonchim	43.31454610864612
16S_62_Tian	Nonchim	62.48008766033462
16S_62_Tian	Nonchim	84.05929464662077
16S_62_Tian	Nonchim	60.06986027944112
16S_62_Tian	Nonchim	47.81901344290947
16S_62_Tian	Nonchim	16.161014024409376
16S_62_Tian	Nonchim	48.419270833333336
16S_62_Tian	Nonchim	43.64632862691009
16S_62_Tian	Nonchim	51.66774666621193
16S_62_Tian	Nonchim	61.380532336966986
16S_62_Tian	Nonchim	64.02815730070095
16S_62_Tian	Nonchim	74.56308552018847
16S_62_Tian	Nonchim	52.90509755052767
16S_62_Tian	Nonchim	67.87033564064969
16S_62_Tian	Nonchim	55.98288031235922
16S_62_Tian	Nonchim	58.16021255674805
16S_62_Tian	Nonchim	44.89497826105526
16S_62_Tian	Nonchim	67.84767707539984
16S_62_Tian	Nonchim	49.579400454466004
16S_62_Tian	Nonchim	62.08466090122895
16S_62_Tian	Nonchim	60.18294923618037
16S_62_Tian	Nonchim	60.4812030075188
16S_62_Tian	Nonchim	61.07505104666412
16S_62_Tian	Nonchim	64.2910582171853
16S_62_Tian	Nonchim	70.69167643610785
16S_62_Tian	Nonchim	60.24377856780091
16S_62_Tian	Nonchim	65.05896651062298
16S_62_Tian	Nonchim	73.64627970393455
16S_62_Tian	Nonchim	61.78376318129843
16S_62_Tian	Nonchim	64.7492320415879
16S_62_Tian	Nonchim	52.22267775565187
16S_62_Tian	Nonchim	51.11949655493594
16S_62_Tian	Nonchim	60.67781066322064
16S_62_Tian	Nonchim	43.58277486115566
16S_62_Tian	Nonchim	68.78537688509454
16S_62_Tian	Nonchim	63.18471124772389
16S_62_Tian	Nonchim	64.28050148681473
16S_62_Tian	Nonchim	67.98528661002972
16S_62_Tian	Nonchim	60.64906802914183
16S_62_Tian	Nonchim	42.63314481760433
16S_62_Tian	Nonchim	57.64569716775599
16S_62_Tian	Nonchim	66.75068574393951
16S_62_Tian	Nonchim	49.434188064272014
16S_62_Tian	Nonchim	46.92000398060875
16S_62_Tian	Nonchim	67.06655103745102
16S_62_Tian	Nonchim	62.59334142067664
16S_62_Tian	Nonchim	59.10130957597001
16S_62_Tian	Nonchim	48.08904571224676
16S_62_Tian	Nonchim	71.36129032258066
16S_62_Tian	Nonchim	55.038919744802094
16S_62_Tian	Nonchim	21.504463765111367
16S_62_Tian	Nonchim	67.54982573681183
16S_62_Tian	Nonchim	71.52141487321543
16S_62_Tian	Nonchim	52.29930996231709
16S_62_Tian	Nonchim	52.934684819768485
16S_62_Tian	Nonchim	24.648833073209683
16S_62_Tian	Nonchim	66.34453781512605
16S_62_Tian	Nonchim	47.11605678008417
16S_80_Garcia	Nonchim	71.89398122584207
16S_80_Garcia	Nonchim	74.48181392163224
16S_80_Garcia	Nonchim	62.79915093924596
16S_80_Garcia	Nonchim	61.61281635089201
16S_80_Garcia	Nonchim	85.42013439368719
16S_80_Garcia	Nonchim	70.02651794745618
16S_80_Garcia	Nonchim	67.60300462766314
16S_80_Garcia	Nonchim	83.50201891403677
16S_80_Garcia	Nonchim	69.31360320180909
16S_80_Garcia	Nonchim	73.74273086764363
16S_80_Garcia	Nonchim	68.67702341591557
16S_80_Garcia	Nonchim	69.33630475659865
16S_80_Garcia	Nonchim	73.55023466709092
16S_80_Garcia	Nonchim	76.1377691795376
16S_80_Garcia	Nonchim	74.55351000302704
16S_80_Garcia	Nonchim	77.92365804289396
16S_80_Garcia	Nonchim	73.56797791580401
16S_80_Garcia	Nonchim	68.25492545366542
16S_80_Garcia	Nonchim	73.89909638554218
16S_80_Garcia	Nonchim	76.84414547942082
16S_80_Garcia	Nonchim	78.61158298453617
16S_80_Garcia	Nonchim	83.41226382516896
16S_80_Garcia	Nonchim	75.06191402794975
16S_80_Garcia	Nonchim	73.97843737521629
16S_80_Garcia	Nonchim	76.14715737586884
16S_80_Garcia	Nonchim	74.87768347478782
16S_80_Garcia	Nonchim	64.26235837787618
16S_80_Garcia	Nonchim	65.52778401533864
16S_80_Garcia	Nonchim	70.21243044761324
16S_80_Garcia	Nonchim	70.79824675872975
16S_80_Garcia	Nonchim	73.63732580702063
16S_80_Garcia	Nonchim	64.13959325139932
16S_80_Garcia	Nonchim	70.01334128133072
16S_80_Garcia	Nonchim	63.07541532664751
16S_80_Garcia	Nonchim	72.943454616199
16S_80_Garcia	Nonchim	77.51044536717244
16S_80_Garcia	Nonchim	71.7718196829854
16S_80_Garcia	Nonchim	75.34047575812602
16S_80_Garcia	Nonchim	72.10141125859084
16S_80_Garcia	Nonchim	69.48505506030415
16S_80_Garcia	Nonchim	67.11281524231164
16S_80_Garcia	Nonchim	74.59964625460108
16S_80_Garcia	Nonchim	73.51634384539342
16S_80_Garcia	Nonchim	70.0629584705135
16S_80_Garcia	Nonchim	75.00582343349639
16S_80_Garcia	Nonchim	72.8442100771177
16S_80_Garcia	Nonchim	73.7979443105601
16S_80_Garcia	Nonchim	75.52968342381725
16S_80_Garcia	Nonchim	79.13938629013172
16S_80_Garcia	Nonchim	59.461349233086914
16S_80_Garcia	Nonchim	75.65602728256651
16S_80_Garcia	Nonchim	61.272197426146136
16S_80_Garcia	Nonchim	74.02764087399376
16S_80_Garcia	Nonchim	70.98912959679285
16S_80_Garcia	Nonchim	61.11270379418657
16S_80_Garcia	Nonchim	67.17058268565525
16S_80_Garcia	Nonchim	87.56216017491921
16S_80_Garcia	Nonchim	76.20700536446829
16S_80_Garcia	Nonchim	71.63011211343921
16S_80_Garcia	Nonchim	76.28650632516009
16S_80_Garcia	Nonchim	63.784644674697034
16S_80_Garcia	Nonchim	71.07963539108127
16S_80_Garcia	Nonchim	76.08439609427438
16S_80_Garcia	Nonchim	74.34220269536456
16S_80_Garcia	Nonchim	80.10722749582357
16S_80_Garcia	Nonchim	72.92616645939847
16S_80_Garcia	Nonchim	66.68811203965814
16S_80_Garcia	Nonchim	66.55587828222772
16S_80_Garcia	Nonchim	68.98520660464337
16S_80_Garcia	Nonchim	75.8770943105796
16S_80_Garcia	Nonchim	83.07409053393435
16S_80_Garcia	Nonchim	75.01762782846521
16S_80_Garcia	Nonchim	75.44361680710936
16S_80_Garcia	Nonchim	62.48603452625508
16S_80_Garcia	Nonchim	75.77405195934992
16S_80_Garcia	Nonchim	69.79869967491872
16S_80_Garcia	Nonchim	67.94850123957629
16S_80_Garcia	Nonchim	61.560870523146214
16S_80_Garcia	Nonchim	73.7951099094863
16S_80_Garcia	Nonchim	90.77540826542366
16S_96_Quagliariello	Nonchim	32.91526064841083
16S_96_Quagliariello	Nonchim	26.87242448702154
16S_96_Quagliariello	Nonchim	34.542431013875174
16S_96_Quagliariello	Nonchim	32.99841467072282
16S_96_Quagliariello	Nonchim	34.853922272294064
16S_96_Quagliariello	Nonchim	34.09467003691513
16S_96_Quagliariello	Nonchim	30.855845962369134
16S_96_Quagliariello	Nonchim	32.55102779386219
16S_96_Quagliariello	Nonchim	35.80018501387604
16S_96_Quagliariello	Nonchim	29.98277951399962
16S_96_Quagliariello	Nonchim	28.348701910915906
16S_96_Quagliariello	Nonchim	33.82996116901696
16S_96_Quagliariello	Nonchim	31.41542002301496
16S_96_Quagliariello	Nonchim	31.692393269364484
16S_96_Quagliariello	Nonchim	30.861506502625918
16S_96_Quagliariello	Nonchim	32.729203280609255
16S_96_Quagliariello	Nonchim	26.06468521055453
16S_96_Quagliariello	Nonchim	28.602069022899773
16S_96_Quagliariello	Nonchim	23.595757185637122
16S_96_Quagliariello	Nonchim	26.231320949955872
16S_96_Quagliariello	Nonchim	33.98168862374679
16S_96_Quagliariello	Nonchim	25.17992101517551
16S_96_Quagliariello	Nonchim	30.62412123105765
16S_96_Quagliariello	Nonchim	33.246012069046174
16S_96_Quagliariello	Nonchim	32.32513623845147
16S_96_Quagliariello	Nonchim	28.28600189122411
16S_96_Quagliariello	Nonchim	31.852439224763007
16S_96_Quagliariello	Nonchim	34.6217355756128
16S_96_Quagliariello	Nonchim	30.567849340931986
16S_96_Quagliariello	Nonchim	29.302087199335492
16S_96_Quagliariello	Nonchim	28.688450303609148
16S_96_Quagliariello	Nonchim	29.961076586239688
16S_96_Quagliariello	Nonchim	35.23162661093696
16S_96_Quagliariello	Nonchim	26.58793183745119
16S_96_Quagliariello	Nonchim	27.488291438358598
16S_96_Quagliariello	Nonchim	20.68367765653656
16S_96_Quagliariello	Nonchim	22.644665461121157
16S_96_Quagliariello	Nonchim	22.74525739461471
16S_96_Quagliariello	Nonchim	22.4969176674734
16S_96_Quagliariello	Nonchim	26.737853710624666
16S_96_Quagliariello	Nonchim	26.67538144161441
16S_96_Quagliariello	Nonchim	28.000409787081466
16S_96_Quagliariello	Nonchim	30.34855471267787
16S_96_Quagliariello	Nonchim	24.96818457730247
16S_96_Quagliariello	Nonchim	28.7596048298573
16S_96_Quagliariello	Nonchim	30.444027309423742
16S_96_Quagliariello	Nonchim	29.744797423943865
16S_96_Quagliariello	Nonchim	31.533019866988603
16S_96_Quagliariello	Nonchim	29.825185787765545
16S_96_Quagliariello	Nonchim	36.511833728266765
16S_96_Quagliariello	Nonchim	28.32551568239616
16S_96_Quagliariello	Nonchim	23.453346855983774
16S_96_Quagliariello	Nonchim	26.236351782965272
16S_96_Quagliariello	Nonchim	34.06330160479956
16S_96_Quagliariello	Nonchim	32.79520503591705
16S_96_Quagliariello	Nonchim	29.128579409702
16S_96_Quagliariello	Nonchim	30.557446638100195
16S_96_Quagliariello	Nonchim	36.56544543149664
16S_96_Quagliariello	Nonchim	32.126628294456225
16S_96_Quagliariello	Nonchim	36.43818065342729
16S_96_Quagliariello	Nonchim	25.3075761746282
16S_96_Quagliariello	Nonchim	36.217183770883054
16S_96_Quagliariello	Nonchim	29.33620399894621
16S_96_Quagliariello	Nonchim	33.6942883639736
16S_96_Quagliariello	Nonchim	31.188970642569856
16S_96_Quagliariello	Nonchim	32.922772351662395
16S_96_Quagliariello	Nonchim	30.056174874827725
16S_96_Quagliariello	Nonchim	29.82848511068907
16S_96_Quagliariello	Nonchim	31.719647131689516
16S_96_Quagliariello	Nonchim	34.7471333485392
16S_96_Quagliariello	Nonchim	28.734752207421018
16S_96_Quagliariello	Nonchim	24.791888035459486
16S_96_Quagliariello	Nonchim	29.36822967956973
16S_96_Quagliariello	Nonchim	32.479680183761815
16S_96_Quagliariello	Nonchim	36.822303685124446
16S_96_Quagliariello	Nonchim	10.583446404341927
16S_96_Quagliariello	Nonchim	28.7913368156686
16S_96_Quagliariello	Nonchim	20.259401652746476
16S_96_Quagliariello	Nonchim	29.282950791166755
16S_96_Quagliariello	Nonchim	35.940830695691496
16S_96_Quagliariello	Nonchim	39.6423658872077
16S_96_Quagliariello	Nonchim	25.171471750755636
16S_96_Quagliariello	Nonchim	27.893589184474486
16S_96_Quagliariello	Nonchim	25.402367636008584
16S_96_Quagliariello	Nonchim	21.336626110835656
16S_96_Quagliariello	Nonchim	33.81009595602153
16S_96_Quagliariello	Nonchim	27.760267729793288
16S_96_Quagliariello	Nonchim	27.672062860929657
16S_96_Quagliariello	Nonchim	30.063519933897954
16S_96_Quagliariello	Nonchim	28.91002833585444
16S_96_Quagliariello	Nonchim	24.739978162533145
16S_96_Quagliariello	Nonchim	26.486042379196363
16S_96_Quagliariello	Nonchim	34.403024441709164
16S_96_Quagliariello	Nonchim	30.57765443519375
16S_96_Quagliariello	Nonchim	29.773597518427085
16S_96_Quagliariello	Nonchim	0.0
16S_99_Lionetti	Nonchim	57.18185343156262
16S_99_Lionetti	Nonchim	56.808284733869854
16S_99_Lionetti	Nonchim	55.50851149094838
16S_99_Lionetti	Nonchim	53.5278854014858
16S_99_Lionetti	Nonchim	55.39028190961892
16S_99_Lionetti	Nonchim	55.44922749232123
16S_99_Lionetti	Nonchim	34.99066351300884
16S_99_Lionetti	Nonchim	58.45525852409157
16S_99_Lionetti	Nonchim	59.815298058593825
16S_99_Lionetti	Nonchim	54.17537134643028
16S_99_Lionetti	Nonchim	59.067478133626
16S_99_Lionetti	Nonchim	61.03354902236602
16S_99_Lionetti	Nonchim	60.32209827950705
16S_99_Lionetti	Nonchim	57.49926027439927
16S_99_Lionetti	Nonchim	55.91874214647034
16S_99_Lionetti	Nonchim	56.753374732133075
16S_99_Lionetti	Nonchim	55.376969272185676
16S_99_Lionetti	Nonchim	55.39247764170639
16S_99_Lionetti	Nonchim	59.61665677211433
16S_99_Lionetti	Nonchim	58.15496507065616
16S_99_Lionetti	Nonchim	59.12283508078002
16S_99_Lionetti	Nonchim	55.40163841165092
16S_99_Lionetti	Nonchim	45.59456044969977
16S_99_Lionetti	Nonchim	55.033970434522914
16S_99_Lionetti	Nonchim	51.20145029159754
16S_99_Lionetti	Nonchim	54.12619024718669
16S_99_Lionetti	Nonchim	53.21743642968345
16S_99_Lionetti	Nonchim	54.80222544013414
16S_99_Lionetti	Nonchim	53.38782951760416
16S_99_Lionetti	Nonchim	51.11449159327462
16S_99_Lionetti	Nonchim	52.92816661291065
16S_99_Lionetti	Nonchim	51.49996935711222
16S_99_Lionetti	Nonchim	38.708791627892786
16S_99_Lionetti	Nonchim	45.0082233964377
16S_99_Lionetti	Nonchim	47.61184913727286
16S_99_Lionetti	Nonchim	45.48606441007248
16S_99_Lionetti	Nonchim	50.846021081181036
16S_99_Lionetti	Nonchim	50.576388996633206
16S_99_Lionetti	Nonchim	54.042369217466494
16S_99_Lionetti	Nonchim	54.20136999679125
16S_99_Lionetti	Nonchim	50.14921747579554
16S_99_Lionetti	Nonchim	51.36095041642756
16S_99_Lionetti	Nonchim	50.06336168068767
16S_99_Lionetti	Nonchim	55.13593692058474
16S_99_Lionetti	Nonchim	54.13021043657737
16S_99_Lionetti	Nonchim	51.42386475647795
16S_99_Lionetti	Nonchim	62.943918632575226
16S_99_Lionetti	Nonchim	53.90307117774928
16S_99_Lionetti	Nonchim	53.76321877065433
16S_99_Lionetti	Nonchim	47.71339986435423
16S_99_Lionetti	Nonchim	55.11942592012412
16S_99_Lionetti	Nonchim	48.73298787085018
16S_99_Lionetti	Nonchim	52.50317082555471
16S_99_Lionetti	Nonchim	47.778130959949145
16S_99_Lionetti	Nonchim	46.44617515226423
16S_99_Lionetti	Nonchim	57.814142546779735
16S_99_Lionetti	Nonchim	57.50559284116331
16S_99_Lionetti	Nonchim	53.551647854801466
16S_99_Lionetti	Nonchim	53.32008079771714
16S_99_Lionetti	Nonchim	59.3327845833535
16S_99_Lionetti	Nonchim	57.81518635351104
16S_99_Lionetti	Nonchim	59.479513254291824
16S_99_Lionetti	Nonchim	58.10534848555706
16S_99_Lionetti	Nonchim	54.115626788780766
16S_99_Lionetti	Nonchim	58.379448647002086
16S_99_Lionetti	Nonchim	50.39185081738273
16S_99_Lionetti	Nonchim	55.85953579683988
16S_99_Lionetti	Nonchim	53.595915604861254
16S_99_Lionetti	Nonchim	48.79682179341657
16S_99_Lionetti	Nonchim	59.88797261552824
16S_99_Lionetti	Nonchim	62.761803336883204
16S_99_Lionetti	Nonchim	56.692116252583624
16S_99_Lionetti	Nonchim	50.6782184919453
16S_99_Lionetti	Nonchim	52.13327176301023
16S_99_Lionetti	Nonchim	58.25579194151995
16S_99_Lionetti	Nonchim	50.00682620482515
16S_99_Lionetti	Nonchim	56.80200991467979
16S_99_Lionetti	Nonchim	60.79357503744055
16S_99_Lionetti	Nonchim	55.111259829345826
16S_99_Lionetti	Nonchim	57.105709277935816
16S_99_Lionetti	Nonchim	54.05824705846211
16S_99_Lionetti	Nonchim	62.2456771941308
16S_99_Lionetti	Nonchim	50.30197372517278
16S_99_Lionetti	Nonchim	48.026608950283276
16S_99_Lionetti	Nonchim	51.87314362364665
16S_99_Lionetti	Nonchim	61.40418431523553
16S_99_Lionetti	Nonchim	53.10766009422439
16S_99_Lionetti	Nonchim	55.33825200454524
16S_99_Lionetti	Nonchim	51.19382329375773
16S_99_Lionetti	Nonchim	50.89963452347484
16S_99_Lionetti	Nonchim	50.83424528160463
16S_99_Lionetti	Nonchim	50.38607283854704
16S_99_Lionetti	Nonchim	51.137985427777366
16S_99_Lionetti	Nonchim	51.6811182416434
16S_99_Lionetti	Nonchim	52.64518090605047
16S_99_Lionetti	Nonchim	52.80367695338148
16S_99_Lionetti	Nonchim	54.01997780244173
16S_99_Lionetti	Nonchim	54.56503529974871
16S_99_Lionetti	Nonchim	58.01145879241957
16S_39_Olivares	Nonchim	68.8364841161567
16S_39_Olivares	Nonchim	68.8364841161567
16S_39_Olivares	Nonchim	78.10774200270917
16S_39_Olivares	Nonchim	82.91010910495316
16S_39_Olivares	Nonchim	78.77682850593874
16S_39_Olivares	Nonchim	72.78211984094337
16S_39_Olivares	Nonchim	65.52494663820706
16S_39_Olivares	Nonchim	74.33277027027026
16S_39_Olivares	Nonchim	73.24533299158443
16S_39_Olivares	Nonchim	74.61776483436476
16S_39_Olivares	Nonchim	72.83693588880044
16S_39_Olivares	Nonchim	80.32684963140598
16S_39_Olivares	Nonchim	71.53903984534422
16S_39_Olivares	Nonchim	76.49884000162807
16S_39_Olivares	Nonchim	73.76183138895003
16S_39_Olivares	Nonchim	70.11591044184664
16S_39_Olivares	Nonchim	72.08911643534258
16S_39_Olivares	Nonchim	76.06610895735564
16S_39_Olivares	Nonchim	75.64084703259961
16S_39_Olivares	Nonchim	72.13602045062719
16S_39_Olivares	Nonchim	38.65356376369593
16S_39_Olivares	Nonchim	49.879418452421966
16S_39_Olivares	Nonchim	83.11227349150009
16S_39_Olivares	Nonchim	80.79255685733978
16S_39_Olivares	Nonchim	70.36234902124114
16S_39_Olivares	Nonchim	53.19611206403659
16S_39_Olivares	Nonchim	79.92935536773054
16S_39_Olivares	Nonchim	75.5243586529623
16S_39_Olivares	Nonchim	73.31498006455288
16S_39_Olivares	Nonchim	77.40228707970644
16S_39_Olivares	Nonchim	80.13633618086115
16S_39_Olivares	Nonchim	80.25303579375675
16S_39_Olivares	Nonchim	82.28503967993703
16S_39_Olivares	Nonchim	71.88699815139593
16S_39_Olivares	Nonchim	76.55913978494624
16S_39_Olivares	Nonchim	66.99377692675922
16S_39_Olivares	Nonchim	72.7252903014774
16S_39_Olivares	Nonchim	75.43661441415996
16S_39_Olivares	Nonchim	69.51719059235053
